Time,CO2 (ppm)
0,1858.329773
0.1,1855.278015
0.2,1849.1745
0.3,2000.808716
0.4,1928.138733
0.5,1934.051514
0.6,1940.155029
0.7,1940.155029
0.8,1833.91571
0.9,1861.381531
1,1873.397827
1.1,1858.329773
1.2,1861.381531
1.3,2009.963989
1.4,1937.103271
1.5,1946.258545
1.6,1943.206787
1.7,1937.103271
1.8,1867.294312
1.9,1864.433289
2,1864.433289
2.1,1873.397827
2.2,1864.433289
2.3,2000.808716
2.4,1946.258545
2.5,1946.258545
2.6,1946.258545
2.7,1949.310303
2.8,1885.604858
2.9,1879.501343
3,1885.604858
3.1,1882.553101
3.2,1870.346069
3.3,2013.015747
3.4,1949.310303
3.5,1961.517334
3.6,1946.258545
3.7,1955.413818
3.8,1891.708374
3.9,1885.604858
4,1894.760132
4.1,1894.760132
4.2,1891.708374
4.3,2028.083801
4.4,1973.53363
4.5,1955.413818
4.6,1970.481873
4.7,1958.465576
4.8,1915.931702
4.9,1915.931702
5,1900.672913
5.1,1912.879944
5.2,1900.672913
5.3,2016.067505
5.4,1988.792419
5.5,1979.637146
5.6,1976.585388
5.7,1982.688904
5.8,1912.879944
5.9,1903.72467
6,1900.672913
6.1,1909.828186
6.2,1906.776428
6.3,2028.083801
6.4,1976.585388
6.5,1994.895935
6.6,1982.688904
6.7,1988.792419
6.8,1918.983459
6.9,1915.931702
7,1925.086975
7.1,1925.086975
7.2,1915.931702
7.3,2028.083801
7.4,2006.912231
7.5,2003.860474
7.6,1991.844177
7.7,2003.860474
7.8,1928.138733
7.9,1934.051514
8,1925.086975
8.1,1934.051514
8.2,1934.051514
8.3,2043.34259
8.4,2003.860474
8.5,2009.963989
8.6,2013.015747
8.7,2009.963989
8.8,1940.155029
8.9,1940.155029
9,1940.155029
9.1,1934.051514
9.2,1928.138733
9.3,2034.187317
9.4,2006.912231
9.5,2022.171021
9.6,2009.963989
9.7,2019.119263
9.8,1934.051514
9.9,1949.310303
10,1940.155029
10.1,1934.051514
10.2,1943.206787
10.3,2049.446106
10.4,2016.067505
10.5,2022.171021
10.6,2016.067505
10.7,2022.171021
10.8,1955.413818
10.9,1949.310303
11,1946.258545
11.1,1946.258545
11.2,1955.413818
11.3,2052.497864
11.4,2031.135559
11.5,2022.171021
11.6,2019.119263
11.7,2025.222778
11.8,1958.465576
11.9,1958.465576
12,1958.465576
12.1,1955.413818
12.2,1958.465576
12.3,2058.601379
12.4,2031.135559
12.5,2043.34259
12.6,2034.187317
12.7,2034.187317
12.8,1955.413818
12.9,1955.413818
13,1976.585388
13.1,1967.430115
13.2,1967.430115
13.3,2067.565918
13.4,2046.394348
13.5,2043.34259
13.6,2049.446106
13.7,2043.34259
13.8,1970.481873
13.9,1982.688904
14,1976.585388
14.1,1970.481873
14.2,1979.637146
14.3,2070.617676
14.4,2061.462402
14.5,2052.497864
14.6,2055.549622
14.7,2046.394348
14.8,1976.585388
14.9,1988.792419
15,1979.637146
15.1,1982.688904
15.2,1988.792419
15.3,2076.721191
15.4,2061.462402
15.5,2061.462402
15.6,2067.565918
15.7,2061.462402
15.8,1982.688904
15.9,1985.740662
16,1973.53363
16.1,1982.688904
16.2,1988.792419
16.3,2082.824707
16.4,2067.565918
16.5,2061.462402
16.6,2067.565918
16.7,2052.497864
16.8,1997.756958
16.9,2003.860474
17,1994.895935
17.1,1982.688904
17.2,1988.792419
17.3,2079.772949
17.4,2067.565918
17.5,2064.51416
17.6,2067.565918
17.7,2079.772949
17.8,1997.756958
17.9,2003.860474
18,1988.792419
18.1,1988.792419
18.2,2006.912231
18.3,2100.944519
18.4,2067.565918
18.5,2076.721191
18.6,2085.876465
18.7,2079.772949
18.8,2009.963989
18.9,1991.844177
19,2006.912231
19.1,2006.912231
19.2,1991.844177
19.3,2103.996277
19.4,2085.876465
19.5,2076.721191
19.6,2079.772949
19.7,2076.721191
19.8,2009.963989
19.9,2013.015747
20,2019.119263
20.1,2016.067505
20.2,2006.912231
20.3,2110.099792
20.4,2088.928223
20.5,2079.772949
20.6,2097.892761
20.7,2082.824707
20.8,2016.067505
20.9,2034.187317
21,2022.171021
21.1,2022.171021
21.2,2028.083801
21.3,2110.099792
21.4,2088.928223
21.5,2088.928223
21.6,2103.996277
21.7,2088.928223
21.8,2016.067505
21.9,2022.171021
22,2016.067505
22.1,2016.067505
22.2,2016.067505
22.3,2100.944519
22.4,2100.944519
22.5,2100.944519
22.6,2097.892761
22.7,2094.841003
22.8,2025.222778
22.9,2043.34259
23,2031.135559
23.1,2025.222778
23.2,2031.135559
23.3,2110.099792
23.4,2113.15155
23.5,2094.841003
23.6,2110.099792
23.7,2116.203308
23.8,2043.34259
23.9,2040.290833
24,2031.135559
24.1,2031.135559
24.2,2040.290833
24.3,2113.15155
24.4,2116.203308
24.5,2110.099792
24.6,2113.15155
24.7,2113.15155
24.8,2040.290833
24.9,2046.394348
25,2043.34259
25.1,2040.290833
25.2,2040.290833
25.3,2125.167847
25.4,2128.219604
25.5,2119.255066
25.6,2122.306824
25.7,2119.255066
25.8,2049.446106
25.9,2055.549622
26,2052.497864
26.1,2061.462402
26.2,2043.34259
26.3,2143.478394
26.4,2128.219604
26.5,2128.219604
26.6,2128.219604
26.7,2128.219604
26.8,2061.462402
26.9,2064.51416
27,2061.462402
27.1,2052.497864
27.2,2061.462402
27.3,2143.478394
27.4,2134.32312
27.5,2134.32312
27.6,2140.426636
27.7,2137.374878
27.8,2061.462402
27.9,2067.565918
28,2052.497864
28.1,2064.51416
28.2,2064.51416
28.3,2146.530151
28.4,2134.32312
28.5,2128.219604
28.6,2143.478394
28.7,2128.219604
28.8,2058.601379
28.9,2070.617676
29,2058.601379
29.1,2058.601379
29.2,2064.51416
29.3,2140.426636
29.4,2152.633667
29.5,2137.374878
29.6,2140.426636
29.7,2137.374878
29.8,2079.772949
29.9,2064.51416
30,2073.669434
30.1,2070.617676
30.2,2079.772949
30.3,2155.685425
30.4,2152.633667
30.5,2137.374878
30.6,2146.530151
30.7,2158.546448
30.8,2076.721191
30.9,2076.721191
31,2067.565918
31.1,2070.617676
31.2,2067.565918
31.3,2164.649963
31.4,2152.633667
31.5,2152.633667
31.6,2143.478394
31.7,2155.685425
31.8,2070.617676
31.9,2076.721191
32,2076.721191
32.1,2073.669434
32.2,2085.876465
32.3,2149.581909
32.4,2158.546448
32.5,2143.478394
32.6,2149.581909
32.7,2149.581909
32.8,2091.97998
32.9,2079.772949
33,2094.841003
33.1,2091.97998
33.2,2079.772949
33.3,2164.649963
33.4,2167.701721
33.5,2158.546448
33.6,2161.598206
33.7,2164.649963
33.8,2094.841003
33.9,2091.97998
34,2088.928223
34.1,2094.841003
34.2,2082.824707
34.3,2164.649963
34.4,2167.701721
34.5,2164.649963
34.6,2167.701721
34.7,2164.649963
34.8,2094.841003
34.9,2091.97998
35,2110.099792
35.1,2103.996277
35.2,2103.996277
35.3,2189.064026
35.4,2176.856995
35.5,2176.856995
35.6,2176.856995
35.7,2176.856995
35.8,2091.97998
35.9,2097.892761
36,2110.099792
36.1,2097.892761
36.2,2091.97998
36.3,2182.96051
36.4,2176.856995
36.5,2173.805237
36.6,2179.908752
36.7,2176.856995
36.8,2116.203308
36.9,2110.099792
37,2113.15155
37.1,2113.15155
37.2,2110.099792
37.3,2182.96051
37.4,2179.908752
37.5,2176.856995
37.6,2189.064026
37.7,2182.96051
37.8,2110.099792
37.9,2119.255066
38,2103.996277
38.1,2116.203308
38.2,2113.15155
38.3,2191.925049
38.4,2189.064026
38.5,2182.96051
38.6,2189.064026
38.7,2182.96051
38.8,2113.15155
38.9,2113.15155
39,2119.255066
39.1,2107.048035
39.2,2128.219604
39.3,2201.080322
39.4,2186.012268
39.5,2186.012268
39.6,2186.012268
39.7,2191.925049
39.8,2119.255066
39.9,2125.167847
40,2113.15155
40.1,2119.255066
40.2,2128.219604
40.3,2194.976807
40.4,2201.080322
40.5,2201.080322
40.6,2194.976807
40.7,2207.183838
40.8,2137.374878
40.9,2140.426636
41,2134.32312
41.1,2119.255066
41.2,2122.306824
41.3,2201.080322
41.4,2201.080322
41.5,2191.925049
41.6,2204.13208
41.7,2204.13208
41.8,2134.32312
41.9,2137.374878
42,2128.219604
42.1,2137.374878
42.2,2137.374878
42.3,2219.390869
42.4,2207.183838
42.5,2204.13208
42.6,2204.13208
42.7,2207.183838
42.8,2128.219604
42.9,2134.32312
43,2128.219604
43.1,2128.219604
43.2,2128.219604
43.3,2216.339111
43.4,2204.13208
43.5,2207.183838
43.6,2213.287354
43.7,2210.235596
43.8,2140.426636
43.9,2140.426636
44,2137.374878
44.1,2140.426636
44.2,2134.32312
44.3,2225.30365
44.4,2213.287354
44.5,2213.287354
44.6,2210.235596
44.7,2213.287354
44.8,2143.478394
44.9,2152.633667
45,2152.633667
45.1,2137.374878
45.2,2143.478394
45.3,2225.30365
45.4,2231.407166
45.5,2219.390869
45.6,2225.30365
45.7,2219.390869
45.8,2149.581909
45.9,2152.633667
46,2152.633667
46.1,2152.633667
46.2,2146.530151
46.3,2222.251892
46.4,2237.510681
46.5,2222.251892
46.6,2234.458923
46.7,2237.510681
46.8,2164.649963
46.9,2149.581909
47,2158.546448
47.1,2152.633667
47.2,2158.546448
47.3,2231.407166
47.4,2240.562439
47.5,2237.510681
47.6,2234.458923
47.7,2231.407166
47.8,2152.633667
47.9,2167.701721
48,2158.546448
48.1,2152.633667
48.2,2164.649963
48.3,2249.717712
48.4,2234.458923
48.5,2246.665955
48.6,2234.458923
48.7,2234.458923
48.8,2167.701721
48.9,2161.598206
49,2167.701721
49.1,2170.753479
49.2,2161.598206
49.3,2246.665955
49.4,2249.717712
49.5,2237.510681
49.6,2246.665955
49.7,2252.76947
49.8,2167.701721
49.9,2170.753479
50,2167.701721
50.1,2164.649963
50.2,2161.598206
50.3,2255.630493
50.4,2240.562439
50.5,2249.717712
50.6,2255.630493
50.7,2249.717712
50.8,2176.856995
50.9,2173.805237
51,2176.856995
51.1,2164.649963
51.2,2173.805237
51.3,2246.665955
51.4,2249.717712
51.5,2258.682251
51.6,2258.682251
51.7,2255.630493
51.8,2170.753479
51.9,2182.96051
52,2179.908752
52.1,2179.908752
52.2,2182.96051
52.3,2267.837524
52.4,2270.889282
52.5,2264.785767
52.6,2258.682251
52.7,2258.682251
52.8,2173.805237
52.9,2182.96051
53,2173.805237
53.1,2182.96051
53.2,2173.805237
53.3,2270.889282
53.4,2264.785767
53.5,2264.785767
53.6,2264.785767
53.7,2258.682251
53.8,2194.976807
53.9,2189.064026
54,2189.064026
54.1,2182.96051
54.2,2182.96051
54.3,2270.889282
54.4,2255.630493
54.5,2270.889282
54.6,2255.630493
54.7,2261.734009
54.8,2186.012268
54.9,2182.96051
55,2191.925049
55.1,2182.96051
55.2,2186.012268
55.3,2273.94104
55.4,2276.992798
55.5,2264.785767
55.6,2273.94104
55.7,2273.94104
55.8,2207.183838
55.9,2186.012268
56,2194.976807
56.1,2191.925049
56.2,2198.028564
56.3,2286.148071
56.4,2273.94104
56.5,2276.992798
56.6,2276.992798
56.7,2273.94104
56.8,2213.287354
56.9,2201.080322
57,2204.13208
57.1,2213.287354
57.2,2207.183838
57.3,2286.148071
57.4,2280.044556
57.5,2289.009094
57.6,2283.096313
57.7,2276.992798
57.8,2207.183838
57.9,2213.287354
58,2204.13208
58.1,2198.028564
58.2,2207.183838
58.3,2289.009094
58.4,2286.148071
58.5,2295.11261
58.6,2283.096313
58.7,2292.060852
58.8,2207.183838
58.9,2216.339111
59,2210.235596
59.1,2210.235596
59.2,2216.339111
59.3,2295.11261
59.4,2289.009094
59.5,2286.148071
59.6,2292.060852
59.7,2295.11261
59.8,2210.235596
59.9,2207.183838
60,2210.235596
60.1,2225.30365
60.2,2213.287354
60.3,2295.11261
60.4,2304.267883
60.5,2298.164368
60.6,2298.164368
60.7,2295.11261
60.8,2222.251892
60.9,2222.251892
61,2210.235596
61.1,2228.355408
61.2,2210.235596
61.3,2304.267883
61.4,2289.009094
61.5,2298.164368
61.6,2307.319641
61.7,2301.216125
61.8,2222.251892
61.9,2216.339111
62,2219.390869
62.1,2213.287354
62.2,2222.251892
62.3,2298.164368
62.4,2295.11261
62.5,2307.319641
62.6,2301.216125
62.7,2295.11261
62.8,2225.30365
62.9,2222.251892
63,2219.390869
63.1,2231.407166
63.2,2216.339111
63.3,2316.474915
63.4,2307.319641
63.5,2307.319641
63.6,2316.474915
63.7,2298.164368
63.8,2225.30365
63.9,2237.510681
64,2231.407166
64.1,2216.339111
64.2,2225.30365
64.3,2304.267883
64.4,2301.216125
64.5,2313.423157
64.6,2310.371399
64.7,2301.216125
64.8,2234.458923
64.9,2228.355408
65,2231.407166
65.1,2237.510681
65.2,2231.407166
65.3,2319.335938
65.4,2316.474915
65.5,2319.335938
65.6,2316.474915
65.7,2328.491211
65.8,2234.458923
65.9,2246.665955
66,2249.717712
66.1,2246.665955
66.2,2246.665955
66.3,2319.335938
66.4,2316.474915
66.5,2334.594727
66.6,2319.335938
66.7,2222.251892
66.8,2240.562439
66.9,2246.665955
67,2237.510681
67.1,2246.665955
67.2,2483.177185
67.3,2337.646484
67.4,2322.387695
67.5,2319.335938
67.6,2328.491211
67.7,2234.458923
67.8,2246.665955
67.9,2252.76947
68,2246.665955
68.1,2258.682251
68.2,2486.228943
68.3,2337.646484
68.4,2322.387695
68.5,2343.75
68.6,2334.594727
68.7,2240.562439
68.8,2249.717712
68.9,2249.717712
69,2246.665955
69.1,2252.76947
69.2,2480.316162
69.3,2334.594727
69.4,2334.594727
69.5,2337.646484
69.6,2337.646484
69.7,2240.562439
69.8,2267.837524
69.9,2252.76947
70,2252.76947
70.1,2258.682251
70.2,2498.435974
70.3,2340.698242
70.4,2337.646484
70.5,2331.542969
70.6,2331.542969
70.7,2255.630493
70.8,2270.889282
70.9,2255.630493
71,2258.682251
71.1,2258.682251
71.2,2489.280701
71.3,2334.594727
71.4,2346.801758
71.5,2337.646484
71.6,2346.801758
71.7,2240.562439
71.8,2258.682251
71.9,2267.837524
72,2261.734009
72.1,2255.630493
72.2,2477.264404
72.3,2337.646484
72.4,2337.646484
72.5,2343.75
72.6,2337.646484
72.7,2249.717712
72.8,2261.734009
72.9,2264.785767
73,2264.785767
73.1,2255.630493
73.2,2468.109131
73.3,2340.698242
73.4,2352.714539
73.5,2337.646484
73.6,2349.853516
73.7,2249.717712
73.8,2261.734009
73.9,2273.94104
74,2270.889282
74.1,2286.148071
74.2,2449.798584
74.3,2358.818054
74.4,2358.818054
74.5,2355.766296
74.6,2358.818054
74.7,2267.837524
74.8,2273.94104
74.9,2273.94104
75,2261.734009
75.1,2286.148071
75.2,2440.834045
75.3,2349.853516
75.4,2358.818054
75.5,2355.766296
75.6,2358.818054
75.7,2261.734009
75.8,2286.148071
75.9,2270.889282
76,2273.94104
76.1,2273.94104
76.2,2449.798584
76.3,2355.766296
76.4,2358.818054
76.5,2361.869812
76.6,2364.92157
76.7,2273.94104
76.8,2286.148071
76.9,2280.044556
77,2283.096313
77.1,2283.096313
77.2,2440.834045
77.3,2361.869812
77.4,2352.714539
77.5,2352.714539
77.6,2355.766296
77.7,2276.992798
77.8,2276.992798
77.9,2289.009094
78,2280.044556
78.1,2283.096313
78.2,2431.678772
78.3,2371.025085
78.4,2367.973328
78.5,2358.818054
78.6,2367.973328
78.7,2289.009094
78.8,2292.060852
78.9,2295.11261
79,2289.009094
79.1,2283.096313
79.2,2434.73053
79.3,2383.232117
79.4,2367.973328
79.5,2383.232117
79.6,2371.025085
79.7,2289.009094
79.8,2289.009094
79.9,2295.11261
80,2295.11261
80.1,2304.267883
80.2,2428.627014
80.3,2383.232117
80.4,2361.869812
80.5,2386.09314
80.6,2371.025085
80.7,2298.164368
80.8,2295.11261
80.9,2301.216125
81,2286.148071
81.1,2289.009094
81.2,2434.73053
81.3,2389.144897
81.4,2389.144897
81.5,2386.09314
81.6,2383.232117
81.7,2310.371399
81.8,2304.267883
81.9,2298.164368
82,2298.164368
82.1,2307.319641
82.2,2416.419983
82.3,2392.196655
82.4,2392.196655
82.5,2371.025085
82.6,2386.09314
82.7,2298.164368
82.8,2298.164368
82.9,2295.11261
83,2307.319641
83.1,2307.319641
83.2,2431.678772
83.3,2380.180359
83.4,2395.248413
83.5,2392.196655
83.6,2386.09314
83.7,2295.11261
83.8,2310.371399
83.9,2298.164368
84,2304.267883
84.1,2301.216125
84.2,2413.55896
84.3,2380.180359
84.4,2395.248413
84.5,2389.144897
84.6,2389.144897
84.7,2310.371399
84.8,2319.335938
84.9,2304.267883
85,2307.319641
85.1,2301.216125
85.2,2416.419983
85.3,2389.144897
85.4,2389.144897
85.5,2395.248413
85.6,2377.128601
85.7,2313.423157
85.8,2307.319641
85.9,2310.371399
86,2313.423157
86.1,2316.474915
86.2,2431.678772
86.3,2407.455444
86.4,2395.248413
86.5,2401.351929
86.6,2401.351929
86.7,2313.423157
86.8,2316.474915
86.9,2310.371399
87,2322.387695
87.1,2316.474915
87.2,2422.523499
87.3,2398.300171
87.4,2401.351929
87.5,2404.403687
87.6,2401.351929
87.7,2322.387695
87.8,2316.474915
87.9,2322.387695
88,2322.387695
88.1,2328.491211
88.2,2428.627014
88.3,2395.248413
88.4,2404.403687
88.5,2404.403687
88.6,2404.403687
88.7,2328.491211
88.8,2322.387695
88.9,2328.491211
89,2322.387695
89.1,2325.439453
89.2,2425.575256
89.3,2407.455444
89.4,2413.55896
89.5,2410.507202
89.6,2416.419983
89.7,2322.387695
89.8,2331.542969
89.9,2325.439453
90,2322.387695
90.1,2328.491211
90.2,2431.678772
90.3,2416.419983
90.4,2419.471741
90.5,2419.471741
90.6,2404.403687
90.7,2322.387695
90.8,2334.594727
90.9,2328.491211
91,2331.542969
91.1,2331.542969
91.2,2431.678772
91.3,2419.471741
91.4,2419.471741
91.5,2410.507202
91.6,2404.403687
91.7,2343.75
91.8,2328.491211
91.9,2337.646484
92,2328.491211
92.1,2337.646484
92.2,2437.782288
92.3,2413.55896
92.4,2419.471741
92.5,2416.419983
92.6,2425.575256
92.7,2331.542969
92.8,2334.594727
92.9,2331.542969
93,2346.801758
93.1,2334.594727
93.2,2440.834045
93.3,2425.575256
93.4,2425.575256
93.5,2425.575256
93.6,2422.523499
93.7,2337.646484
93.8,2340.698242
93.9,2349.853516
94,2352.714539
94.1,2352.714539
94.2,2440.834045
94.3,2419.471741
94.4,2428.627014
94.5,2434.73053
94.6,2428.627014
94.7,2352.714539
94.8,2349.853516
94.9,2340.698242
95,2343.75
95.1,2340.698242
95.2,2449.798584
95.3,2431.678772
95.4,2425.575256
95.5,2431.678772
95.6,2431.678772
95.7,2358.818054
95.8,2358.818054
95.9,2364.92157
96,2358.818054
96.1,2355.766296
96.2,2455.9021
96.3,2449.798584
96.4,2440.834045
96.5,2440.834045
96.6,2434.73053
96.7,2364.92157
96.8,2371.025085
96.9,2364.92157
97,2358.818054
97.1,2371.025085
97.2,2458.953857
97.3,2452.850342
97.4,2434.73053
97.5,2443.885803
97.6,2443.885803
97.7,2367.973328
97.8,2367.973328
97.9,2358.818054
98,2371.025085
98.1,2364.92157
98.2,2462.005615
98.3,2446.937561
98.4,2446.937561
98.5,2443.885803
98.6,2440.834045
98.7,2383.232117
98.8,2367.973328
98.9,2371.025085
99,2367.973328
99.1,2371.025085
99.2,2468.109131
99.3,2455.9021
99.4,2455.9021
99.5,2452.850342
99.6,2455.9021
99.7,2361.869812
99.8,2371.025085
99.9,2371.025085
100,2371.025085
100.1,2364.92157
100.2,2465.057373
100.3,2449.798584
100.4,2462.005615
100.5,2443.885803
100.6,2452.850342
100.7,2386.09314
100.8,2386.09314
100.9,2383.232117
101,2367.973328
101.1,2383.232117
101.2,2480.316162
101.3,2455.9021
101.4,2452.850342
101.5,2455.9021
101.6,2455.9021
101.7,2371.025085
101.8,2389.144897
101.9,2395.248413
102,2367.973328
102.1,2383.232117
102.2,2480.316162
102.3,2452.850342
102.4,2452.850342
102.5,2474.212646
102.6,2468.109131
102.7,2377.128601
102.8,2386.09314
102.9,2380.180359
103,2392.196655
103.1,2383.232117
103.2,2468.109131
103.3,2468.109131
103.4,2462.005615
103.5,2468.109131
103.6,2455.9021
103.7,2374.076843
103.8,2395.248413
103.9,2386.09314
104,2383.232117
104.1,2392.196655
104.2,2465.057373
104.3,2462.005615
104.4,2468.109131
104.5,2468.109131
104.6,2465.057373
104.7,2395.248413
104.8,2404.403687
104.9,2404.403687
105,2392.196655
105.1,2389.144897
105.2,2474.212646
105.3,2471.160889
105.4,2474.212646
105.5,2468.109131
105.6,2465.057373
105.7,2401.351929
105.8,2392.196655
105.9,2404.403687
106,2398.300171
106.1,2404.403687
106.2,2480.316162
106.3,2486.228943
106.4,2468.109131
106.5,2468.109131
106.6,2480.316162
106.7,2404.403687
106.8,2410.507202
106.9,2395.248413
107,2395.248413
107.1,2404.403687
107.2,2486.228943
107.3,2483.177185
107.4,2483.177185
107.5,2486.228943
107.6,2480.316162
107.7,2407.455444
107.8,2410.507202
107.9,2407.455444
108,2407.455444
108.1,2404.403687
108.2,2495.384216
108.3,2480.316162
108.4,2477.264404
108.5,2492.332458
108.6,2489.280701
108.7,2401.351929
108.8,2404.403687
108.9,2413.55896
109,2407.455444
109.1,2419.471741
109.2,2495.384216
109.3,2495.384216
109.4,2495.384216
109.5,2489.280701
109.6,2489.280701
109.7,2419.471741
109.8,2419.471741
109.9,2410.507202
110,2419.471741
110.1,2416.419983
110.2,2498.435974
110.3,2498.435974
110.4,2492.332458
110.5,2489.280701
110.6,2480.316162
110.7,2425.575256
110.8,2425.575256
110.9,2431.678772
111,2422.523499
111.1,2416.419983
111.2,2495.384216
111.3,2501.487732
111.4,2507.591248
111.5,2495.384216
111.6,2498.435974
111.7,2425.575256
111.8,2428.627014
111.9,2419.471741
112,2419.471741
112.1,2422.523499
112.2,2492.332458
112.3,2504.53949
112.4,2501.487732
112.5,2492.332458
112.6,2501.487732
112.7,2434.73053
112.8,2425.575256
112.9,2431.678772
113,2437.782288
113.1,2431.678772
113.2,2501.487732
113.3,2507.591248
113.4,2498.435974
113.5,2510.643005
113.6,2510.643005
113.7,2425.575256
113.8,2440.834045
113.9,2431.678772
114,2428.627014
114.1,2428.627014
114.2,2516.555786
114.3,2510.643005
114.4,2513.504028
114.5,2501.487732
114.6,2516.555786
114.7,2428.627014
114.8,2434.73053
114.9,2434.73053
115,2431.678772
115.1,2434.73053
115.2,2510.643005
115.3,2513.504028
115.4,2513.504028
115.5,2501.487732
115.6,2501.487732
115.7,2428.627014
115.8,2431.678772
115.9,2434.73053
116,2443.885803
116.1,2434.73053
116.2,2528.762817
116.3,2504.53949
116.4,2513.504028
116.5,2510.643005
116.6,2519.607544
116.7,2443.885803
116.8,2440.834045
116.9,2437.782288
117,2431.678772
117.1,2440.834045
117.2,2525.71106
117.3,2519.607544
117.4,2513.504028
117.5,2516.555786
117.6,2522.659302
117.7,2446.937561
117.8,2443.885803
117.9,2446.937561
118,2449.798584
118.1,2449.798584
118.2,2534.866333
118.3,2528.762817
118.4,2525.71106
118.5,2525.71106
118.6,2519.607544
118.7,2440.834045
118.8,2452.850342
118.9,2446.937561
119,2449.798584
119.1,2455.9021
119.2,2519.607544
119.3,2528.762817
119.4,2525.71106
119.5,2525.71106
119.6,2528.762817
119.7,2452.850342
119.8,2455.9021
119.9,2440.834045
120,2443.885803
120.1,2440.834045
120.2,2531.814575
120.3,2528.762817
120.4,2528.762817
120.5,2522.659302
120.6,2534.866333
120.7,2455.9021
120.8,2446.937561
120.9,2452.850342
121,2446.937561
121.1,2443.885803
121.2,2528.762817
121.3,2534.866333
121.4,2519.607544
121.5,2528.762817
121.6,2534.866333
121.7,2446.937561
121.8,2446.937561
121.9,2449.798584
122,2455.9021
122.1,2443.885803
122.2,2531.814575
122.3,2528.762817
122.4,2525.71106
122.5,2531.814575
122.6,2528.762817
122.7,2458.953857
122.8,2452.850342
122.9,2452.850342
123,2468.109131
123.1,2468.109131
123.2,2534.866333
123.3,2528.762817
123.4,2540.969849
123.5,2537.918091
123.6,2528.762817
123.7,2452.850342
123.8,2465.057373
123.9,2458.953857
124,2455.9021
124.1,2452.850342
124.2,2534.866333
124.3,2540.969849
124.4,2531.814575
124.5,2531.814575
124.6,2534.866333
124.7,2458.953857
124.8,2455.9021
124.9,2462.005615
125,2455.9021
125.1,2468.109131
125.2,2531.814575
125.3,2531.814575
125.4,2537.918091
125.5,2540.969849
125.6,2540.969849
125.7,2462.005615
125.8,2471.160889
125.9,2468.109131
126,2477.264404
126.1,2474.212646
126.2,2544.021606
126.3,2546.882629
126.4,2546.882629
126.5,2546.882629
126.6,2544.021606
126.7,2468.109131
126.8,2471.160889
126.9,2458.953857
127,2471.160889
127.1,2480.316162
127.2,2537.918091
127.3,2546.882629
127.4,2544.021606
127.5,2544.021606
127.6,2552.986145
127.7,2477.264404
127.8,2483.177185
127.9,2474.212646
128,2477.264404
128.1,2474.212646
128.2,2562.141418
128.3,2556.037903
128.4,2552.986145
128.5,2552.986145
128.6,2544.021606
128.7,2483.177185
128.8,2480.316162
128.9,2483.177185
129,2486.228943
129.1,2474.212646
129.2,2556.037903
129.3,2559.089661
129.4,2549.934387
129.5,2546.882629
129.6,2552.986145
129.7,2477.264404
129.8,2477.264404
129.9,2489.280701
130,2483.177185
130.1,2480.316162
130.2,2549.934387
130.3,2556.037903
130.4,2556.037903
130.5,2562.141418
130.6,2549.934387
130.7,2483.177185
130.8,2477.264404
130.9,2489.280701
131,2486.228943
131.1,2477.264404
131.2,2552.986145
131.3,2552.986145
131.4,2556.037903
131.5,2556.037903
131.6,2552.986145
131.7,2477.264404
131.8,2483.177185
131.9,2489.280701
132,2489.280701
132.1,2477.264404
132.2,2562.141418
132.3,2562.141418
132.4,2556.037903
132.5,2556.037903
132.6,2565.193176
132.7,2483.177185
132.8,2480.316162
132.9,2477.264404
133,2486.228943
133.1,2489.280701
133.2,2577.400208
133.3,2562.141418
133.4,2556.037903
133.5,2568.244934
133.6,2565.193176
133.7,2483.177185
133.8,2489.280701
133.9,2492.332458
134,2489.280701
134.1,2492.332458
134.2,2577.400208
134.3,2571.296692
134.4,2577.400208
134.5,2574.34845
134.6,2562.141418
134.7,2492.332458
134.8,2498.435974
134.9,2501.487732
135,2498.435974
135.1,2483.177185
135.2,2562.141418
135.3,2565.193176
135.4,2559.089661
135.5,2568.244934
135.6,2568.244934
135.7,2498.435974
135.8,2489.280701
135.9,2486.228943
136,2489.280701
136.1,2489.280701
136.2,2562.141418
136.3,2571.296692
136.4,2562.141418
136.5,2562.141418
136.6,2577.400208
136.7,2492.332458
136.8,2483.177185
136.9,2486.228943
137,2489.280701
137.1,2492.332458
137.2,2562.141418
137.3,2577.400208
137.4,2571.296692
137.5,2562.141418
137.6,2565.193176
137.7,2498.435974
137.8,2501.487732
137.9,2498.435974
138,2489.280701
138.1,2492.332458
138.2,2568.244934
138.3,2571.296692
138.4,2577.400208
138.5,2571.296692
138.6,2571.296692
138.7,2498.435974
138.8,2495.384216
138.9,2507.591248
139,2492.332458
139.1,2492.332458
139.2,2568.244934
139.3,2577.400208
139.4,2571.296692
139.5,2574.34845
139.6,2486.228943
139.7,2498.435974
139.8,2507.591248
139.9,2492.332458
140,2495.384216
140.1,2504.53949
140.2,2586.364746
140.3,2577.400208
140.4,2571.296692
140.5,2574.34845
140.6,2483.177185
140.7,2507.591248
140.8,2498.435974
140.9,2504.53949
141,2504.53949
141.1,2716.827393
141.2,2571.296692
141.3,2589.416504
141.4,2583.312988
141.5,2571.296692
141.6,2498.435974
141.7,2513.504028
141.8,2510.643005
141.9,2510.643005
142,2507.591248
142.1,2716.827393
142.2,2574.34845
142.3,2574.34845
142.4,2574.34845
142.5,2574.34845
142.6,2483.177185
142.7,2507.591248
142.8,2510.643005
142.9,2504.53949
143,2501.487732
143.1,2722.930908
143.2,2574.34845
143.3,2589.416504
143.4,2589.416504
143.5,2586.364746
143.6,2492.332458
143.7,2513.504028
143.8,2501.487732
143.9,2504.53949
144,2516.555786
144.1,2716.827393
144.2,2592.468262
144.3,2580.26123
144.4,2592.468262
144.5,2586.364746
144.6,2501.487732
144.7,2522.659302
144.8,2522.659302
144.9,2528.762817
145,2522.659302
145.1,2719.87915
145.2,2595.52002
145.3,2601.623535
145.4,2586.364746
145.5,2586.364746
145.6,2501.487732
145.7,2528.762817
145.8,2519.607544
145.9,2528.762817
146,2513.504028
146.1,2710.723877
146.2,2592.468262
146.3,2592.468262
146.4,2607.727051
146.5,2601.623535
146.6,2504.53949
146.7,2528.762817
146.8,2528.762817
146.9,2516.555786
147,2528.762817
147.1,2692.604065
147.2,2598.571777
147.3,2598.571777
147.4,2601.623535
147.5,2607.727051
147.6,2516.555786
147.7,2516.555786
147.8,2522.659302
147.9,2525.71106
148,2528.762817
148.1,2674.484253
148.2,2604.675293
148.3,2607.727051
148.4,2607.727051
148.5,2598.571777
148.6,2504.53949
148.7,2534.866333
148.8,2528.762817
148.9,2528.762817
149,2525.71106
149.1,2668.380737
149.2,2598.571777
149.3,2595.52002
149.4,2598.571777
149.5,2613.639832
149.6,2519.607544
149.7,2537.918091
149.8,2525.71106
149.9,2528.762817
150,2531.814575
150.1,2677.345276
150.2,2604.675293
150.3,2598.571777
150.4,2607.727051
150.5,2613.639832
150.6,2537.918091
150.7,2537.918091
150.8,2528.762817
150.9,2525.71106
151,2528.762817
151.1,2668.380737
151.2,2598.571777
151.3,2613.639832
151.4,2610.588074
151.5,2598.571777
151.6,2540.969849
151.7,2537.918091
151.8,2537.918091
151.9,2540.969849
152,2537.918091
152.1,2662.277222
152.2,2610.588074
152.3,2613.639832
152.4,2610.588074
152.5,2610.588074
152.6,2540.969849
152.7,2534.866333
152.8,2537.918091
152.9,2552.986145
153,2540.969849
153.1,2662.277222
153.2,2610.588074
153.3,2613.639832
153.4,2607.727051
153.5,2610.588074
153.6,2544.021606
153.7,2540.969849
153.8,2540.969849
153.9,2540.969849
154,2531.814575
154.1,2653.121948
154.2,2607.727051
154.3,2619.743347
154.4,2619.743347
154.5,2610.588074
154.6,2534.866333
154.7,2549.934387
154.8,2546.882629
154.9,2537.918091
155,2534.866333
155.1,2650.07019
155.2,2613.639832
155.3,2613.639832
155.4,2625.846863
155.5,2622.795105
155.6,2556.037903
155.7,2544.021606
155.8,2546.882629
155.9,2546.882629
156,2540.969849
156.1,2650.07019
156.2,2625.846863
156.3,2613.639832
156.4,2622.795105
156.5,2622.795105
156.6,2544.021606
156.7,2549.934387
156.8,2552.986145
156.9,2552.986145
157,2546.882629
157.1,2653.121948
157.2,2619.743347
157.3,2628.898621
157.4,2613.639832
157.5,2622.795105
157.6,2546.882629
157.7,2544.021606
157.8,2556.037903
157.9,2552.986145
158,2546.882629
158.1,2659.225464
158.2,2635.002136
158.3,2635.002136
158.4,2622.795105
158.5,2619.743347
158.6,2556.037903
158.7,2549.934387
158.8,2556.037903
158.9,2559.089661
159,2556.037903
159.1,2662.277222
159.2,2625.846863
159.3,2628.898621
159.4,2638.053894
159.5,2631.950378
159.6,2565.193176
159.7,2571.296692
159.8,2562.141418
159.9,2562.141418
160,2565.193176
160.1,2668.380737
160.2,2641.105652
160.3,2635.002136
160.4,2631.950378
160.5,2638.053894
160.6,2574.34845
160.7,2565.193176
160.8,2559.089661
160.9,2559.089661
161,2552.986145
161.1,2659.225464
161.2,2641.105652
161.3,2631.950378
161.4,2628.898621
161.5,2628.898621
161.6,2571.296692
161.7,2556.037903
161.8,2562.141418
161.9,2565.193176
162,2565.193176
162.1,2650.07019
162.2,2638.053894
162.3,2631.950378
162.4,2643.966675
162.5,2638.053894
162.6,2562.141418
162.7,2568.244934
162.8,2556.037903
162.9,2559.089661
163,2565.193176
163.1,2659.225464
163.2,2638.053894
163.3,2643.966675
163.4,2628.898621
163.5,2638.053894
163.6,2577.400208
163.7,2562.141418
163.8,2562.141418
163.9,2559.089661
164,2571.296692
164.1,2650.07019
164.2,2647.018433
164.3,2628.898621
164.4,2631.950378
164.5,2635.002136
164.6,2565.193176
164.7,2565.193176
164.8,2565.193176
164.9,2568.244934
165,2565.193176
165.1,2647.018433
165.2,2635.002136
165.3,2638.053894
165.4,2643.966675
165.5,2635.002136
165.6,2565.193176
165.7,2565.193176
165.8,2568.244934
165.9,2571.296692
166,2565.193176
166.1,2659.225464
166.2,2647.018433
166.3,2628.898621
166.4,2631.950378
166.5,2638.053894
166.6,2571.296692
166.7,2565.193176
166.8,2565.193176
166.9,2565.193176
167,2577.400208
167.1,2662.277222
167.2,2635.002136
167.3,2643.966675
167.4,2643.966675
167.5,2631.950378
167.6,2571.296692
167.7,2571.296692
167.8,2577.400208
167.9,2562.141418
168,2568.244934
168.1,2656.173706
168.2,2643.966675
168.3,2650.07019
168.4,2635.002136
168.5,2641.105652
168.6,2565.193176
168.7,2565.193176
168.8,2571.296692
168.9,2562.141418
169,2568.244934
169.1,2650.07019
169.2,2641.105652
169.3,2635.002136
169.4,2638.053894
169.5,2650.07019
169.6,2565.193176
169.7,2565.193176
169.8,2574.34845
169.9,2571.296692
170,2565.193176
170.1,2650.07019
170.2,2650.07019
170.3,2643.966675
170.4,2638.053894
170.5,2638.053894
170.6,2565.193176
170.7,2571.296692
170.8,2574.34845
170.9,2577.400208
171,2571.296692
171.1,2662.277222
171.2,2650.07019
171.3,2650.07019
171.4,2650.07019
171.5,2643.966675
171.6,2577.400208
171.7,2574.34845
171.8,2577.400208
171.9,2583.312988
172,2580.26123
172.1,2650.07019
172.2,2650.07019
172.3,2643.966675
172.4,2656.173706
172.5,2656.173706
172.6,2574.34845
172.7,2583.312988
172.8,2580.26123
172.9,2589.416504
173,2580.26123
173.1,2662.277222
173.2,2656.173706
173.3,2647.018433
173.4,2650.07019
173.5,2650.07019
173.6,2574.34845
173.7,2574.34845
173.8,2574.34845
173.9,2580.26123
174,2589.416504
174.1,2659.225464
174.2,2662.277222
174.3,2656.173706
174.4,2653.121948
174.5,2656.173706
174.6,2574.34845
174.7,2583.312988
174.8,2589.416504
174.9,2583.312988
175,2589.416504
175.1,2659.225464
175.2,2653.121948
175.3,2656.173706
175.4,2650.07019
175.5,2656.173706
175.6,2586.364746
175.7,2574.34845
175.8,2577.400208
175.9,2574.34845
176,2583.312988
176.1,2665.328979
176.2,2662.277222
176.3,2653.121948
176.4,2662.277222
176.5,2659.225464
176.6,2586.364746
176.7,2589.416504
176.8,2586.364746
176.9,2589.416504
177,2586.364746
177.1,2668.380737
177.2,2662.277222
177.3,2653.121948
177.4,2662.277222
177.5,2662.277222
177.6,2589.416504
177.7,2580.26123
177.8,2580.26123
177.9,2580.26123
178,2583.312988
178.1,2668.380737
178.2,2662.277222
178.3,2665.328979
178.4,2668.380737
178.5,2662.277222
178.6,2595.52002
178.7,2586.364746
178.8,2592.468262
178.9,2592.468262
179,2586.364746
179.1,2668.380737
179.2,2671.432495
179.3,2671.432495
179.4,2659.225464
179.5,2674.484253
179.6,2598.571777
179.7,2595.52002
179.8,2592.468262
179.9,2595.52002
180,2601.623535
180.1,2674.484253
180.2,2671.432495
180.3,2674.484253
180.4,2665.328979
180.5,2665.328979
180.6,2604.675293
180.7,2589.416504
180.8,2601.623535
180.9,2598.571777
181,2592.468262
181.1,2671.432495
181.2,2677.345276
181.3,2683.448792
181.4,2677.345276
181.5,2674.484253
181.6,2598.571777
181.7,2595.52002
181.8,2604.675293
181.9,2598.571777
182,2601.623535
182.1,2671.432495
182.2,2674.484253
182.3,2674.484253
182.4,2674.484253
182.5,2677.345276
182.6,2604.675293
182.7,2595.52002
182.8,2604.675293
182.9,2601.623535
183,2601.623535
183.1,2683.448792
183.2,2671.432495
183.3,2677.345276
183.4,2674.484253
183.5,2680.397034
183.6,2598.571777
183.7,2604.675293
183.8,2604.675293
183.9,2613.639832
184,2595.52002
184.1,2677.345276
184.2,2686.500549
184.3,2686.500549
184.4,2674.484253
184.5,2674.484253
184.6,2607.727051
184.7,2613.639832
184.8,2607.727051
184.9,2604.675293
185,2607.727051
185.1,2689.552307
185.2,2674.484253
185.3,2680.397034
185.4,2671.432495
185.5,2683.448792
185.6,2607.727051
185.7,2613.639832
185.8,2610.588074
185.9,2610.588074
186,2598.571777
186.1,2686.500549
186.2,2680.397034
186.3,2689.552307
186.4,2683.448792
186.5,2689.552307
186.6,2616.691589
186.7,2619.743347
186.8,2613.639832
186.9,2613.639832
187,2619.743347
187.1,2692.604065
187.2,2689.552307
187.3,2692.604065
187.4,2680.397034
187.5,2680.397034
187.6,2613.639832
187.7,2610.588074
187.8,2613.639832
187.9,2613.639832
188,2610.588074
188.1,2683.448792
188.2,2680.397034
188.3,2686.500549
188.4,2683.448792
188.5,2689.552307
188.6,2619.743347
188.7,2607.727051
188.8,2619.743347
188.9,2610.588074
189,2613.639832
189.1,2695.655823
189.2,2680.397034
189.3,2686.500549
189.4,2695.655823
189.5,2695.655823
189.6,2625.846863
189.7,2613.639832
189.8,2625.846863
189.9,2619.743347
190,2628.898621
190.1,2701.759338
190.2,2692.604065
190.3,2683.448792
190.4,2698.707581
190.5,2692.604065
190.6,2628.898621
190.7,2616.691589
190.8,2613.639832
190.9,2622.795105
191,2616.691589
191.1,2710.723877
191.2,2695.655823
191.3,2698.707581
191.4,2692.604065
191.5,2698.707581
191.6,2631.950378
191.7,2625.846863
191.8,2628.898621
191.9,2625.846863
192,2631.950378
192.1,2707.672119
192.2,2707.672119
192.3,2692.604065
192.4,2707.672119
192.5,2695.655823
192.6,2625.846863
192.7,2622.795105
192.8,2625.846863
192.9,2619.743347
193,2613.639832
193.1,2710.723877
193.2,2698.707581
193.3,2704.811096
193.4,2698.707581
193.5,2695.655823
193.6,2622.795105
193.7,2635.002136
193.8,2622.795105
193.9,2622.795105
194,2622.795105
194.1,2701.759338
194.2,2704.811096
194.3,2695.655823
194.4,2707.672119
194.5,2701.759338
194.6,2631.950378
194.7,2631.950378
194.8,2635.002136
194.9,2638.053894
195,2635.002136
195.1,2704.811096
195.2,2701.759338
195.3,2695.655823
195.4,2701.759338
195.5,2704.811096
195.6,2635.002136
195.7,2631.950378
195.8,2622.795105
195.9,2622.795105
196,2622.795105
196.1,2704.811096
196.2,2701.759338
196.3,2707.672119
196.4,2710.723877
196.5,2707.672119
196.6,2638.053894
196.7,2625.846863
196.8,2628.898621
196.9,2631.950378
197,2622.795105
197.1,2704.811096
197.2,2710.723877
197.3,2713.775635
197.4,2695.655823
197.5,2710.723877
197.6,2643.966675
197.7,2631.950378
197.8,2628.898621
197.9,2635.002136
198,2631.950378
198.1,2710.723877
198.2,2698.707581
198.3,2704.811096
198.4,2701.759338
198.5,2701.759338
198.6,2635.002136
198.7,2631.950378
198.8,2635.002136
198.9,2635.002136
199,2628.898621
199.1,2710.723877
199.2,2710.723877
199.3,2710.723877
199.4,2704.811096
199.5,2716.827393
199.6,2628.898621
199.7,2635.002136
199.8,2641.105652
199.9,2638.053894
200,2635.002136
200.1,2710.723877
200.2,2710.723877
200.3,2707.672119
200.4,2707.672119
200.5,2713.775635
200.6,2638.053894
200.7,2631.950378
200.8,2643.966675
200.9,2631.950378
201,2635.002136
201.1,2713.775635
201.2,2710.723877
201.3,2722.930908
201.4,2710.723877
201.5,2710.723877
201.6,2643.966675
201.7,2643.966675
201.8,2635.002136
201.9,2647.018433
202,2641.105652
202.1,2710.723877
202.2,2710.723877
202.3,2713.775635
202.4,2722.930908
202.5,2710.723877
202.6,2635.002136
202.7,2641.105652
202.8,2635.002136
202.9,2635.002136
203,2647.018433
203.1,2710.723877
203.2,2716.827393
203.3,2722.930908
203.4,2716.827393
203.5,2716.827393
203.6,2641.105652
203.7,2641.105652
203.8,2650.07019
203.9,2643.966675
204,2650.07019
204.1,2719.87915
204.2,2716.827393
204.3,2729.034424
204.4,2729.034424
204.5,2729.034424
204.6,2638.053894
204.7,2638.053894
204.8,2643.966675
204.9,2647.018433
205,2638.053894
205.1,2725.982666
205.2,2729.034424
205.3,2725.982666
205.4,2719.87915
205.5,2725.982666
205.6,2656.173706
205.7,2653.121948
205.8,2653.121948
205.9,2643.966675
206,2653.121948
206.1,2722.930908
206.2,2719.87915
206.3,2729.034424
206.4,2729.034424
206.5,2719.87915
206.6,2656.173706
206.7,2662.277222
206.8,2656.173706
206.9,2650.07019
207,2662.277222
207.1,2732.086182
207.2,2732.086182
207.3,2725.982666
207.4,2735.137939
207.5,2729.034424
207.6,2662.277222
207.7,2650.07019
207.8,2662.277222
207.9,2668.380737
208,2662.277222
208.1,2735.137939
208.2,2722.930908
208.3,2735.137939
208.4,2732.086182
208.5,2725.982666
208.6,2653.121948
208.7,2659.225464
208.8,2659.225464
208.9,2662.277222
209,2665.328979
209.1,2735.137939
209.2,2735.137939
209.3,2725.982666
209.4,2741.05072
209.5,2732.086182
209.6,2653.121948
209.7,2662.277222
209.8,2653.121948
209.9,2674.484253
210,2656.173706
210.1,2735.137939
210.2,2732.086182
210.3,2729.034424
210.4,2732.086182
210.5,2735.137939
210.6,2662.277222
210.7,2653.121948
210.8,2665.328979
210.9,2674.484253
211,2659.225464
211.1,2741.05072
211.2,2732.086182
211.3,2747.154236
211.4,2735.137939
211.5,2732.086182
211.6,2656.173706
211.7,2674.484253
211.8,2668.380737
211.9,2668.380737
212,2665.328979
212.1,2747.154236
212.2,2735.137939
212.3,2741.05072
212.4,2735.137939
212.5,2729.034424
212.6,2674.484253
212.7,2668.380737
212.8,2665.328979
212.9,2674.484253
213,2674.484253
213.1,2747.154236
213.2,2738.189697
213.3,2735.137939
213.4,2747.154236
213.5,2659.225464
213.6,2674.484253
213.7,2674.484253
213.8,2674.484253
213.9,2680.397034
214,2880.66864
214.1,2747.154236
214.2,2747.154236
214.3,2744.102478
214.4,2738.189697
214.5,2674.484253
214.6,2674.484253
214.7,2674.484253
214.8,2668.380737
214.9,2668.380737
215,2889.823914
215.1,2741.05072
215.2,2747.154236
215.3,2738.189697
215.4,2744.102478
215.5,2671.432495
215.6,2671.432495
215.7,2677.345276
215.8,2671.432495
215.9,2674.484253
216,2880.66864
216.1,2741.05072
216.2,2753.257751
216.3,2750.205994
216.4,2747.154236
216.5,2665.328979
216.6,2671.432495
216.7,2683.448792
216.8,2680.397034
216.9,2671.432495
217,2889.823914
217.1,2762.413025
217.2,2750.205994
217.3,2750.205994
217.4,2753.257751
217.5,2662.277222
217.6,2677.345276
217.7,2677.345276
217.8,2674.484253
217.9,2671.432495
218,2889.823914
218.1,2756.309509
218.2,2747.154236
218.3,2747.154236
218.4,2744.102478
218.5,2674.484253
218.6,2686.500549
218.7,2677.345276
218.8,2680.397034
218.9,2677.345276
219,2862.548828
219.1,2744.102478
219.2,2750.205994
219.3,2753.257751
219.4,2753.257751
219.5,2674.484253
219.6,2686.500549
219.7,2689.552307
219.8,2677.345276
219.9,2680.397034
220,2868.652344
220.1,2753.257751
220.2,2750.205994
220.3,2771.568298
220.4,2771.568298
220.5,2680.397034
220.6,2683.448792
220.7,2680.397034
220.8,2692.604065
220.9,2683.448792
221,2856.445313
221.1,2756.309509
221.2,2762.413025
221.3,2762.413025
221.4,2753.257751
221.5,2668.380737
221.6,2686.500549
221.7,2680.397034
221.8,2692.604065
221.9,2680.397034
222,2844.238281
222.1,2771.568298
222.2,2759.361267
222.3,2765.464783
222.4,2765.464783
222.5,2686.500549
222.6,2698.707581
222.7,2701.759338
222.8,2692.604065
222.9,2686.500549
223,2844.238281
223.1,2774.429321
223.2,2777.481079
223.3,2777.481079
223.4,2780.532837
223.5,2698.707581
223.6,2698.707581
223.7,2698.707581
223.8,2683.448792
223.9,2689.552307
224,2823.066711
224.1,2765.464783
224.2,2765.464783
224.3,2765.464783
224.4,2774.429321
224.5,2695.655823
224.6,2701.759338
224.7,2695.655823
224.8,2689.552307
224.9,2692.604065
225,2820.014954
225.1,2780.532837
225.2,2777.481079
225.3,2783.584595
225.4,2768.516541
225.5,2710.723877
225.6,2698.707581
225.7,2704.811096
225.8,2692.604065
225.9,2695.655823
226,2829.170227
226.1,2780.532837
226.2,2780.532837
226.3,2768.516541
226.4,2783.584595
226.5,2710.723877
226.6,2698.707581
226.7,2695.655823
226.8,2695.655823
226.9,2695.655823
227,2823.066711
227.1,2780.532837
227.2,2777.481079
227.3,2789.68811
227.4,2783.584595
227.5,2698.707581
227.6,2707.672119
227.7,2707.672119
227.8,2698.707581
227.9,2701.759338
228,2829.170227
228.1,2789.68811
228.2,2789.68811
228.3,2780.532837
228.4,2780.532837
228.5,2704.811096
228.6,2707.672119
228.7,2701.759338
228.8,2707.672119
228.9,2704.811096
229,2816.963196
229.1,2780.532837
229.2,2783.584595
229.3,2783.584595
229.4,2786.636353
229.5,2710.723877
229.6,2716.827393
229.7,2698.707581
229.8,2710.723877
229.9,2707.672119
230,2816.963196
230.1,2792.739868
230.2,2789.68811
230.3,2786.636353
230.4,2786.636353
230.5,2707.672119
230.6,2710.723877
230.7,2710.723877
230.8,2698.707581
230.9,2698.707581
231,2807.807922
231.1,2780.532837
231.2,2777.481079
231.3,2789.68811
231.4,2780.532837
231.5,2710.723877
231.6,2722.930908
231.7,2710.723877
231.8,2713.775635
231.9,2707.672119
232,2816.963196
232.1,2783.584595
232.2,2786.636353
232.3,2792.739868
232.4,2789.68811
232.5,2722.930908
232.6,2716.827393
232.7,2716.827393
232.8,2716.827393
232.9,2704.811096
233,2813.911438
233.1,2789.68811
233.2,2792.739868
233.3,2801.895142
233.4,2789.68811
233.5,2722.930908
233.6,2732.086182
233.7,2719.87915
233.8,2716.827393
233.9,2732.086182
234,2832.221985
234.1,2801.895142
234.2,2801.895142
234.3,2798.843384
234.4,2795.791626
234.5,2722.930908
234.6,2719.87915
234.7,2716.827393
234.8,2719.87915
234.9,2722.930908
235,2823.066711
235.1,2792.739868
235.2,2798.843384
235.3,2795.791626
235.4,2798.843384
235.5,2722.930908
235.6,2722.930908
235.7,2719.87915
235.8,2735.137939
235.9,2732.086182
236,2816.963196
236.1,2813.911438
236.2,2807.807922
236.3,2807.807922
236.4,2798.843384
236.5,2722.930908
236.6,2741.05072
236.7,2732.086182
236.8,2732.086182
236.9,2729.034424
237,2835.273743
237.1,2810.85968
237.2,2804.756165
237.3,2813.911438
237.4,2804.756165
237.5,2732.086182
237.6,2735.137939
237.7,2725.982666
237.8,2738.189697
237.9,2738.189697
238,2826.118469
238.1,2813.911438
238.2,2810.85968
238.3,2810.85968
238.4,2813.911438
238.5,2725.982666
238.6,2725.982666
238.7,2747.154236
238.8,2732.086182
238.9,2738.189697
239,2829.170227
239.1,2804.756165
239.2,2813.911438
239.3,2804.756165
239.4,2810.85968
239.5,2741.05072
239.6,2747.154236
239.7,2744.102478
239.8,2732.086182
239.9,2732.086182
240,2832.221985
240.1,2823.066711
240.2,2829.170227
240.3,2816.963196
240.4,2820.014954
240.5,2732.086182
240.6,2738.189697
240.7,2741.05072
240.8,2738.189697
240.9,2735.137939
241,2829.170227
241.1,2816.963196
241.2,2816.963196
241.3,2820.014954
241.4,2816.963196
241.5,2738.189697
241.6,2732.086182
241.7,2738.189697
241.8,2738.189697
241.9,2741.05072
242,2835.273743
242.1,2813.911438
242.2,2820.014954
242.3,2816.963196
242.4,2813.911438
242.5,2738.189697
242.6,2735.137939
242.7,2744.102478
242.8,2747.154236
242.9,2747.154236
243,2832.221985
243.1,2816.963196
243.2,2823.066711
243.3,2823.066711
243.4,2829.170227
243.5,2747.154236
243.6,2744.102478
243.7,2735.137939
243.8,2744.102478
243.9,2735.137939
244,2832.221985
244.1,2826.118469
244.2,2829.170227
244.3,2823.066711
244.4,2823.066711
244.5,2744.102478
244.6,2747.154236
244.7,2744.102478
244.8,2750.205994
244.9,2744.102478
245,2838.134766
245.1,2826.118469
245.2,2820.014954
245.3,2826.118469
245.4,2829.170227
245.5,2747.154236
245.6,2759.361267
245.7,2759.361267
245.8,2756.309509
245.9,2756.309509
246,2844.238281
246.1,2838.134766
246.2,2823.066711
246.3,2829.170227
246.4,2832.221985
246.5,2756.309509
246.6,2765.464783
246.7,2759.361267
246.8,2750.205994
246.9,2756.309509
247,2841.186523
247.1,2841.186523
247.2,2844.238281
247.3,2844.238281
247.4,2829.170227
247.5,2759.361267
247.6,2759.361267
247.7,2759.361267
247.8,2771.568298
247.9,2765.464783
248,2847.290039
248.1,2844.238281
248.2,2844.238281
248.3,2844.238281
248.4,2844.238281
248.5,2762.413025
248.6,2771.568298
248.7,2771.568298
248.8,2759.361267
248.9,2759.361267
249,2856.445313
249.1,2853.393555
249.2,2847.290039
249.3,2841.186523
249.4,2853.393555
249.5,2774.429321
249.6,2774.429321
249.7,2780.532837
249.8,2777.481079
249.9,2777.481079
250,2862.548828
250.1,2856.445313
250.2,2847.290039
250.3,2856.445313
250.4,2859.49707
250.5,2768.516541
250.6,2780.532837
250.7,2780.532837
250.8,2789.68811
250.9,2780.532837
251,2853.393555
251.1,2856.445313
251.2,2862.548828
251.3,2847.290039
251.4,2853.393555
251.5,2768.516541
251.6,2780.532837
251.7,2786.636353
251.8,2768.516541
251.9,2768.516541
252,2859.49707
252.1,2862.548828
252.2,2856.445313
252.3,2856.445313
252.4,2859.49707
252.5,2768.516541
252.6,2780.532837
252.7,2777.481079
252.8,2786.636353
252.9,2774.429321
253,2853.393555
253.1,2847.290039
253.2,2847.290039
253.3,2856.445313
253.4,2844.238281
253.5,2786.636353
253.6,2786.636353
253.7,2768.516541
253.8,2786.636353
253.9,2783.584595
254,2868.652344
254.1,2862.548828
254.2,2856.445313
254.3,2856.445313
254.4,2868.652344
254.5,2780.532837
254.6,2783.584595
254.7,2774.429321
254.8,2774.429321
254.9,2774.429321
255,2862.548828
255.1,2853.393555
255.2,2859.49707
255.3,2859.49707
255.4,2856.445313
255.5,2783.584595
255.6,2786.636353
255.7,2780.532837
255.8,2783.584595
255.9,2789.68811
256,2868.652344
256.1,2862.548828
256.2,2862.548828
256.3,2871.513367
256.4,2856.445313
256.5,2792.739868
256.6,2783.584595
256.7,2792.739868
256.8,2795.791626
256.9,2789.68811
257,2868.652344
257.1,2859.49707
257.2,2874.565125
257.3,2868.652344
257.4,2862.548828
257.5,2783.584595
257.6,2789.68811
257.7,2795.791626
257.8,2780.532837
257.9,2792.739868
258,2874.565125
258.1,2868.652344
258.2,2868.652344
258.3,2865.600586
258.4,2868.652344
258.5,2789.68811
258.6,2789.68811
258.7,2792.739868
258.8,2789.68811
258.9,2792.739868
259,2868.652344
259.1,2859.49707
259.2,2871.513367
259.3,2859.49707
259.4,2868.652344
259.5,2792.739868
259.6,2786.636353
259.7,2792.739868
259.8,2783.584595
259.9,2795.791626
260,2868.652344
260.1,2871.513367
260.2,2865.600586
260.3,2865.600586
260.4,2862.548828
260.5,2801.895142
260.6,2792.739868
260.7,2798.843384
260.8,2792.739868
260.9,2792.739868
261,2877.616882
261.1,2871.513367
261.2,2868.652344
261.3,2877.616882
261.4,2874.565125
261.5,2807.807922
261.6,2795.791626
261.7,2807.807922
261.8,2792.739868
261.9,2804.756165
262,2877.616882
262.1,2880.66864
262.2,2877.616882
262.3,2865.600586
262.4,2865.600586
262.5,2810.85968
262.6,2810.85968
262.7,2813.911438
262.8,2792.739868
262.9,2801.895142
263,2868.652344
263.1,2865.600586
263.2,2877.616882
263.3,2874.565125
263.4,2883.720398
263.5,2804.756165
263.6,2801.895142
263.7,2795.791626
263.8,2792.739868
263.9,2798.843384
264,2874.565125
264.1,2877.616882
264.2,2871.513367
264.3,2871.513367
264.4,2874.565125
264.5,2795.791626
264.6,2807.807922
264.7,2798.843384
264.8,2798.843384
264.9,2795.791626
265,2883.720398
265.1,2880.66864
265.2,2880.66864
265.3,2886.772156
265.4,2871.513367
265.5,2810.85968
265.6,2816.963196
265.7,2813.911438
265.8,2810.85968
265.9,2807.807922
266,2880.66864
266.1,2886.772156
266.2,2874.565125
266.3,2880.66864
266.4,2886.772156
266.5,2807.807922
266.6,2798.843384
266.7,2807.807922
266.8,2798.843384
266.9,2810.85968
267,2880.66864
267.1,2880.66864
267.2,2877.616882
267.3,2877.616882
267.4,2871.513367
267.5,2804.756165
267.6,2820.014954
267.7,2807.807922
267.8,2810.85968
267.9,2807.807922
268,2886.772156
268.1,2886.772156
268.2,2877.616882
268.3,2877.616882
268.4,2871.513367
268.5,2816.963196
268.6,2820.014954
268.7,2807.807922
268.8,2810.85968
268.9,2804.756165
269,2877.616882
269.1,2877.616882
269.2,2886.772156
269.3,2880.66864
269.4,2886.772156
269.5,2820.014954
269.6,2816.963196
269.7,2813.911438
269.8,2810.85968
269.9,2810.85968
270,2904.891968
270.1,2889.823914
270.2,2880.66864
270.3,2889.823914
270.4,2886.772156
270.5,2816.963196
270.6,2820.014954
270.7,2816.963196
270.8,2813.911438
270.9,2810.85968
271,2886.772156
271.1,2886.772156
271.2,2895.927429
271.3,2886.772156
271.4,2886.772156
271.5,2820.014954
271.6,2823.066711
271.7,2829.170227
271.8,2829.170227
271.9,2816.963196
272,2889.823914
272.1,2895.927429
272.2,2889.823914
272.3,2889.823914
272.4,2898.979187
272.5,2823.066711
272.6,2813.911438
272.7,2832.221985
272.8,2820.014954
272.9,2813.911438
273,2889.823914
273.1,2886.772156
273.2,2895.927429
273.3,2895.927429
273.4,2889.823914
273.5,2823.066711
273.6,2823.066711
273.7,2816.963196
273.8,2813.911438
273.9,2826.118469
274,2898.979187
274.1,2889.823914
274.2,2889.823914
274.3,2901.84021
274.4,2904.891968
274.5,2820.014954
274.6,2816.963196
274.7,2816.963196
274.8,2826.118469
274.9,2829.170227
275,2889.823914
275.1,2898.979187
275.2,2889.823914
275.3,2889.823914
275.4,2889.823914
275.5,2816.963196
275.6,2823.066711
275.7,2816.963196
275.8,2816.963196
275.9,2832.221985
276,2904.891968
276.1,2895.927429
276.2,2901.84021
276.3,2904.891968
276.4,2889.823914
276.5,2835.273743
276.6,2835.273743
276.7,2838.134766
276.8,2832.221985
276.9,2832.221985
277,2898.979187
277.1,2901.84021
277.2,2904.891968
277.3,2895.927429
277.4,2910.995483
277.5,2838.134766
277.6,2844.238281
277.7,2832.221985
277.8,2829.170227
277.9,2823.066711
278,2907.943726
278.1,2898.979187
278.2,2904.891968
278.3,2901.84021
278.4,2917.098999
278.5,2838.134766
278.6,2826.118469
278.7,2826.118469
278.8,2823.066711
278.9,2832.221985
279,2910.995483
279.1,2901.84021
279.2,2917.098999
279.3,2907.943726
279.4,2910.995483
279.5,2829.170227
279.6,2838.134766
279.7,2835.273743
279.8,2829.170227
279.9,2838.134766
280,2917.098999
280.1,2910.995483
280.2,2898.979187
280.3,2904.891968
280.4,2917.098999
280.5,2832.221985
280.6,2844.238281
280.7,2832.221985
280.8,2844.238281
280.9,2829.170227
281,2907.943726
281.1,2910.995483
281.2,2923.202515
281.3,2917.098999
281.4,2917.098999
281.5,2835.273743
281.6,2838.134766
281.7,2844.238281
281.8,2838.134766
281.9,2841.186523
282,2914.047241
282.1,2917.098999
282.2,2917.098999
282.3,2917.098999
282.4,2914.047241
282.5,2847.290039
282.6,2844.238281
282.7,2838.134766
282.8,2847.290039
282.9,2844.238281
283,2917.098999
283.1,2907.943726
283.2,2920.150757
283.3,2914.047241
283.4,2917.098999
283.5,2844.238281
283.6,2841.186523
283.7,2844.238281
283.8,2841.186523
283.9,2841.186523
284,2914.047241
284.1,2910.995483
284.2,2917.098999
284.3,2926.254272
284.4,2838.134766
284.5,2841.186523
284.6,2847.290039
284.7,2844.238281
284.8,2841.186523
284.9,2844.238281
285,2920.150757
285.1,2910.995483
285.2,2917.098999
285.3,2914.047241
285.4,2829.170227
285.5,2856.445313
285.6,2847.290039
285.7,2856.445313
285.8,2844.238281
285.9,3056.716919
286,2926.254272
286.1,2920.150757
286.2,2926.254272
286.3,2926.254272
286.4,2835.273743
286.5,2853.393555
286.6,2856.445313
286.7,2856.445313
286.8,2850.341797
286.9,3053.665161
287,2929.30603
287.1,2935.218811
287.2,2926.254272
287.3,2929.30603
287.4,2844.238281
287.5,2862.548828
287.6,2868.652344
287.7,2862.548828
287.8,2856.445313
287.9,3062.820435
288,2935.218811
288.1,2926.254272
288.2,2932.357788
288.3,2932.357788
288.4,2841.186523
288.5,2847.290039
288.6,2862.548828
288.7,2856.445313
288.8,2853.393555
288.9,3062.820435
289,2929.30603
289.1,2926.254272
289.2,2929.30603
289.3,2926.254272
289.4,2844.238281
289.5,2868.652344
289.6,2856.445313
289.7,2868.652344
289.8,2856.445313
289.9,3053.665161
290,2932.357788
290.1,2938.270569
290.2,2941.322327
290.3,2938.270569
290.4,2853.393555
290.5,2877.616882
290.6,2859.49707
290.7,2862.548828
290.8,2865.600586
290.9,3044.509888
291,2929.30603
291.1,2938.270569
291.2,2938.270569
291.3,2941.322327
291.4,2853.393555
291.5,2862.548828
291.6,2871.513367
291.7,2868.652344
291.8,2862.548828
291.9,3029.441833
292,2953.529358
292.1,2944.374084
292.2,2944.374084
292.3,2947.425842
292.4,2868.652344
292.5,2871.513367
292.6,2877.616882
292.7,2871.513367
292.8,2874.565125
292.9,3017.234802
293,2947.425842
293.1,2938.270569
293.2,2950.4776
293.3,2950.4776
293.4,2868.652344
293.5,2868.652344
293.6,2862.548828
293.7,2874.565125
293.8,2871.513367
293.9,3008.079529
294,2938.270569
294.1,2950.4776
294.2,2938.270569
294.3,2941.322327
294.4,2859.49707
294.5,2862.548828
294.6,2871.513367
294.7,2874.565125
294.8,2865.600586
294.9,3001.976013
295,2950.4776
295.1,2944.374084
295.2,2941.322327
295.3,2947.425842
295.4,2886.772156
295.5,2880.66864
295.6,2871.513367
295.7,2868.652344
295.8,2877.616882
295.9,3014.183044
296,2941.322327
296.1,2938.270569
296.2,2944.374084
296.3,2953.529358
296.4,2877.616882
296.5,2877.616882
296.6,2877.616882
296.7,2877.616882
296.8,2886.772156
296.9,3001.976013
297,2944.374084
297.1,2953.529358
297.2,2947.425842
297.3,2953.529358
297.4,2877.616882
297.5,2883.720398
297.6,2880.66864
297.7,2871.513367
297.8,2874.565125
297.9,3001.976013
298,2959.632874
298.1,2950.4776
298.2,2950.4776
298.3,2944.374084
298.4,2877.616882
298.5,2877.616882
298.6,2883.720398
298.7,2889.823914
298.8,2877.616882
298.9,2998.924255
299,2965.736389
299.1,2950.4776
299.2,2947.425842
299.3,2947.425842
299.4,2886.772156
299.5,2883.720398
299.6,2883.720398
299.7,2880.66864
299.8,2886.772156
299.9,2998.924255
300,2953.529358
300.1,2953.529358
300.2,2953.529358
300.3,2956.581116
300.4,2892.875671
300.5,2889.823914
300.6,2883.720398
300.7,2877.616882
300.8,2877.616882
300.9,2998.924255
301,2965.736389
301.1,2953.529358
301.2,2950.4776
301.3,2959.632874
301.4,2886.772156
301.5,2880.66864
301.6,2880.66864
301.7,2889.823914
301.8,2892.875671
301.9,2986.907959
302,2953.529358
302.1,2956.581116
302.2,2965.736389
302.3,2956.581116
302.4,2880.66864
302.5,2883.720398
302.6,2877.616882
302.7,2883.720398
302.8,2892.875671
302.9,2993.011475
303,2965.736389
303.1,2965.736389
303.2,2962.684631
303.3,2959.632874
303.4,2904.891968
303.5,2886.772156
303.6,2889.823914
303.7,2895.927429
303.8,2889.823914
303.9,2986.907959
304,2962.684631
304.1,2971.64917
304.2,2962.684631
304.3,2962.684631
304.4,2889.823914
304.5,2889.823914
304.6,2895.927429
304.7,2901.84021
304.8,2904.891968
304.9,2993.011475
305,2962.684631
305.1,2971.64917
305.2,2968.597412
305.3,2974.700928
305.4,2898.979187
305.5,2889.823914
305.6,2895.927429
305.7,2895.927429
305.8,2889.823914
305.9,2996.063232
306,2971.64917
306.1,2971.64917
306.2,2977.752686
306.3,2974.700928
306.4,2892.875671
306.5,2898.979187
306.6,2895.927429
306.7,2898.979187
306.8,2898.979187
306.9,2989.959717
307,2965.736389
307.1,2974.700928
307.2,2971.64917
307.3,2962.684631
307.4,2901.84021
307.5,2901.84021
307.6,2898.979187
307.7,2898.979187
307.8,2910.995483
307.9,2986.907959
308,2971.64917
308.1,2983.856201
308.2,2968.597412
308.3,2983.856201
308.4,2904.891968
308.5,2904.891968
308.6,2917.098999
308.7,2901.84021
308.8,2910.995483
308.9,2996.063232
309,2974.700928
309.1,2974.700928
309.2,2974.700928
309.3,2968.597412
309.4,2907.943726
309.5,2898.979187
309.6,2910.995483
309.7,2904.891968
309.8,2904.891968
309.9,2996.063232
310,2971.64917
310.1,2977.752686
310.2,2980.804443
310.3,2980.804443
310.4,2907.943726
310.5,2910.995483
310.6,2910.995483
310.7,2917.098999
310.8,2917.098999
310.9,3008.079529
311,2993.011475
311.1,2986.907959
311.2,2989.959717
311.3,2989.959717
311.4,2910.995483
311.5,2926.254272
311.6,2917.098999
311.7,2910.995483
311.8,2917.098999
311.9,3005.027771
312,2986.907959
312.1,2986.907959
312.2,2986.907959
312.3,2986.907959
312.4,2920.150757
312.5,2914.047241
312.6,2917.098999
312.7,2914.047241
312.8,2929.30603
312.9,3014.183044
313,2986.907959
313.1,2986.907959
313.2,2983.856201
313.3,3001.976013
313.4,2920.150757
313.5,2914.047241
313.6,2914.047241
313.7,2917.098999
313.8,2917.098999
313.9,2998.924255
314,2989.959717
314.1,2986.907959
314.2,2986.907959
314.3,2986.907959
314.4,2914.047241
314.5,2914.047241
314.6,2926.254272
314.7,2920.150757
314.8,2914.047241
314.9,2998.924255
315,2998.924255
315.1,2989.959717
315.2,2989.959717
315.3,2986.907959
315.4,2929.30603
315.5,2923.202515
315.6,2929.30603
315.7,2932.357788
315.8,2938.270569
315.9,3014.183044
316,2998.924255
316.1,2989.959717
316.2,2989.959717
316.3,3001.976013
316.4,2929.30603
316.5,2932.357788
316.6,2926.254272
316.7,2932.357788
316.8,2932.357788
316.9,3011.131287
317,2998.924255
317.1,3001.976013
317.2,3008.079529
317.3,3001.976013
317.4,2941.322327
317.5,2941.322327
317.6,2941.322327
317.7,2926.254272
317.8,2926.254272
317.9,3011.131287
318,3008.079529
318.1,3001.976013
318.2,3005.027771
318.3,3008.079529
318.4,2932.357788
318.5,2929.30603
318.6,2941.322327
318.7,2941.322327
318.8,2941.322327
318.9,3023.338318
319,3020.28656
319.1,3020.28656
319.2,3017.234802
319.3,3008.079529
319.4,2941.322327
319.5,2935.218811
319.6,2935.218811
319.7,2941.322327
319.8,2938.270569
319.9,3011.131287
320,3014.183044
320.1,3008.079529
320.2,3011.131287
320.3,3001.976013
320.4,2950.4776
320.5,2938.270569
320.6,2941.322327
320.7,2938.270569
320.8,2935.218811
320.9,3023.338318
321,3014.183044
321.1,3011.131287
321.2,3014.183044
321.3,3020.28656
321.4,2944.374084
321.5,2938.270569
321.6,2941.322327
321.7,2944.374084
321.8,2950.4776
321.9,3014.183044
322,3017.234802
322.1,3011.131287
322.2,3011.131287
322.3,3011.131287
322.4,2944.374084
322.5,2944.374084
322.6,2938.270569
322.7,2941.322327
322.8,2947.425842
322.9,3023.338318
323,3011.131287
323.1,3026.390076
323.2,3020.28656
323.3,3017.234802
323.4,2953.529358
323.5,2956.581116
323.6,2950.4776
323.7,2965.736389
323.8,2965.736389
323.9,3023.338318
324,3038.406372
324.1,3029.441833
324.2,3023.338318
324.3,3032.302856
324.4,2965.736389
324.5,2953.529358
324.6,2956.581116
324.7,2953.529358
324.8,2956.581116
324.9,3044.509888
325,3026.390076
325.1,3044.509888
325.2,3032.302856
325.3,3032.302856
325.4,2965.736389
325.5,2965.736389
325.6,2959.632874
325.7,2971.64917
325.8,2968.597412
325.9,3041.45813
326,3038.406372
326.1,3035.354614
326.2,3032.302856
326.3,3041.45813
326.4,2965.736389
326.5,2959.632874
326.6,2968.597412
326.7,2965.736389
326.8,2962.684631
326.9,3038.406372
327,3041.45813
327.1,3029.441833
327.2,3038.406372
327.3,3041.45813
327.4,2962.684631
327.5,2968.597412
327.6,2971.64917
327.7,2959.632874
327.8,2965.736389
327.9,3044.509888
328,3044.509888
328.1,3041.45813
328.2,3035.354614
328.3,3044.509888
328.4,2971.64917
328.5,2962.684631
328.6,2962.684631
328.7,2962.684631
328.8,2959.632874
328.9,3041.45813
329,3047.561646
329.1,3038.406372
329.2,3047.561646
329.3,3038.406372
329.4,2974.700928
329.5,2977.752686
329.6,2974.700928
329.7,2983.856201
329.8,2980.804443
329.9,3053.665161
330,3050.613403
330.1,3038.406372
330.2,3044.509888
330.3,3050.613403
330.4,2983.856201
330.5,2974.700928
330.6,2974.700928
330.7,2971.64917
330.8,2974.700928
330.9,3062.820435
331,3047.561646
331.1,3047.561646
331.2,3053.665161
331.3,3050.613403
331.4,2983.856201
331.5,2977.752686
331.6,2977.752686
331.7,2980.804443
331.8,2983.856201
331.9,3059.768677
332,3056.716919
332.1,3062.820435
332.2,3062.820435
332.3,3059.768677
332.4,2989.959717
332.5,2983.856201
332.6,2989.959717
332.7,2977.752686
332.8,2983.856201
332.9,3059.768677
333,3062.820435
333.1,3050.613403
333.2,3062.820435
333.3,3059.768677
333.4,2989.959717
333.5,2986.907959
333.6,2977.752686
333.7,2996.063232
333.8,2977.752686
333.9,3056.716919
334,3059.768677
334.1,3062.820435
334.2,3062.820435
334.3,3056.716919
334.4,2986.907959
334.5,2989.959717
334.6,2989.959717
334.7,2996.063232
334.8,2993.011475
334.9,3062.820435
335,3059.768677
335.1,3071.784973
335.2,3065.681458
335.3,3062.820435
335.4,2977.752686
335.5,2986.907959
335.6,2989.959717
335.7,2977.752686
335.8,2986.907959
335.9,3059.768677
336,3059.768677
336.1,3053.665161
336.2,3059.768677
336.3,3068.733215
336.4,2993.011475
336.5,2996.063232
336.6,2996.063232
336.7,2998.924255
336.8,3001.976013
336.9,3068.733215
337,3056.716919
337.1,3068.733215
337.2,3071.784973
337.3,3065.681458
337.4,2986.907959
337.5,2993.011475
337.6,2989.959717
337.7,2989.959717
337.8,2986.907959
337.9,3071.784973
338,3068.733215
338.1,3068.733215
338.2,3065.681458
338.3,3068.733215
338.4,3005.027771
338.5,3001.976013
338.6,2989.959717
338.7,2993.011475
338.8,2996.063232
338.9,3071.784973
339,3065.681458
339.1,3065.681458
339.2,3074.836731
339.3,3068.733215
339.4,3001.976013
339.5,3001.976013
339.6,2986.907959
339.7,3001.976013
339.8,2998.924255
339.9,3074.836731
340,3065.681458
340.1,3071.784973
340.2,3062.820435
340.3,3062.820435
340.4,3008.079529
340.5,3001.976013
340.6,2998.924255
340.7,2993.011475
340.8,3001.976013
340.9,3074.836731
341,3068.733215
341.1,3077.888489
341.2,3065.681458
341.3,3068.733215
341.4,3005.027771
341.5,3005.027771
341.6,2996.063232
341.7,3005.027771
341.8,3001.976013
341.9,3068.733215
342,3077.888489
342.1,3068.733215
342.2,3068.733215
342.3,3080.940247
342.4,3001.976013
342.5,2996.063232
342.6,3001.976013
342.7,2993.011475
342.8,2996.063232
342.9,3074.836731
343,3083.992004
343.1,3071.784973
343.2,3074.836731
343.3,3083.992004
343.4,3001.976013
343.5,3014.183044
343.6,3008.079529
343.7,3008.079529
343.8,3005.027771
343.9,3080.940247
344,3090.09552
344.1,3083.992004
344.2,3087.043762
344.3,3077.888489
344.4,3020.28656
344.5,3014.183044
344.6,3011.131287
344.7,3011.131287
344.8,3014.183044
344.9,3083.992004
345,3090.09552
345.1,3093.147278
345.2,3090.09552
345.3,3087.043762
345.4,3008.079529
345.5,3014.183044
345.6,3011.131287
345.7,3020.28656
345.8,3001.976013
345.9,3083.992004
346,3090.09552
346.1,3087.043762
346.2,3083.992004
346.3,3090.09552
346.4,3023.338318
346.5,3008.079529
346.6,3005.027771
346.7,3011.131287
346.8,3011.131287
346.9,3093.147278
347,3087.043762
347.1,3083.992004
347.2,3083.992004
347.3,3087.043762
347.4,3001.976013
347.5,3011.131287
347.6,3011.131287
347.7,3011.131287
347.8,3001.976013
347.9,3077.888489
348,3083.992004
348.1,3087.043762
348.2,3083.992004
348.3,3093.147278
348.4,3023.338318
348.5,3014.183044
348.6,3011.131287
348.7,3020.28656
348.8,3011.131287
348.9,3083.992004
349,3090.09552
349.1,3080.940247
349.2,3090.09552
349.3,3083.992004
349.4,3011.131287
349.5,3011.131287
349.6,3017.234802
349.7,3020.28656
349.8,3017.234802
349.9,3093.147278
350,3083.992004
350.1,3087.043762
350.2,3090.09552
350.3,3090.09552
350.4,3023.338318
350.5,3017.234802
350.6,3017.234802
350.7,3011.131287
350.8,3008.079529
350.9,3083.992004
351,3093.147278
351.1,3087.043762
351.2,3093.147278
351.3,3096.008301
351.4,3014.183044
351.5,3023.338318
351.6,3017.234802
351.7,3017.234802
351.8,3020.28656
351.9,3099.060059
352,3087.043762
352.1,3090.09552
352.2,3093.147278
352.3,3083.992004
352.4,3011.131287
352.5,3017.234802
352.6,3023.338318
352.7,3020.28656
352.8,3032.302856
352.9,3096.008301
353,3096.008301
353.1,3096.008301
353.2,3096.008301
353.3,3099.060059
353.4,3020.28656
353.5,3026.390076
353.6,3011.131287
353.7,3023.338318
353.8,3023.338318
353.9,3090.09552
354,3099.060059
354.1,3099.060059
354.2,3099.060059
354.3,3093.147278
354.4,3026.390076
354.5,3020.28656
354.6,3023.338318
354.7,3032.302856
354.8,3032.302856
354.9,3102.111816
355,3099.060059
355.1,3093.147278
355.2,3099.060059
355.3,3020.28656
355.4,3023.338318
355.5,3032.302856
355.6,3020.28656
355.7,3032.302856
355.8,3032.302856
355.9,3102.111816
356,3096.008301
356.1,3096.008301
356.2,3093.147278
356.3,3020.28656
356.4,3032.302856
356.5,3023.338318
356.6,3038.406372
356.7,3032.302856
356.8,3232.574463
356.9,3111.26709
357,3099.060059
357.1,3111.26709
357.2,3105.163574
357.3,3026.390076
357.4,3038.406372
357.5,3032.302856
357.6,3038.406372
357.7,3026.390076
357.8,3244.781494
357.9,3108.215332
358,3105.163574
358.1,3111.26709
358.2,3111.26709
358.3,3017.234802
358.4,3035.354614
358.5,3035.354614
358.6,3038.406372
358.7,3041.45813
358.8,3250.88501
358.9,3111.26709
359,3117.370605
359.1,3120.422363
359.2,3108.215332
359.3,3023.338318
359.4,3050.613403
359.5,3044.509888
359.6,3035.354614
359.7,3038.406372
359.8,3247.833252
359.9,3108.215332
360,3123.474121
360.1,3114.318848
360.2,3123.474121
360.3,3026.390076
360.4,3050.613403
360.5,3041.45813
360.6,3041.45813
360.7,3041.45813
360.8,3235.626221
360.9,3120.422363
361,3114.318848
361.1,3123.474121
361.2,3114.318848
361.3,3032.302856
361.4,3041.45813
361.5,3050.613403
361.6,3038.406372
361.7,3038.406372
361.8,3214.454651
361.9,3114.318848
362,3120.422363
362.1,3111.26709
362.2,3123.474121
362.3,3035.354614
362.4,3053.665161
362.5,3050.613403
362.6,3056.716919
362.7,3041.45813
362.8,3208.351135
362.9,3126.525879
363,3129.386902
363.1,3120.422363
363.2,3117.370605
363.3,3038.406372
363.4,3050.613403
363.5,3044.509888
363.6,3047.561646
363.7,3053.665161
363.8,3202.24762
363.9,3126.525879
364,3126.525879
364.1,3120.422363
364.2,3129.386902
364.3,3035.354614
364.4,3047.561646
364.5,3062.820435
364.6,3056.716919
364.7,3050.613403
364.8,3193.092346
364.9,3129.386902
365,3129.386902
365.1,3132.43866
365.2,3126.525879
365.3,3050.613403
365.4,3056.716919
365.5,3056.716919
365.6,3059.768677
365.7,3053.665161
365.8,3181.07605
365.9,3129.386902
366,3123.474121
366.1,3123.474121
366.2,3126.525879
366.3,3056.716919
366.4,3056.716919
366.5,3059.768677
366.6,3062.820435
366.7,3053.665161
366.8,3181.07605
366.9,3138.542175
367,3135.490417
367.1,3135.490417
367.2,3129.386902
367.3,3059.768677
367.4,3062.820435
367.5,3059.768677
367.6,3056.716919
367.7,3056.716919
367.8,3178.024292
367.9,3138.542175
368,3132.43866
368.1,3135.490417
368.2,3132.43866
368.3,3071.784973
368.4,3062.820435
368.5,3062.820435
368.6,3068.733215
368.7,3056.716919
368.8,3181.07605
368.9,3135.490417
369,3138.542175
369.1,3129.386902
369.2,3141.593933
369.3,3062.820435
369.4,3062.820435
369.5,3065.681458
369.6,3059.768677
369.7,3065.681458
369.8,3168.869019
369.9,3141.593933
370,3135.490417
370.1,3138.542175
370.2,3144.645691
370.3,3068.733215
370.4,3059.768677
370.5,3059.768677
370.6,3059.768677
370.7,3065.681458
370.8,3171.920776
370.9,3141.593933
371,3141.593933
371.1,3132.43866
371.2,3147.697449
371.3,3065.681458
371.4,3065.681458
371.5,3080.940247
371.6,3074.836731
371.7,3065.681458
371.8,3174.972534
371.9,3147.697449
372,3138.542175
372.1,3159.90448
372.2,3147.697449
372.3,3071.784973
372.4,3074.836731
372.5,3068.733215
372.6,3065.681458
372.7,3068.733215
372.8,3168.869019
372.9,3150.749207
373,3144.645691
373.1,3138.542175
373.2,3138.542175
373.3,3065.681458
373.4,3071.784973
373.5,3071.784973
373.6,3065.681458
373.7,3071.784973
373.8,3174.972534
373.9,3147.697449
374,3135.490417
374.1,3138.542175
374.2,3159.90448
374.3,3074.836731
374.4,3068.733215
374.5,3065.681458
374.6,3071.784973
374.7,3068.733215
374.8,3168.869019
374.9,3147.697449
375,3147.697449
375.1,3141.593933
375.2,3141.593933
375.3,3080.940247
375.4,3077.888489
375.5,3083.992004
375.6,3077.888489
375.7,3074.836731
375.8,3178.024292
375.9,3156.852722
376,3150.749207
376.1,3153.800964
376.2,3144.645691
376.3,3071.784973
376.4,3080.940247
376.5,3077.888489
376.6,3077.888489
376.7,3083.992004
376.8,3168.869019
376.9,3150.749207
377,3159.90448
377.1,3159.90448
377.2,3156.852722
377.3,3074.836731
377.4,3083.992004
377.5,3077.888489
377.6,3083.992004
377.7,3074.836731
377.8,3178.024292
377.9,3144.645691
378,3150.749207
378.1,3153.800964
378.2,3159.90448
378.3,3087.043762
378.4,3083.992004
378.5,3083.992004
378.6,3083.992004
378.7,3083.992004
378.8,3171.920776
378.9,3156.852722
379,3162.765503
379.1,3156.852722
379.2,3168.869019
379.3,3090.09552
379.4,3099.060059
379.5,3087.043762
379.6,3083.992004
379.7,3090.09552
379.8,3181.07605
379.9,3174.972534
380,3156.852722
380.1,3162.765503
380.2,3162.765503
380.3,3090.09552
380.4,3090.09552
380.5,3096.008301
380.6,3090.09552
380.7,3090.09552
380.8,3184.127808
380.9,3168.869019
381,3168.869019
381.1,3178.024292
381.2,3168.869019
381.3,3093.147278
381.4,3102.111816
381.5,3096.008301
381.6,3099.060059
381.7,3099.060059
381.8,3184.127808
381.9,3171.920776
382,3168.869019
382.1,3168.869019
382.2,3156.852722
382.3,3093.147278
382.4,3099.060059
382.5,3093.147278
382.6,3099.060059
382.7,3102.111816
382.8,3174.972534
382.9,3178.024292
383,3178.024292
383.1,3174.972534
383.2,3168.869019
383.3,3111.26709
383.4,3105.163574
383.5,3096.008301
383.6,3093.147278
383.7,3111.26709
383.8,3181.07605
383.9,3168.869019
384,3171.920776
384.1,3168.869019
384.2,3174.972534
384.3,3102.111816
384.4,3108.215332
384.5,3099.060059
384.6,3096.008301
384.7,3102.111816
384.8,3193.092346
384.9,3174.972534
385,3181.07605
385.1,3184.127808
385.2,3168.869019
385.3,3099.060059
385.4,3099.060059
385.5,3105.163574
385.6,3099.060059
385.7,3108.215332
385.8,3181.07605
385.9,3174.972534
386,3181.07605
386.1,3174.972534
386.2,3171.920776
386.3,3108.215332
386.4,3099.060059
386.5,3111.26709
386.6,3102.111816
386.7,3111.26709
386.8,3196.144104
386.9,3181.07605
387,3171.920776
387.1,3171.920776
387.2,3181.07605
387.3,3108.215332
387.4,3102.111816
387.5,3099.060059
387.6,3105.163574
387.7,3111.26709
387.8,3190.231323
387.9,3181.07605
388,3181.07605
388.1,3178.024292
388.2,3168.869019
388.3,3099.060059
388.4,3108.215332
388.5,3096.008301
388.6,3099.060059
388.7,3108.215332
388.8,3187.179565
388.9,3178.024292
389,3184.127808
389.1,3181.07605
389.2,3187.179565
389.3,3111.26709
389.4,3111.26709
389.5,3111.26709
389.6,3123.474121
389.7,3120.422363
389.8,3196.144104
389.9,3187.179565
390,3196.144104
390.1,3187.179565
390.2,3181.07605
390.3,3108.215332
390.4,3114.318848
390.5,3117.370605
390.6,3120.422363
390.7,3117.370605
390.8,3193.092346
390.9,3196.144104
391,3181.07605
391.1,3184.127808
391.2,3181.07605
391.3,3120.422363
391.4,3123.474121
391.5,3120.422363
391.6,3120.422363
391.7,3120.422363
391.8,3196.144104
391.9,3193.092346
392,3187.179565
392.1,3187.179565
392.2,3196.144104
392.3,3126.525879
392.4,3114.318848
392.5,3123.474121
392.6,3120.422363
392.7,3123.474121
392.8,3202.24762
392.9,3196.144104
393,3196.144104
393.1,3199.195862
393.2,3190.231323
393.3,3114.318848
393.4,3114.318848
393.5,3135.490417
393.6,3117.370605
393.7,3123.474121
393.8,3202.24762
393.9,3202.24762
394,3196.144104
394.1,3199.195862
394.2,3196.144104
394.3,3129.386902
394.4,3129.386902
394.5,3117.370605
394.6,3117.370605
394.7,3126.525879
394.8,3208.351135
394.9,3190.231323
395,3199.195862
395.1,3208.351135
395.2,3196.144104
395.3,3129.386902
395.4,3126.525879
395.5,3123.474121
395.6,3120.422363
395.7,3120.422363
395.8,3196.144104
395.9,3205.299377
396,3202.24762
396.1,3205.299377
396.2,3196.144104
396.3,3126.525879
396.4,3132.43866
396.5,3129.386902
396.6,3123.474121
396.7,3126.525879
396.8,3208.351135
396.9,3205.299377
397,3205.299377
397.1,3202.24762
397.2,3208.351135
397.3,3144.645691
397.4,3129.386902
397.5,3135.490417
397.6,3132.43866
397.7,3132.43866
397.8,3211.402893
397.9,3205.299377
398,3211.402893
398.1,3208.351135
398.2,3211.402893
398.3,3147.697449
398.4,3135.490417
398.5,3141.593933
398.6,3132.43866
398.7,3135.490417
398.8,3214.454651
398.9,3211.402893
399,3211.402893
399.1,3217.506409
399.2,3205.299377
399.3,3135.490417
399.4,3135.490417
399.5,3141.593933
399.6,3132.43866
399.7,3138.542175
399.8,3211.402893
399.9,3217.506409
400,3220.558167
400.1,3214.454651
400.2,3205.299377
400.3,3147.697449
400.4,3135.490417
400.5,3135.490417
400.6,3144.645691
400.7,3147.697449
400.8,3214.454651
400.9,3214.454651
401,3217.506409
401.1,3217.506409
401.2,3220.558167
401.3,3147.697449
401.4,3150.749207
401.5,3153.800964
401.6,3138.542175
401.7,3159.90448
401.8,3232.574463
401.9,3220.558167
402,3217.506409
402.1,3211.402893
402.2,3220.558167
402.3,3159.90448
402.4,3138.542175
402.5,3144.645691
402.6,3144.645691
402.7,3138.542175
402.8,3223.609924
402.9,3220.558167
403,3220.558167
403.1,3226.470947
403.2,3217.506409
403.3,3150.749207
403.4,3156.852722
403.5,3162.765503
403.6,3147.697449
403.7,3159.90448
403.8,3232.574463
403.9,3226.470947
404,3223.609924
404.1,3223.609924
404.2,3217.506409
404.3,3150.749207
404.4,3144.645691
404.5,3147.697449
404.6,3159.90448
404.7,3159.90448
404.8,3226.470947
404.9,3232.574463
405,3226.470947
405.1,3217.506409
405.2,3217.506409
405.3,3156.852722
405.4,3150.749207
405.5,3159.90448
405.6,3159.90448
405.7,3147.697449
405.8,3238.677979
405.9,3232.574463
406,3232.574463
406.1,3226.470947
406.2,3235.626221
406.3,3159.90448
406.4,3153.800964
406.5,3147.697449
406.6,3159.90448
406.7,3153.800964
406.8,3220.558167
406.9,3229.522705
407,3226.470947
407.1,3235.626221
407.2,3235.626221
407.3,3165.817261
407.4,3147.697449
407.5,3156.852722
407.6,3159.90448
407.7,3159.90448
407.8,3235.626221
407.9,3232.574463
408,3226.470947
408.1,3229.522705
408.2,3232.574463
408.3,3162.765503
408.4,3168.869019
408.5,3165.817261
408.6,3153.800964
408.7,3156.852722
408.8,3229.522705
408.9,3229.522705
409,3232.574463
409.1,3235.626221
409.2,3232.574463
409.3,3178.024292
409.4,3156.852722
409.5,3168.869019
409.6,3171.920776
409.7,3178.024292
409.8,3244.781494
409.9,3244.781494
410,3241.729736
410.1,3250.88501
410.2,3244.781494
410.3,3174.972534
410.4,3171.920776
410.5,3168.869019
410.6,3184.127808
410.7,3171.920776
410.8,3247.833252
410.9,3244.781494
411,3241.729736
411.1,3250.88501
411.2,3250.88501
411.3,3178.024292
411.4,3171.920776
411.5,3174.972534
411.6,3178.024292
411.7,3171.920776
411.8,3250.88501
411.9,3250.88501
412,3250.88501
412.1,3250.88501
412.2,3247.833252
412.3,3184.127808
412.4,3181.07605
412.5,3187.179565
412.6,3178.024292
412.7,3187.179565
412.8,3256.988525
412.9,3256.988525
413,3253.936768
413.1,3250.88501
413.2,3253.936768
413.3,3184.127808
413.4,3187.179565
413.5,3178.024292
413.6,3184.127808
413.7,3174.972534
413.8,3250.88501
413.9,3256.988525
414,3259.849548
414.1,3250.88501
414.2,3247.833252
414.3,3187.179565
414.4,3184.127808
414.5,3196.144104
414.6,3181.07605
414.7,3178.024292
414.8,3256.988525
414.9,3253.936768
415,3247.833252
415.1,3262.901306
415.2,3256.988525
415.3,3181.07605
415.4,3187.179565
415.5,3184.127808
415.6,3187.179565
415.7,3193.092346
415.8,3262.901306
415.9,3269.004822
416,3269.004822
416.1,3262.901306
416.2,3253.936768
416.3,3202.24762
416.4,3196.144104
416.5,3196.144104
416.6,3184.127808
416.7,3196.144104
416.8,3259.849548
416.9,3265.953064
417,3262.901306
417.1,3262.901306
417.2,3269.004822
417.3,3196.144104
417.4,3193.092346
417.5,3196.144104
417.6,3193.092346
417.7,3202.24762
417.8,3278.160095
417.9,3269.004822
418,3272.05658
418.1,3269.004822
418.2,3272.05658
418.3,3208.351135
418.4,3193.092346
418.5,3196.144104
418.6,3196.144104
418.7,3202.24762
418.8,3272.05658
418.9,3272.05658
419,3272.05658
419.1,3275.108337
419.2,3265.953064
419.3,3208.351135
419.4,3205.299377
419.5,3208.351135
419.6,3205.299377
419.7,3214.454651
419.8,3278.160095
419.9,3269.004822
420,3281.211853
420.1,3272.05658
420.2,3278.160095
420.3,3211.402893
420.4,3205.299377
420.5,3214.454651
420.6,3211.402893
420.7,3214.454651
420.8,3293.228149
420.9,3284.263611
421,3278.160095
421.1,3278.160095
421.2,3278.160095
421.3,3217.506409
421.4,3220.558167
421.5,3214.454651
421.6,3205.299377
421.7,3205.299377
421.8,3284.263611
421.9,3287.315369
422,3284.263611
422.1,3278.160095
422.2,3278.160095
422.3,3211.402893
422.4,3202.24762
422.5,3208.351135
422.6,3208.351135
422.7,3217.506409
422.8,3278.160095
422.9,3287.315369
423,3290.176392
423.1,3287.315369
423.2,3287.315369
423.3,3211.402893
423.4,3205.299377
423.5,3214.454651
423.6,3214.454651
423.7,3211.402893
423.8,3281.211853
423.9,3281.211853
424,3278.160095
424.1,3278.160095
424.2,3199.195862
424.3,3217.506409
424.4,3226.470947
424.5,3226.470947
424.6,3217.506409
424.7,3217.506409
424.8,3299.331665
424.9,3293.228149
425,3293.228149
425.1,3299.331665
425.2,3205.299377
425.3,3214.454651
425.4,3220.558167
425.5,3226.470947
425.6,3211.402893
425.7,3426.742554
425.8,3296.279907
425.9,3290.176392
426,3296.279907
426.1,3290.176392
426.2,3205.299377
426.3,3220.558167
426.4,3217.506409
426.5,3217.506409
426.6,3220.558167
426.7,3423.690796
426.8,3290.176392
426.9,3299.331665
427,3290.176392
427.1,3284.263611
427.2,3202.24762
427.3,3235.626221
427.4,3226.470947
427.5,3223.609924
427.6,3220.558167
427.7,3435.897827
427.8,3305.435181
427.9,3296.279907
428,3290.176392
428.1,3302.383423
428.2,3211.402893
428.3,3235.626221
428.4,3235.626221
428.5,3226.470947
428.6,3238.677979
428.7,3432.846069
428.8,3299.331665
428.9,3293.228149
429,3305.435181
429.1,3299.331665
429.2,3220.558167
429.3,3238.677979
429.4,3241.729736
429.5,3232.574463
429.6,3229.522705
429.7,3426.742554
429.8,3314.590454
429.9,3308.486938
430,3302.383423
430.1,3302.383423
430.2,3217.506409
430.3,3232.574463
430.4,3232.574463
430.5,3232.574463
430.6,3241.729736
430.7,3405.570984
430.8,3311.538696
430.9,3314.590454
431,3317.642212
431.1,3317.642212
431.2,3220.558167
431.3,3244.781494
431.4,3247.833252
431.5,3247.833252
431.6,3241.729736
431.7,3408.622742
431.8,3317.642212
431.9,3317.642212
432,3314.590454
432.1,3314.590454
432.2,3232.574463
432.3,3238.677979
432.4,3256.988525
432.5,3247.833252
432.6,3235.626221
432.7,3396.41571
432.8,3320.69397
432.9,3329.658508
433,3311.538696
433.1,3323.554993
433.2,3229.522705
433.3,3253.936768
433.4,3250.88501
433.5,3241.729736
433.6,3244.781494
433.7,3393.363953
433.8,3314.590454
433.9,3314.590454
434,3329.658508
434.1,3314.590454
434.2,3253.936768
434.3,3244.781494
434.4,3250.88501
434.5,3244.781494
434.6,3253.936768
434.7,3387.260437
434.8,3323.554993
434.9,3317.642212
435,3326.60675
435.1,3314.590454
435.2,3250.88501
435.3,3256.988525
435.4,3259.849548
435.5,3256.988525
435.6,3253.936768
435.7,3375.244141
435.8,3329.658508
435.9,3329.658508
436,3323.554993
436.1,3320.69397
436.2,3253.936768
436.3,3256.988525
436.4,3256.988525
436.5,3247.833252
436.6,3262.901306
436.7,3375.244141
436.8,3323.554993
436.9,3329.658508
437,3326.60675
437.1,3329.658508
437.2,3253.936768
437.3,3253.936768
437.4,3253.936768
437.5,3253.936768
437.6,3253.936768
437.7,3363.037109
437.8,3332.710266
437.9,3338.813782
438,3326.60675
438.1,3326.60675
438.2,3253.936768
438.3,3259.849548
438.4,3253.936768
438.5,3262.901306
438.6,3256.988525
438.7,3363.037109
438.8,3332.710266
438.9,3338.813782
439,3329.658508
439.1,3338.813782
439.2,3265.953064
439.3,3265.953064
439.4,3269.004822
439.5,3269.004822
439.6,3253.936768
439.7,3369.140625
439.8,3329.658508
439.9,3335.762024
440,3338.813782
440.1,3341.86554
440.2,3269.004822
440.3,3265.953064
440.4,3265.953064
440.5,3275.108337
440.6,3278.160095
440.7,3372.192383
440.8,3341.86554
440.9,3344.917297
441,3341.86554
441.1,3354.072571
441.2,3278.160095
441.3,3272.05658
441.4,3272.05658
441.5,3281.211853
441.6,3281.211853
441.7,3381.347656
441.8,3347.969055
441.9,3354.072571
442,3351.020813
442.1,3354.072571
442.2,3278.160095
442.3,3284.263611
442.4,3275.108337
442.5,3272.05658
442.6,3265.953064
442.7,3372.192383
442.8,3341.86554
442.9,3347.969055
443,3354.072571
443.1,3347.969055
443.2,3284.263611
443.3,3275.108337
443.4,3281.211853
443.5,3269.004822
443.6,3269.004822
443.7,3378.295898
443.8,3347.969055
443.9,3351.020813
444,3347.969055
444.1,3356.933594
444.2,3278.160095
444.3,3281.211853
444.4,3272.05658
444.5,3284.263611
444.6,3281.211853
444.7,3378.295898
444.8,3363.037109
444.9,3354.072571
445,3359.985352
445.1,3347.969055
445.2,3281.211853
445.3,3281.211853
445.4,3278.160095
445.5,3278.160095
445.6,3293.228149
445.7,3381.347656
445.8,3363.037109
445.9,3366.088867
446,3363.037109
446.1,3354.072571
446.2,3299.331665
446.3,3284.263611
446.4,3278.160095
446.5,3293.228149
446.6,3296.279907
446.7,3384.399414
446.8,3372.192383
446.9,3356.933594
447,3363.037109
447.1,3372.192383
447.2,3305.435181
447.3,3287.315369
447.4,3293.228149
447.5,3293.228149
447.6,3305.435181
447.7,3390.312195
447.8,3363.037109
447.9,3363.037109
448,3363.037109
448.1,3363.037109
448.2,3293.228149
448.3,3305.435181
448.4,3305.435181
448.5,3302.383423
448.6,3302.383423
448.7,3393.363953
448.8,3372.192383
448.9,3375.244141
449,3378.295898
449.1,3372.192383
449.2,3302.383423
449.3,3302.383423
449.4,3311.538696
449.5,3299.331665
449.6,3305.435181
449.7,3381.347656
449.8,3366.088867
449.9,3366.088867
450,3375.244141
450.1,3372.192383
450.2,3314.590454
450.3,3305.435181
450.4,3305.435181
450.5,3314.590454
450.6,3305.435181
450.7,3402.519226
450.8,3375.244141
450.9,3384.399414
451,3378.295898
451.1,3381.347656
451.2,3308.486938
451.3,3308.486938
451.4,3317.642212
451.5,3302.383423
451.6,3308.486938
451.7,3390.312195
451.8,3384.399414
451.9,3384.399414
452,3375.244141
452.1,3387.260437
452.2,3314.590454
452.3,3320.69397
452.4,3311.538696
452.5,3305.435181
452.6,3311.538696
452.7,3402.519226
452.8,3381.347656
452.9,3381.347656
453,3378.295898
453.1,3384.399414
453.2,3320.69397
453.3,3314.590454
453.4,3314.590454
453.5,3317.642212
453.6,3317.642212
453.7,3405.570984
453.8,3390.312195
453.9,3393.363953
454,3387.260437
454.1,3384.399414
454.2,3329.658508
454.3,3326.60675
454.4,3320.69397
454.5,3332.710266
454.6,3323.554993
454.7,3402.519226
454.8,3399.467468
454.9,3402.519226
455,3399.467468
455.1,3402.519226
455.2,3335.762024
455.3,3323.554993
455.4,3326.60675
455.5,3323.554993
455.6,3323.554993
455.7,3402.519226
455.8,3402.519226
455.9,3396.41571
456,3405.570984
456.1,3405.570984
456.2,3329.658508
456.3,3341.86554
456.4,3335.762024
456.5,3335.762024
456.6,3329.658508
456.7,3411.6745
456.8,3405.570984
456.9,3414.726257
457,3411.6745
457.1,3411.6745
457.2,3329.658508
457.3,3335.762024
457.4,3332.710266
457.5,3338.813782
457.6,3332.710266
457.7,3423.690796
457.8,3402.519226
457.9,3417.778015
458,3402.519226
458.1,3399.467468
458.2,3344.917297
458.3,3338.813782
458.4,3344.917297
458.5,3347.969055
458.6,3338.813782
458.7,3423.690796
458.8,3411.6745
458.9,3420.639038
459,3411.6745
459.1,3423.690796
459.2,3359.985352
459.3,3341.86554
459.4,3351.020813
459.5,3344.917297
459.6,3354.072571
459.7,3438.949585
459.8,3417.778015
459.9,3423.690796
460,3426.742554
460.1,3426.742554
460.2,3347.969055
460.3,3347.969055
460.4,3347.969055
460.5,3354.072571
460.6,3356.933594
460.7,3438.949585
460.8,3423.690796
460.9,3426.742554
461,3426.742554
461.1,3429.794312
461.2,3356.933594
461.3,3356.933594
461.4,3351.020813
461.5,3366.088867
461.6,3363.037109
461.7,3435.897827
461.8,3438.949585
461.9,3438.949585
462,3432.846069
462.1,3426.742554
462.2,3369.140625
462.3,3351.020813
462.4,3356.933594
462.5,3351.020813
462.6,3351.020813
462.7,3432.846069
462.8,3435.897827
462.9,3438.949585
463,3438.949585
463.1,3432.846069
463.2,3359.985352
463.3,3356.933594
463.4,3356.933594
463.5,3351.020813
463.6,3369.140625
463.7,3438.949585
463.8,3429.794312
463.9,3429.794312
464,3432.846069
464.1,3445.053101
464.2,3356.933594
464.3,3356.933594
464.4,3372.192383
464.5,3363.037109
464.6,3363.037109
464.7,3442.001343
464.8,3435.897827
464.9,3438.949585
465,3438.949585
465.1,3432.846069
465.2,3378.295898
465.3,3363.037109
465.4,3369.140625
465.5,3369.140625
465.6,3372.192383
465.7,3451.156616
465.8,3445.053101
465.9,3438.949585
466,3442.001343
466.1,3435.897827
466.2,3381.347656
466.3,3375.244141
466.4,3375.244141
466.5,3378.295898
466.6,3375.244141
466.7,3463.172913
466.8,3451.156616
466.9,3448.104858
467,3451.156616
467.1,3451.156616
467.2,3384.399414
467.3,3390.312195
467.4,3381.347656
467.5,3390.312195
467.6,3384.399414
467.7,3463.172913
467.8,3454.017639
467.9,3454.017639
468,3463.172913
468.1,3460.121155
468.2,3384.399414
468.3,3390.312195
468.4,3381.347656
468.5,3390.312195
468.6,3390.312195
468.7,3469.276428
468.8,3463.172913
468.9,3469.276428
469,3463.172913
469.1,3457.069397
469.2,3396.41571
469.3,3396.41571
469.4,3393.363953
469.5,3399.467468
469.6,3396.41571
469.7,3460.121155
469.8,3466.22467
469.9,3460.121155
470,3460.121155
470.1,3466.22467
470.2,3396.41571
470.3,3402.519226
470.4,3405.570984
470.5,3393.363953
470.6,3402.519226
470.7,3475.379944
470.8,3463.172913
470.9,3475.379944
471,3475.379944
471.1,3475.379944
471.2,3399.467468
471.3,3402.519226
471.4,3411.6745
471.5,3399.467468
471.6,3396.41571
471.7,3481.483459
471.8,3472.328186
471.9,3472.328186
472,3472.328186
472.1,3484.344482
472.2,3399.467468
472.3,3408.622742
472.4,3405.570984
472.5,3411.6745
472.6,3411.6745
472.7,3490.447998
472.8,3484.344482
472.9,3475.379944
473,3478.431702
473.1,3481.483459
473.2,3411.6745
473.3,3408.622742
473.4,3405.570984
473.5,3399.467468
473.6,3405.570984
473.7,3481.483459
473.8,3478.431702
473.9,3493.499756
474,3478.431702
474.1,3481.483459
474.2,3411.6745
474.3,3414.726257
474.4,3414.726257
474.5,3414.726257
474.6,3411.6745
474.7,3484.344482
474.8,3484.344482
474.9,3484.344482
475,3490.447998
475.1,3487.39624
475.2,3426.742554
475.3,3420.639038
475.4,3420.639038
475.5,3411.6745
475.6,3414.726257
475.7,3487.39624
475.8,3493.499756
475.9,3487.39624
476,3493.499756
476.1,3493.499756
476.2,3423.690796
476.3,3411.6745
476.4,3423.690796
476.5,3417.778015
476.6,3417.778015
476.7,3496.551514
476.8,3490.447998
476.9,3490.447998
477,3499.603271
477.1,3487.39624
477.2,3417.778015
477.3,3417.778015
477.4,3417.778015
477.5,3414.726257
477.6,3426.742554
477.7,3496.551514
477.8,3499.603271
477.9,3496.551514
478,3487.39624
478.1,3499.603271
478.2,3438.949585
478.3,3438.949585
478.4,3435.897827
478.5,3438.949585
478.6,3438.949585
478.7,3508.758545
478.8,3508.758545
478.9,3505.706787
479,3511.810303
479.1,3505.706787
479.2,3438.949585
479.3,3438.949585
479.4,3429.794312
479.5,3445.053101
479.6,3442.001343
479.7,3511.810303
479.8,3508.758545
479.9,3511.810303
480,3511.810303
480.1,3508.758545
480.2,3432.846069
480.3,3451.156616
480.4,3432.846069
480.5,3442.001343
480.6,3445.053101
480.7,3508.758545
480.8,3514.862061
480.9,3514.862061
481,3505.706787
481.1,3517.723083
481.2,3448.104858
481.3,3445.053101
481.4,3451.156616
481.5,3438.949585
481.6,3442.001343
481.7,3514.862061
481.8,3514.862061
481.9,3508.758545
482,3508.758545
482.1,3517.723083
482.2,3445.053101
482.3,3438.949585
482.4,3451.156616
482.5,3451.156616
482.6,3445.053101
482.7,3523.826599
482.8,3517.723083
482.9,3508.758545
483,3511.810303
483.1,3508.758545
483.2,3445.053101
483.3,3445.053101
483.4,3448.104858
483.5,3454.017639
483.6,3445.053101
483.7,3529.930115
483.8,3517.723083
483.9,3517.723083
484,3517.723083
484.1,3523.826599
484.2,3451.156616
484.3,3457.069397
484.4,3448.104858
484.5,3451.156616
484.6,3442.001343
484.7,3523.826599
484.8,3526.878357
484.9,3523.826599
485,3523.826599
485.1,3520.774841
485.2,3448.104858
485.3,3448.104858
485.4,3451.156616
485.5,3451.156616
485.6,3438.949585
485.7,3520.774841
485.8,3523.826599
485.9,3517.723083
486,3514.862061
486.1,3523.826599
486.2,3451.156616
486.3,3454.017639
486.4,3451.156616
486.5,3451.156616
486.6,3448.104858
486.7,3526.878357
486.8,3529.930115
486.9,3520.774841
487,3526.878357
487.1,3523.826599
487.2,3457.069397
487.3,3454.017639
487.4,3466.22467
487.5,3460.121155
487.6,3457.069397
487.7,3526.878357
487.8,3526.878357
487.9,3536.03363
488,3529.930115
488.1,3532.981873
488.2,3460.121155
488.3,3451.156616
488.4,3448.104858
488.5,3457.069397
488.6,3448.104858
488.7,3529.930115
488.8,3529.930115
488.9,3532.981873
489,3529.930115
489.1,3536.03363
489.2,3457.069397
489.3,3454.017639
489.4,3469.276428
489.5,3460.121155
489.6,3457.069397
489.7,3536.03363
489.8,3548.240662
489.9,3532.981873
490,3532.981873
490.1,3548.240662
490.2,3475.379944
490.3,3469.276428
490.4,3475.379944
490.5,3466.22467
490.6,3460.121155
490.7,3536.03363
490.8,3548.240662
490.9,3542.137146
491,3536.03363
491.1,3551.101685
491.2,3475.379944
491.3,3472.328186
491.4,3475.379944
491.5,3463.172913
491.6,3466.22467
491.7,3560.256958
491.8,3539.085388
491.9,3554.153442
492,3554.153442
492.1,3463.172913
492.2,3469.276428
492.3,3475.379944
492.4,3481.483459
492.5,3469.276428
492.6,3475.379944
492.7,3542.137146
492.8,3548.240662
492.9,3542.137146
493,3551.101685
493.1,3463.172913
493.2,3481.483459
493.3,3484.344482
493.4,3469.276428
493.5,3472.328186
493.6,3693.771362
493.7,3557.2052
493.8,3557.2052
493.9,3557.2052
494,3560.256958
494.1,3463.172913
494.2,3487.39624
494.3,3487.39624
494.4,3484.344482
494.5,3478.431702
494.6,3693.771362
494.7,3572.463989
494.8,3572.463989
494.9,3572.463989
495,3560.256958
495.1,3475.379944
495.2,3502.655029
495.3,3496.551514
495.4,3499.603271
495.5,3499.603271
495.6,3696.82312
495.7,3572.463989
495.8,3575.515747
495.9,3575.515747
496,3572.463989
496.1,3481.483459
496.2,3499.603271
496.3,3499.603271
496.4,3493.499756
496.5,3490.447998
496.6,3709.030151
496.7,3566.360474
496.8,3575.515747
496.9,3578.567505
497,3569.412231
497.1,3487.39624
497.2,3499.603271
497.3,3496.551514
497.4,3499.603271
497.5,3493.499756
497.6,3696.82312
497.7,3569.412231
497.8,3572.463989
497.9,3584.480286
498,3569.412231
498.1,3487.39624
498.2,3511.810303
498.3,3499.603271
498.4,3505.706787
498.5,3505.706787
498.6,3684.616089
498.7,3584.480286
498.8,3587.532043
498.9,3590.583801
499,3581.428528
499.1,3493.499756
499.2,3511.810303
499.3,3508.758545
499.4,3505.706787
499.5,3502.655029
499.6,3666.496277
499.7,3590.583801
499.8,3596.687317
499.9,3590.583801
500,3584.480286
500.1,3499.603271
500.2,3511.810303
500.3,3514.862061
500.4,3514.862061
500.5,3508.758545
500.6,3666.496277
500.7,3581.428528
500.8,3590.583801
500.9,3587.532043
501,3584.480286
501.1,3493.499756
501.2,3517.723083
501.3,3523.826599
501.4,3511.810303
501.5,3508.758545
501.6,3657.341003
501.7,3596.687317
501.8,3596.687317
501.9,3584.480286
502,3584.480286
502.1,3523.826599
502.2,3511.810303
502.3,3520.774841
502.4,3523.826599
502.5,3517.723083
502.6,3654.289246
502.7,3590.583801
502.8,3590.583801
502.9,3593.635559
503,3596.687317
503.1,3511.810303
503.2,3517.723083
503.3,3508.758545
503.4,3517.723083
503.5,3508.758545
503.6,3648.18573
503.7,3590.583801
503.8,3590.583801
503.9,3590.583801
504,3596.687317
504.1,3520.774841
504.2,3526.878357
504.3,3523.826599
504.4,3517.723083
504.5,3520.774841
504.6,3648.18573
504.7,3602.790833
504.8,3602.790833
504.9,3593.635559
505,3593.635559
505.1,3529.930115
505.2,3526.878357
505.3,3517.723083
505.4,3517.723083
505.5,3523.826599
505.6,3645.324707
505.7,3602.790833
505.8,3593.635559
505.9,3593.635559
506,3605.84259
506.1,3529.930115
506.2,3529.930115
506.3,3520.774841
506.4,3520.774841
506.5,3532.981873
506.6,3645.324707
506.7,3605.84259
506.8,3608.894348
506.9,3602.790833
507,3608.894348
507.1,3536.03363
507.2,3536.03363
507.3,3517.723083
507.4,3532.981873
507.5,3517.723083
507.6,3630.065918
507.7,3593.635559
507.8,3614.807129
507.9,3605.84259
508,3608.894348
508.1,3520.774841
508.2,3520.774841
508.3,3529.930115
508.4,3523.826599
508.5,3523.826599
508.6,3636.169434
508.7,3608.894348
508.8,3605.84259
508.9,3596.687317
509,3602.790833
509.1,3523.826599
509.2,3532.981873
509.3,3548.240662
509.4,3532.981873
509.5,3548.240662
509.6,3645.324707
509.7,3605.84259
509.8,3602.790833
509.9,3605.84259
510,3614.807129
510.1,3532.981873
510.2,3532.981873
510.3,3536.03363
510.4,3542.137146
510.5,3536.03363
510.6,3642.272949
510.7,3617.858887
510.8,3620.910645
510.9,3614.807129
511,3620.910645
511.1,3542.137146
511.2,3545.188904
511.3,3545.188904
511.4,3551.101685
511.5,3551.101685
511.6,3645.324707
511.7,3620.910645
511.8,3627.01416
511.9,3617.858887
512,3617.858887
512.1,3539.085388
512.2,3542.137146
512.3,3548.240662
512.4,3557.2052
512.5,3557.2052
512.6,3639.221191
512.7,3623.962402
512.8,3620.910645
512.9,3620.910645
513,3617.858887
513.1,3557.2052
513.2,3557.2052
513.3,3545.188904
513.4,3557.2052
513.5,3557.2052
513.6,3651.237488
513.7,3623.962402
513.8,3623.962402
513.9,3620.910645
514,3633.117676
514.1,3569.412231
514.2,3566.360474
514.3,3563.308716
514.4,3557.2052
514.5,3563.308716
514.6,3654.289246
514.7,3633.117676
514.8,3636.169434
514.9,3645.324707
515,3633.117676
515.1,3560.256958
515.2,3560.256958
515.3,3566.360474
515.4,3563.308716
515.5,3563.308716
515.6,3663.444519
515.7,3645.324707
515.8,3642.272949
515.9,3636.169434
516,3639.221191
516.1,3569.412231
516.2,3560.256958
516.3,3560.256958
516.4,3566.360474
516.5,3566.360474
516.6,3660.392761
516.7,3642.272949
516.8,3642.272949
516.9,3645.324707
517,3642.272949
517.1,3578.567505
517.2,3569.412231
517.3,3566.360474
517.4,3575.515747
517.5,3563.308716
517.6,3654.289246
517.7,3651.237488
517.8,3642.272949
517.9,3642.272949
518,3648.18573
518.1,3569.412231
518.2,3575.515747
518.3,3569.412231
518.4,3572.463989
518.5,3575.515747
518.6,3666.496277
518.7,3642.272949
518.8,3651.237488
518.9,3651.237488
519,3651.237488
519.1,3578.567505
519.2,3584.480286
519.3,3584.480286
519.4,3584.480286
519.5,3575.515747
519.6,3657.341003
519.7,3654.289246
519.8,3648.18573
519.9,3645.324707
520,3654.289246
520.1,3587.532043
520.2,3584.480286
520.3,3581.428528
520.4,3584.480286
520.5,3590.583801
520.6,3666.496277
520.7,3648.18573
520.8,3648.18573
520.9,3657.341003
521,3669.548035
521.1,3590.583801
521.2,3596.687317
521.3,3581.428528
521.4,3596.687317
521.5,3581.428528
521.6,3666.496277
521.7,3663.444519
521.8,3654.289246
521.9,3669.548035
522,3663.444519
522.1,3584.480286
522.2,3590.583801
522.3,3593.635559
522.4,3596.687317
522.5,3596.687317
522.6,3681.564331
522.7,3654.289246
522.8,3669.548035
522.9,3663.444519
523,3666.496277
523.1,3593.635559
523.2,3599.739075
523.3,3596.687317
523.4,3596.687317
523.5,3596.687317
523.6,3672.599792
523.7,3660.392761
523.8,3657.341003
523.9,3669.548035
524,3672.599792
524.1,3596.687317
524.2,3596.687317
524.3,3599.739075
524.4,3596.687317
524.5,3596.687317
524.6,3681.564331
524.7,3675.65155
524.8,3666.496277
524.9,3660.392761
525,3666.496277
525.1,3605.84259
525.2,3608.894348
525.3,3605.84259
525.4,3602.790833
525.5,3605.84259
525.6,3678.512573
525.7,3669.548035
525.8,3672.599792
525.9,3681.564331
526,3681.564331
526.1,3605.84259
526.2,3608.894348
526.3,3614.807129
526.4,3608.894348
526.5,3602.790833
526.6,3687.667847
526.7,3681.564331
526.8,3681.564331
526.9,3681.564331
527,3672.599792
527.1,3605.84259
527.2,3605.84259
527.3,3605.84259
527.4,3605.84259
527.5,3611.946106
527.6,3681.564331
527.7,3678.512573
527.8,3678.512573
527.9,3678.512573
528,3684.616089
528.1,3608.894348
528.2,3614.807129
528.3,3602.790833
528.4,3620.910645
528.5,3599.739075
528.6,3681.564331
528.7,3678.512573
528.8,3681.564331
528.9,3687.667847
529,3684.616089
529.1,3627.01416
529.2,3614.807129
529.3,3605.84259
529.4,3614.807129
529.5,3614.807129
529.6,3693.771362
529.7,3693.771362
529.8,3693.771362
529.9,3693.771362
530,3687.667847
530.1,3623.962402
530.2,3623.962402
530.3,3614.807129
530.4,3620.910645
530.5,3623.962402
530.6,3705.978394
530.7,3690.719604
530.8,3693.771362
530.9,3696.82312
531,3696.82312
531.1,3617.858887
531.2,3617.858887
531.3,3623.962402
531.4,3633.117676
531.5,3623.962402
531.6,3702.926636
531.7,3696.82312
531.8,3693.771362
531.9,3693.771362
532,3690.719604
532.1,3627.01416
532.2,3627.01416
532.3,3627.01416
532.4,3633.117676
532.5,3630.065918
532.6,3705.978394
532.7,3690.719604
532.8,3696.82312
532.9,3705.978394
533,3699.874878
533.1,3630.065918
533.2,3633.117676
533.3,3630.065918
533.4,3623.962402
533.5,3630.065918
533.6,3717.99469
533.7,3696.82312
533.8,3702.926636
533.9,3702.926636
534,3705.978394
534.1,3636.169434
534.2,3630.065918
534.3,3630.065918
534.4,3623.962402
534.5,3636.169434
534.6,3709.030151
534.7,3702.926636
534.8,3702.926636
534.9,3705.978394
535,3702.926636
535.1,3633.117676
535.2,3639.221191
535.3,3630.065918
535.4,3636.169434
535.5,3636.169434
535.6,3717.99469
535.7,3714.942932
535.8,3702.926636
535.9,3711.891174
536,3717.99469
536.1,3639.221191
536.2,3645.324707
536.3,3645.324707
536.4,3630.065918
536.5,3639.221191
536.6,3709.030151
536.7,3705.978394
536.8,3702.926636
536.9,3702.926636
537,3709.030151
537.1,3645.324707
537.2,3639.221191
537.3,3639.221191
537.4,3639.221191
537.5,3645.324707
537.6,3711.891174
537.7,3724.098206
537.8,3711.891174
537.9,3721.046448
538,3717.99469
538.1,3645.324707
538.2,3654.289246
538.3,3642.272949
538.4,3648.18573
538.5,3651.237488
538.6,3724.098206
538.7,3714.942932
538.8,3714.942932
538.9,3736.305237
539,3727.149963
539.1,3657.341003
539.2,3654.289246
539.3,3648.18573
539.4,3651.237488
539.5,3648.18573
539.6,3730.201721
539.7,3714.942932
539.8,3727.149963
539.9,3727.149963
540,3730.201721
540.1,3657.341003
540.2,3651.237488
540.3,3660.392761
540.4,3657.341003
540.5,3651.237488
540.6,3742.408752
540.7,3724.098206
540.8,3727.149963
540.9,3730.201721
541,3724.098206
541.1,3669.548035
541.2,3654.289246
541.3,3657.341003
541.4,3651.237488
541.5,3663.444519
541.6,3742.408752
541.7,3742.408752
541.8,3724.098206
541.9,3730.201721
542,3727.149963
542.1,3666.496277
542.2,3669.548035
542.3,3660.392761
542.4,3666.496277
542.5,3669.548035
542.6,3736.305237
542.7,3745.269775
542.8,3748.321533
542.9,3742.408752
543,3739.356995
543.1,3663.444519
543.2,3663.444519
543.3,3663.444519
543.4,3666.496277
543.5,3660.392761
543.6,3742.408752
543.7,3733.253479
543.8,3733.253479
543.9,3736.305237
544,3742.408752
544.1,3681.564331
544.2,3675.65155
544.3,3666.496277
544.4,3669.548035
544.5,3672.599792
544.6,3754.425049
544.7,3748.321533
544.8,3745.269775
544.9,3739.356995
545,3739.356995
545.1,3672.599792
545.2,3672.599792
545.3,3666.496277
545.4,3672.599792
545.5,3669.548035
545.6,3745.269775
545.7,3751.373291
545.8,3742.408752
545.9,3745.269775
546,3742.408752
546.1,3681.564331
546.2,3678.512573
546.3,3681.564331
546.4,3678.512573
546.5,3681.564331
546.6,3754.425049
546.7,3748.321533
546.8,3751.373291
546.9,3751.373291
547,3754.425049
547.1,3687.667847
547.2,3681.564331
547.3,3681.564331
547.4,3678.512573
547.5,3681.564331
547.6,3754.425049
547.7,3748.321533
547.8,3745.269775
547.9,3748.321533
548,3760.528564
548.1,3678.512573
548.2,3687.667847
548.3,3684.616089
548.4,3678.512573
548.5,3678.512573
548.6,3751.373291
548.7,3751.373291
548.8,3757.476807
548.9,3757.476807
549,3757.476807
549.1,3690.719604
549.2,3690.719604
549.3,3687.667847
549.4,3681.564331
549.5,3693.771362
549.6,3766.63208
549.7,3766.63208
549.8,3754.425049
549.9,3760.528564
550,3751.373291
550.1,3684.616089
550.2,3693.771362
550.3,3690.719604
550.4,3693.771362
550.5,3693.771362
550.6,3766.63208
550.7,3766.63208
550.8,3772.735596
550.9,3769.683838
551,3763.580322
551.1,3702.926636
551.2,3699.874878
551.3,3709.030151
551.4,3696.82312
551.5,3696.82312
551.6,3784.751892
551.7,3778.648376
551.8,3775.596619
551.9,3784.751892
552,3781.700134
552.1,3705.978394
552.2,3711.891174
552.3,3702.926636
552.4,3711.891174
552.5,3702.926636
552.6,3778.648376
552.7,3784.751892
552.8,3790.855408
552.9,3772.735596
553,3775.596619
553.1,3717.99469
553.2,3702.926636
553.3,3705.978394
553.4,3709.030151
553.5,3705.978394
553.6,3790.855408
553.7,3778.648376
553.8,3781.700134
553.9,3784.751892
554,3790.855408
554.1,3709.030151
554.2,3717.99469
554.3,3714.942932
554.4,3721.046448
554.5,3711.891174
554.6,3793.907166
554.7,3787.80365
554.8,3790.855408
554.9,3790.855408
555,3784.751892
555.1,3714.942932
555.2,3721.046448
555.3,3709.030151
555.4,3714.942932
555.5,3711.891174
555.6,3790.855408
555.7,3790.855408
555.8,3787.80365
555.9,3790.855408
556,3790.855408
556.1,3736.305237
556.2,3742.408752
556.3,3724.098206
556.4,3721.046448
556.5,3721.046448
556.6,3800.010681
556.7,3793.907166
556.8,3803.062439
556.9,3796.958923
557,3803.062439
557.1,3717.99469
557.2,3727.149963
557.3,3730.201721
557.4,3727.149963
557.5,3730.201721
557.6,3796.958923
557.7,3787.80365
557.8,3800.010681
557.9,3800.010681
558,3803.062439
558.1,3733.253479
558.2,3736.305237
558.3,3742.408752
558.4,3736.305237
558.5,3742.408752
558.6,3800.010681
558.7,3796.958923
558.8,3800.010681
558.9,3806.114197
559,3721.046448
559.1,3739.356995
559.2,3739.356995
559.3,3748.321533
559.4,3736.305237
559.5,3957.748413
559.6,3808.97522
559.7,3818.130493
559.8,3815.078735
559.9,3808.97522
560,3721.046448
560.1,3748.321533
560.2,3742.408752
560.3,3745.269775
560.4,3739.356995
560.5,3954.696655
560.6,3815.078735
560.7,3803.062439
560.8,3812.026978
560.9,3808.97522
561,3730.201721
561.1,3745.269775
561.2,3754.425049
561.3,3742.408752
561.4,3745.269775
561.5,3954.696655
561.6,3824.234009
561.7,3827.285767
561.8,3821.182251
561.9,3815.078735
562,3733.253479
562.1,3751.373291
562.2,3757.476807
562.3,3760.528564
562.4,3754.425049
562.5,3960.800171
562.6,3824.234009
562.7,3821.182251
562.8,3821.182251
562.9,3827.285767
563,3739.356995
563.1,3760.528564
563.2,3748.321533
563.3,3754.425049
563.4,3760.528564
563.5,3957.748413
563.6,3824.234009
563.7,3821.182251
563.8,3827.285767
563.9,3827.285767
564,3739.356995
564.1,3757.476807
564.2,3754.425049
564.3,3766.63208
564.4,3766.63208
564.5,3939.437866
564.6,3833.389282
564.7,3833.389282
564.8,3833.389282
564.9,3836.44104
565,3745.269775
565.1,3769.683838
565.2,3766.63208
565.3,3778.648376
565.4,3766.63208
565.5,3939.437866
565.6,3836.44104
565.7,3833.389282
565.8,3842.353821
565.9,3842.353821
566,3751.373291
566.1,3763.580322
566.2,3766.63208
566.3,3760.528564
566.4,3763.580322
566.5,3912.162781
566.6,3842.353821
566.7,3839.492798
566.8,3839.492798
566.9,3836.44104
567,3751.373291
567.1,3769.683838
567.2,3778.648376
567.3,3766.63208
567.4,3763.580322
567.5,3903.198242
567.6,3842.353821
567.7,3845.405579
567.8,3842.353821
567.9,3842.353821
568,3766.63208
568.1,3763.580322
568.2,3766.63208
568.3,3772.735596
568.4,3769.683838
568.5,3906.059265
568.6,3845.405579
568.7,3839.492798
568.8,3851.509094
568.9,3842.353821
569,3778.648376
569.1,3778.648376
569.2,3778.648376
569.3,3778.648376
569.4,3778.648376
569.5,3900.146484
569.6,3848.457336
569.7,3836.44104
569.8,3851.509094
569.9,3851.509094
570,3784.751892
570.1,3790.855408
570.2,3787.80365
570.3,3778.648376
570.4,3778.648376
570.5,3912.162781
570.6,3863.716125
570.7,3860.664368
570.8,3860.664368
570.9,3866.767883
571,3787.80365
571.1,3793.907166
571.2,3793.907166
571.3,3787.80365
571.4,3790.855408
571.5,3912.162781
571.6,3860.664368
571.7,3860.664368
571.8,3860.664368
571.9,3857.61261
572,3793.907166
572.1,3803.062439
572.2,3796.958923
572.3,3790.855408
572.4,3793.907166
572.5,3897.094727
572.6,3860.664368
572.7,3860.664368
572.8,3860.664368
572.9,3872.680664
573,3800.010681
573.1,3787.80365
573.2,3793.907166
573.3,3790.855408
573.4,3800.010681
573.5,3912.162781
573.6,3872.680664
573.7,3863.716125
573.8,3869.819641
573.9,3875.732422
574,3808.97522
574.1,3803.062439
574.2,3793.907166
574.3,3800.010681
574.4,3800.010681
574.5,3900.146484
574.6,3872.680664
574.7,3872.680664
574.8,3866.767883
574.9,3872.680664
575,3808.97522
575.1,3803.062439
575.2,3808.97522
575.3,3806.114197
575.4,3796.958923
575.5,3903.198242
575.6,3869.819641
575.7,3875.732422
575.8,3875.732422
575.9,3869.819641
576,3800.010681
576.1,3800.010681
576.2,3800.010681
576.3,3803.062439
576.4,3800.010681
576.5,3897.094727
576.6,3881.835938
576.7,3887.939453
576.8,3878.78418
576.9,3887.939453
577,3803.062439
577.1,3815.078735
577.2,3815.078735
577.3,3815.078735
577.4,3815.078735
577.5,3900.146484
577.6,3878.78418
577.7,3887.939453
577.8,3881.835938
577.9,3887.939453
578,3815.078735
578.1,3818.130493
578.2,3818.130493
578.3,3808.97522
578.4,3818.130493
578.5,3909.111023
578.6,3890.991211
578.7,3894.042969
578.8,3881.835938
578.9,3900.146484
579,3821.182251
579.1,3818.130493
579.2,3821.182251
579.3,3827.285767
579.4,3821.182251
579.5,3918.266296
579.6,3900.146484
579.7,3894.042969
579.8,3890.991211
579.9,3887.939453
580,3830.337524
580.1,3839.492798
580.2,3830.337524
580.3,3824.234009
580.4,3827.285767
580.5,3924.369812
580.6,3900.146484
580.7,3912.162781
580.8,3906.059265
580.9,3900.146484
581,3833.389282
581.1,3836.44104
581.2,3842.353821
581.3,3830.337524
581.4,3830.337524
581.5,3942.489624
581.6,3912.162781
581.7,3912.162781
581.8,3912.162781
581.9,3912.162781
582,3848.457336
582.1,3851.509094
582.2,3851.509094
582.3,3848.457336
582.4,3845.405579
582.5,3942.489624
582.6,3936.576843
582.7,3915.214539
582.8,3921.318054
582.9,3915.214539
583,3848.457336
583.1,3842.353821
583.2,3848.457336
583.3,3857.61261
583.4,3845.405579
583.5,3945.541382
583.6,3921.318054
583.7,3936.576843
583.8,3918.266296
583.9,3924.369812
584,3848.457336
584.1,3848.457336
584.2,3848.457336
584.3,3857.61261
584.4,3857.61261
584.5,3933.525085
584.6,3918.266296
584.7,3936.576843
584.8,3936.576843
584.9,3921.318054
585,3848.457336
585.1,3851.509094
585.2,3848.457336
585.3,3857.61261
585.4,3851.509094
585.5,3930.473328
585.6,3936.576843
585.7,3921.318054
585.8,3936.576843
585.9,3939.437866
586,3857.61261
586.1,3863.716125
586.2,3854.560852
586.3,3857.61261
586.4,3851.509094
586.5,3942.489624
586.6,3939.437866
586.7,3948.59314
586.8,3948.59314
586.9,3924.369812
587,3860.664368
587.1,3854.560852
587.2,3863.716125
587.3,3854.560852
587.4,3854.560852
587.5,3948.59314
587.6,3930.473328
587.7,3942.489624
587.8,3942.489624
587.9,3945.541382
588,3869.819641
588.1,3866.767883
588.2,3869.819641
588.3,3866.767883
588.4,3872.680664
588.5,3960.800171
588.6,3945.541382
588.7,3948.59314
588.8,3948.59314
588.9,3951.644897
589,3872.680664
589.1,3872.680664
589.2,3863.716125
589.3,3875.732422
589.4,3869.819641
589.5,3957.748413
589.6,3945.541382
589.7,3948.59314
589.8,3954.696655
589.9,3954.696655
590,3869.819641
590.1,3869.819641
590.2,3881.835938
590.3,3875.732422
590.4,3878.78418
590.5,3957.748413
590.6,3951.644897
590.7,3957.748413
590.8,3960.800171
590.9,3960.800171
591,3875.732422
591.1,3884.887695
591.2,3887.939453
591.3,3887.939453
591.4,3881.835938
591.5,3966.903687
591.6,3963.851929
591.7,3963.851929
591.8,3963.851929
591.9,3972.816467
592,3890.991211
592.1,3890.991211
592.2,3890.991211
592.3,3894.042969
592.4,3894.042969
592.5,3985.023499
592.6,3985.023499
592.7,3969.764709
592.8,3972.816467
592.9,3985.023499
593,3897.094727
593.1,3884.887695
593.2,3900.146484
593.3,3884.887695
593.4,3884.887695
593.5,3988.075256
593.6,3972.816467
593.7,3972.816467
593.8,3972.816467
593.9,3978.919983
594,3909.111023
594.1,3909.111023
594.2,3906.059265
594.3,3912.162781
594.4,3900.146484
594.5,3994.178772
594.6,3981.971741
594.7,3991.127014
594.8,3981.971741
594.9,3994.178772
595,3912.162781
595.1,3906.059265
595.2,3906.059265
595.3,3912.162781
595.4,3906.059265
595.5,3997.23053
595.6,3988.075256
595.7,3994.178772
595.8,3988.075256
595.9,3988.075256
596,3909.111023
596.1,3924.369812
596.2,3903.198242
596.3,3903.198242
596.4,3912.162781
596.5,3997.23053
596.6,3994.178772
596.7,3994.178772
596.8,3994.178772
596.9,3981.971741
597,3909.111023
597.1,3915.214539
597.2,3915.214539
597.3,3918.266296
597.4,3915.214539
597.5,4003.143311
597.6,4000.282288
597.7,3988.075256
597.8,3994.178772
597.9,3994.178772
598,3945.541382
598.1,3921.318054
598.2,3918.266296
598.3,3936.576843
598.4,3921.318054
598.5,4009.246826
598.6,4000.282288
598.7,4006.195068
598.8,4009.246826
598.9,4006.195068
599,3936.576843
599.1,3936.576843
599.2,3936.576843
599.3,3936.576843
599.4,3921.318054
599.5,4003.143311
599.6,4009.246826
599.7,4006.195068
599.8,4009.246826
599.9,4003.143311
600,3924.369812
600.1,3936.576843
600.2,3921.318054
600.3,3927.42157
600.4,3927.42157
600.5,4009.246826
600.6,4003.143311
600.7,4000.282288
600.8,3997.23053
600.9,4009.246826
601,3939.437866
601.1,3921.318054
601.2,3921.318054
601.3,3921.318054
601.4,3921.318054
601.5,4009.246826
601.6,4009.246826
601.7,4015.350342
601.8,4003.143311
601.9,4009.246826
602,3945.541382
602.1,3933.525085
602.2,3948.59314
602.3,3945.541382
602.4,3951.644897
602.5,4021.453857
602.6,4012.298584
602.7,4018.4021
602.8,4012.298584
602.9,4012.298584
603,3951.644897
603.1,3954.696655
603.2,3945.541382
603.3,3945.541382
603.4,3948.59314
603.5,4033.660889
603.6,4018.4021
603.7,4015.350342
603.8,4021.453857
603.9,4018.4021
604,3951.644897
604.1,3963.851929
604.2,3954.696655
604.3,3948.59314
604.4,3957.748413
604.5,4027.557373
604.6,4033.660889
604.7,4033.660889
604.8,4027.557373
604.9,4021.453857
605,3954.696655
605.1,3960.800171
605.2,3957.748413
605.3,3954.696655
605.4,3954.696655
605.5,4033.660889
605.6,4021.453857
605.7,4024.505615
605.8,4033.660889
605.9,4030.609131
606,3957.748413
606.1,3957.748413
606.2,3957.748413
606.3,3966.903687
606.4,3957.748413
606.5,4036.521912
606.6,4039.573669
606.7,4030.609131
606.8,4030.609131
606.9,4033.660889
607,3975.868225
607.1,3969.764709
607.2,3963.851929
607.3,3969.764709
607.4,3972.816467
607.5,4039.573669
607.6,4030.609131
607.7,4030.609131
607.8,4033.660889
607.9,4039.573669
608,3985.023499
608.1,3975.868225
608.2,3978.919983
608.3,3985.023499
608.4,3985.023499
608.5,4054.832458
608.6,4045.677185
608.7,4054.832458
608.8,4045.677185
608.9,4042.625427
609,3978.919983
609.1,3981.971741
609.2,3981.971741
609.3,3981.971741
609.4,3988.075256
609.5,4054.832458
609.6,4057.884216
609.7,4057.884216
609.8,4054.832458
609.9,4054.832458
610,3985.023499
610.1,3981.971741
610.2,3978.919983
610.3,3985.023499
610.4,3985.023499
610.5,4057.884216
610.6,4051.780701
610.7,4057.884216
610.8,4054.832458
610.9,4060.935974
611,3985.023499
611.1,4000.282288
611.2,3994.178772
611.3,3981.971741
611.4,3997.23053
611.5,4066.848755
611.6,4069.900513
611.7,4060.935974
611.8,4066.848755
611.9,4060.935974
612,3997.23053
612.1,4006.195068
612.2,3994.178772
612.3,3994.178772
612.4,3997.23053
612.5,4076.004028
612.6,4076.004028
612.7,4069.900513
612.8,4072.952271
612.9,4066.848755
613,4006.195068
613.1,4006.195068
613.2,4009.246826
613.3,4000.282288
613.4,4003.143311
613.5,4076.004028
613.6,4085.159302
613.7,4079.055786
613.8,4076.004028
613.9,4076.004028
614,4012.298584
614.1,4021.453857
614.2,4018.4021
614.3,4012.298584
614.4,4015.350342
614.5,4091.262817
614.6,4094.314575
614.7,4085.159302
614.8,4094.314575
614.9,4088.21106
615,4009.246826
615.1,4012.298584
615.2,4012.298584
615.3,4015.350342
615.4,4012.298584
615.5,4085.159302
615.6,4091.262817
615.7,4100.227356
615.8,4085.159302
615.9,4085.159302
616,4015.350342
616.1,4012.298584
616.2,4027.557373
616.3,4018.4021
616.4,4018.4021
616.5,4085.159302
616.6,4085.159302
616.7,4082.107544
616.8,4088.21106
616.9,4082.107544
617,4018.4021
617.1,4021.453857
617.2,4033.660889
617.3,4021.453857
617.4,4018.4021
617.5,4091.262817
617.6,4097.366333
617.7,4100.227356
617.8,4097.366333
617.9,4088.21106
618,4018.4021
618.1,4024.505615
618.2,4018.4021
618.3,4021.453857
618.4,4027.557373
618.5,4094.314575
618.6,4100.227356
618.7,4094.314575
618.8,4100.227356
618.9,4091.262817
619,4030.609131
619.1,4030.609131
619.2,4024.505615
619.3,4033.660889
619.4,4021.453857
619.5,4094.314575
619.6,4106.330872
619.7,4097.366333
619.8,4106.330872
619.9,4106.330872
620,4033.660889
620.1,4030.609131
620.2,4030.609131
620.3,4030.609131
620.4,4039.573669
620.5,4112.434387
620.6,4109.382629
620.7,4106.330872
620.8,4109.382629
620.9,4106.330872
621,4039.573669
621.1,4030.609131
621.2,4051.780701
621.3,4030.609131
621.4,4036.521912
621.5,4103.279114
621.6,4109.382629
621.7,4118.537903
621.8,4118.537903
621.9,4115.486145
622,4051.780701
622.1,4045.677185
622.2,4042.625427
622.3,4030.609131
622.4,4042.625427
622.5,4115.486145
622.6,4118.537903
622.7,4112.434387
622.8,4124.641418
622.9,4115.486145
623,4042.625427
623.1,4045.677185
623.2,4042.625427
623.3,4051.780701
623.4,4051.780701
623.5,4118.537903
623.6,4127.693176
623.7,4115.486145
623.8,4124.641418
623.9,4036.521912
624,4051.780701
624.1,4042.625427
624.2,4045.677185
624.3,4057.884216
624.4,4242.897034
624.5,4130.744934
624.6,4127.693176
624.7,4130.744934
624.8,4124.641418
624.9,4030.609131
625,4057.884216
625.1,4051.780701
625.2,4057.884216
625.3,4048.728943
625.4,4261.016846
625.5,4124.641418
625.6,4124.641418
625.7,4127.693176
625.8,4127.693176
625.9,4036.521912
626,4054.832458
626.1,4063.987732
626.2,4054.832458
626.3,4057.884216
626.4,4255.104065
626.5,4127.693176
626.6,4133.605957
626.7,4127.693176
626.8,4130.744934
626.9,4042.625427
627,4057.884216
627.1,4072.952271
627.2,4057.884216
627.3,4060.935974
627.4,4273.223877
627.5,4136.657715
627.6,4133.605957
627.7,4142.76123
627.8,4139.709473
627.9,4057.884216
628,4066.848755
628.1,4060.935974
628.2,4057.884216
628.3,4069.900513
628.4,4264.068604
628.5,4133.605957
628.6,4139.709473
628.7,4142.76123
628.8,4133.605957
628.9,4057.884216
629,4069.900513
629.1,4069.900513
629.2,4076.004028
629.3,4069.900513
629.4,4242.897034
629.5,4139.709473
629.6,4139.709473
629.7,4142.76123
629.8,4133.605957
629.9,4054.832458
630,4079.055786
630.1,4072.952271
630.2,4072.952271
630.3,4069.900513
630.4,4233.74176
630.5,4154.968262
630.6,4139.709473
630.7,4151.916504
630.8,4154.968262
630.9,4066.848755
631,4069.900513
631.1,4079.055786
631.2,4072.952271
631.3,4069.900513
631.4,4221.725464
631.5,4145.812988
631.6,4148.864746
631.7,4142.76123
631.8,4151.916504
631.9,4063.987732
632,4082.107544
632.1,4082.107544
632.2,4076.004028
632.3,4072.952271
632.4,4218.673706
632.5,4154.968262
632.6,4161.071777
632.7,4151.916504
632.8,4151.916504
632.9,4088.21106
633,4079.055786
633.1,4082.107544
633.2,4085.159302
633.3,4085.159302
633.4,4212.57019
633.5,4151.916504
633.6,4158.02002
633.7,4151.916504
633.8,4151.916504
633.9,4091.262817
634,4091.262817
634.1,4094.314575
634.2,4091.262817
634.3,4082.107544
634.4,4206.466675
634.5,4161.071777
634.6,4154.968262
634.7,4166.984558
634.8,4154.968262
634.9,4085.159302
635,4088.21106
635.1,4094.314575
635.2,4094.314575
635.3,4100.227356
635.4,4209.518433
635.5,4163.9328
635.6,4161.071777
635.7,4161.071777
635.8,4163.9328
635.9,4100.227356
636,4100.227356
636.1,4109.382629
636.2,4100.227356
636.3,4094.314575
636.4,4221.725464
636.5,4185.295105
636.6,4176.139832
636.7,4179.191589
636.8,4179.191589
636.9,4103.279114
637,4103.279114
637.1,4118.537903
637.2,4103.279114
637.3,4106.330872
637.4,4218.673706
637.5,4179.191589
637.6,4188.346863
637.7,4191.398621
637.8,4179.191589
637.9,4112.434387
638,4121.589661
638.1,4130.744934
638.2,4115.486145
638.3,4130.744934
638.4,4227.828979
638.5,4185.295105
638.6,4197.311401
638.7,4182.243347
638.8,4188.346863
638.9,4130.744934
639,4130.744934
639.1,4115.486145
639.2,4115.486145
639.3,4124.641418
639.4,4227.828979
639.5,4188.346863
639.6,4188.346863
639.7,4191.398621
639.8,4188.346863
639.9,4112.434387
640,4124.641418
640.1,4127.693176
640.2,4124.641418
640.3,4115.486145
640.4,4212.57019
640.5,4188.346863
640.6,4185.295105
640.7,4191.398621
640.8,4188.346863
640.9,4115.486145
641,4118.537903
641.1,4118.537903
641.2,4115.486145
641.3,4118.537903
641.4,4215.621948
641.5,4197.311401
641.6,4194.450378
641.7,4188.346863
641.8,4188.346863
641.9,4130.744934
642,4133.605957
642.1,4136.657715
642.2,4127.693176
642.3,4136.657715
642.4,4221.725464
642.5,4200.363159
642.6,4206.466675
642.7,4206.466675
642.8,4203.414917
642.9,4127.693176
643,4127.693176
643.1,4136.657715
643.2,4139.709473
643.3,4139.709473
643.4,4227.828979
643.5,4200.363159
643.6,4206.466675
643.7,4206.466675
643.8,4203.414917
643.9,4145.812988
644,4139.709473
644.1,4142.76123
644.2,4127.693176
644.3,4127.693176
644.4,4236.793518
644.5,4209.518433
644.6,4203.414917
644.7,4215.621948
644.8,4212.57019
644.9,4133.605957
645,4139.709473
645.1,4139.709473
645.2,4136.657715
645.3,4142.76123
645.4,4230.690002
645.5,4206.466675
645.6,4215.621948
645.7,4206.466675
645.8,4212.57019
645.9,4136.657715
646,4139.709473
646.1,4139.709473
646.2,4145.812988
646.3,4142.76123
646.4,4227.828979
646.5,4218.673706
646.6,4221.725464
646.7,4212.57019
646.8,4215.621948
646.9,4151.916504
647,4142.76123
647.1,4145.812988
647.2,4154.968262
647.3,4151.916504
647.4,4239.845276
647.5,4215.621948
647.6,4227.828979
647.7,4215.621948
647.8,4218.673706
647.9,4142.76123
648,4148.864746
648.1,4154.968262
648.2,4154.968262
648.3,4151.916504
648.4,4233.74176
648.5,4218.673706
648.6,4224.777222
648.7,4227.828979
648.8,4218.673706
648.9,4173.088074
649,4170.036316
649.1,4158.02002
649.2,4158.02002
649.3,4158.02002
649.4,4249.000549
649.5,4239.845276
649.6,4227.828979
649.7,4224.777222
649.8,4236.793518
649.9,4163.9328
650,4158.02002
650.1,4166.984558
650.2,4170.036316
650.3,4166.984558
650.4,4255.104065
650.5,4230.690002
650.6,4233.74176
650.7,4236.793518
650.8,4233.74176
650.9,4163.9328
651,4170.036316
651.1,4161.071777
651.2,4166.984558
651.3,4166.984558
651.4,4249.000549
651.5,4236.793518
651.6,4236.793518
651.7,4239.845276
651.8,4245.948792
651.9,4179.191589
652,4163.9328
652.1,4161.071777
652.2,4173.088074
652.3,4179.191589
652.4,4252.052307
652.5,4239.845276
652.6,4236.793518
652.7,4236.793518
652.8,4239.845276
652.9,4173.088074
653,4170.036316
653.1,4170.036316
653.2,4170.036316
653.3,4173.088074
653.4,4264.068604
653.5,4245.948792
653.6,4245.948792
653.7,4249.000549
653.8,4239.845276
653.9,4179.191589
654,4173.088074
654.1,4179.191589
654.2,4179.191589
654.3,4173.088074
654.4,4264.068604
654.5,4252.052307
654.6,4252.052307
654.7,4252.052307
654.8,4252.052307
654.9,4176.139832
655,4182.243347
655.1,4188.346863
655.2,4173.088074
655.3,4179.191589
655.4,4264.068604
655.5,4249.000549
655.6,4255.104065
655.7,4258.155823
655.8,4252.052307
655.9,4191.398621
656,4176.139832
656.1,4188.346863
656.2,4173.088074
656.3,4176.139832
656.4,4255.104065
656.5,4249.000549
656.6,4258.155823
656.7,4249.000549
656.8,4252.052307
656.9,4182.243347
657,4188.346863
657.1,4179.191589
657.2,4176.139832
657.3,4182.243347
657.4,4264.068604
657.5,4258.155823
657.6,4255.104065
657.7,4261.016846
657.8,4258.155823
657.9,4188.346863
658,4182.243347
658.1,4191.398621
658.2,4182.243347
658.3,4188.346863
658.4,4264.068604
658.5,4258.155823
658.6,4264.068604
658.7,4255.104065
658.8,4261.016846
658.9,4191.398621
659,4197.311401
659.1,4194.450378
659.2,4191.398621
659.3,4191.398621
659.4,4273.223877
659.5,4270.172119
659.6,4264.068604
659.7,4276.275635
659.8,4267.120361
659.9,4200.363159
660,4203.414917
660.1,4197.311401
660.2,4200.363159
660.3,4203.414917
660.4,4279.327393
660.5,4276.275635
660.6,4264.068604
660.7,4276.275635
660.8,4276.275635
660.9,4203.414917
661,4197.311401
661.1,4206.466675
661.2,4203.414917
661.3,4197.311401
661.4,4273.223877
661.5,4264.068604
661.6,4276.275635
661.7,4270.172119
661.8,4276.275635
661.9,4215.621948
662,4209.518433
662.1,4206.466675
662.2,4206.466675
662.3,4206.466675
662.4,4294.395447
662.5,4276.275635
662.6,4279.327393
662.7,4285.430908
662.8,4279.327393
662.9,4218.673706
663,4206.466675
663.1,4227.828979
663.2,4215.621948
663.3,4218.673706
663.4,4288.482666
663.5,4285.430908
663.6,4294.395447
663.7,4285.430908
663.8,4288.482666
663.9,4227.828979
664,4209.518433
664.1,4215.621948
664.2,4221.725464
664.3,4218.673706
664.4,4288.482666
664.5,4288.482666
664.6,4285.430908
664.7,4288.482666
664.8,4294.395447
664.9,4218.673706
665,4212.57019
665.1,4212.57019
665.2,4215.621948
665.3,4227.828979
665.4,4291.534424
665.5,4288.482666
665.6,4294.395447
665.7,4294.395447
665.8,4285.430908
665.9,4227.828979
666,4227.828979
666.1,4227.828979
666.2,4224.777222
666.3,4224.777222
666.4,4297.447205
666.5,4297.447205
666.6,4303.55072
666.7,4297.447205
666.8,4297.447205
666.9,4233.74176
667,4230.690002
667.1,4230.690002
667.2,4233.74176
667.3,4230.690002
667.4,4309.654236
667.5,4297.447205
667.6,4300.498962
667.7,4306.602478
667.8,4297.447205
667.9,4236.793518
668,4239.845276
668.1,4239.845276
668.2,4239.845276
668.3,4236.793518
668.4,4309.654236
668.5,4303.55072
668.6,4309.654236
668.7,4306.602478
668.8,4309.654236
668.9,4245.948792
669,4245.948792
669.1,4236.793518
669.2,4245.948792
669.3,4242.897034
669.4,4324.913025
669.5,4324.913025
669.6,4309.654236
669.7,4315.757751
669.8,4309.654236
669.9,4236.793518
670,4236.793518
670.1,4233.74176
670.2,4236.793518
670.3,4236.793518
670.4,4324.913025
670.5,4309.654236
670.6,4324.913025
670.7,4312.705994
670.8,4312.705994
670.9,4252.052307
671,4249.000549
671.1,4236.793518
671.2,4249.000549
671.3,4242.897034
671.4,4315.757751
671.5,4324.913025
671.6,4309.654236
671.7,4312.705994
671.8,4324.913025
671.9,4249.000549
672,4249.000549
672.1,4249.000549
672.2,4249.000549
672.3,4252.052307
672.4,4333.877563
672.5,4336.929321
672.6,4333.877563
672.7,4333.877563
672.8,4327.774048
672.9,4249.000549
673,4255.104065
673.1,4249.000549
673.2,4249.000549
673.3,4255.104065
673.4,4321.861267
673.5,4318.809509
673.6,4327.774048
673.7,4336.929321
673.8,4327.774048
673.9,4255.104065
674,4258.155823
674.1,4249.000549
674.2,4249.000549
674.3,4258.155823
674.4,4336.929321
674.5,4333.877563
674.6,4336.929321
674.7,4333.877563
674.8,4333.877563
674.9,4264.068604
675,4261.016846
675.1,4264.068604
675.2,4255.104065
675.3,4255.104065
675.4,4336.929321
675.5,4343.032837
675.6,4336.929321
675.7,4336.929321
675.8,4343.032837
675.9,4270.172119
676,4264.068604
676.1,4261.016846
676.2,4276.275635
676.3,4264.068604
676.4,4343.032837
676.5,4349.136353
676.6,4343.032837
676.7,4349.136353
676.8,4339.981079
676.9,4261.016846
677,4264.068604
677.1,4258.155823
677.2,4261.016846
677.3,4264.068604
677.4,4349.136353
677.5,4339.981079
677.6,4349.136353
677.7,4333.877563
677.8,4343.032837
677.9,4276.275635
678,4276.275635
678.1,4270.172119
678.2,4267.120361
678.3,4273.223877
678.4,4346.084595
678.5,4355.239868
678.6,4349.136353
678.7,4352.18811
678.8,4349.136353
678.9,4273.223877
679,4276.275635
679.1,4276.275635
679.2,4273.223877
679.3,4267.120361
679.4,4355.239868
679.5,4349.136353
679.6,4352.18811
679.7,4349.136353
679.8,4349.136353
679.9,4273.223877
680,4267.120361
680.1,4276.275635
680.2,4279.327393
680.3,4276.275635
680.4,4349.136353
680.5,4343.032837
680.6,4355.239868
680.7,4346.084595
680.8,4355.239868
680.9,4285.430908
681,4276.275635
681.1,4273.223877
681.2,4279.327393
681.3,4279.327393
681.4,4355.239868
681.5,4358.100891
681.6,4358.100891
681.7,4352.18811
681.8,4361.152649
681.9,4294.395447
682,4297.447205
682.1,4291.534424
682.2,4291.534424
682.3,4291.534424
682.4,4367.256165
682.5,4373.35968
682.6,4367.256165
682.7,4373.35968
682.8,4367.256165
682.9,4288.482666
683,4291.534424
683.1,4297.447205
683.2,4300.498962
683.3,4288.482666
683.4,4373.35968
683.5,4376.411438
683.6,4373.35968
683.7,4373.35968
683.8,4370.307922
683.9,4312.705994
684,4297.447205
684.1,4297.447205
684.2,4297.447205
684.3,4297.447205
684.4,4379.463196
684.5,4379.463196
684.6,4382.514954
684.7,4382.514954
684.8,4391.479492
684.9,4297.447205
685,4300.498962
685.1,4306.602478
685.2,4300.498962
685.3,4309.654236
685.4,4376.411438
685.5,4376.411438
685.6,4376.411438
685.7,4382.514954
685.8,4376.411438
685.9,4309.654236
686,4324.913025
686.1,4309.654236
686.2,4312.705994
686.3,4315.757751
686.4,4397.583008
686.5,4397.583008
686.6,4397.583008
686.7,4394.53125
686.8,4385.566711
686.9,4318.809509
687,4327.774048
687.1,4324.913025
687.2,4321.861267
687.3,4315.757751
687.4,4403.686523
687.5,4391.479492
687.6,4397.583008
687.7,4394.53125
687.8,4394.53125
687.9,4315.757751
688,4333.877563
688.1,4318.809509
688.2,4324.913025
688.3,4327.774048
688.4,4394.53125
688.5,4403.686523
688.6,4394.53125
688.7,4394.53125
688.8,4309.654236
688.9,4324.913025
689,4324.913025
689.1,4315.757751
689.2,4324.913025
689.3,4534.14917
689.4,4400.634766
689.5,4400.634766
689.6,4397.583008
689.7,4400.634766
689.8,4303.55072
689.9,4336.929321
690,4330.825806
690.1,4321.861267
690.2,4327.774048
690.3,4537.200928
690.4,4397.583008
690.5,4403.686523
690.6,4397.583008
690.7,4397.583008
690.8,4324.913025
690.9,4321.861267
691,4321.861267
691.1,4333.877563
691.2,4333.877563
691.3,4540.252686
691.4,4400.634766
691.5,4397.583008
691.6,4409.790039
691.7,4409.790039
691.8,4312.705994
691.9,4336.929321
692,4336.929321
692.1,4349.136353
692.2,4343.032837
692.3,4537.200928
692.4,4409.790039
692.5,4409.790039
692.6,4409.790039
692.7,4406.738281
692.8,4315.757751
692.9,4343.032837
693,4339.981079
693.1,4336.929321
693.2,4333.877563
693.3,4537.200928
693.4,4406.738281
693.5,4421.99707
693.6,4421.99707
693.7,4409.790039
693.8,4321.861267
693.9,4349.136353
694,4346.084595
694.1,4336.929321
694.2,4343.032837
694.3,4521.942139
694.4,4412.841797
694.5,4421.99707
694.6,4415.893555
694.7,4412.841797
694.8,4330.825806
694.9,4343.032837
695,4349.136353
695.1,4343.032837
695.2,4346.084595
695.3,4503.822327
695.4,4421.99707
695.5,4409.790039
695.6,4409.790039
695.7,4418.945313
695.8,4333.877563
695.9,4355.239868
696,4346.084595
696.1,4346.084595
696.2,4352.18811
696.3,4497.718811
696.4,4421.99707
696.5,4421.99707
696.6,4424.858093
696.7,4424.858093
696.8,4333.877563
696.9,4361.152649
697,4349.136353
697.1,4346.084595
697.2,4346.084595
697.3,4494.667053
697.4,4415.893555
697.5,4418.945313
697.6,4424.858093
697.7,4421.99707
697.8,4346.084595
697.9,4364.204407
698,4373.35968
698.1,4367.256165
698.2,4361.152649
698.3,4497.718811
698.4,4430.961609
698.5,4434.013367
698.6,4427.909851
698.7,4430.961609
698.8,4361.152649
698.9,4367.256165
699,4364.204407
699.1,4367.256165
699.2,4367.256165
699.3,4500.770569
699.4,4446.220398
699.5,4446.220398
699.6,4440.116882
699.7,4437.065125
699.8,4370.307922
699.9,4364.204407
700,4370.307922
700.1,4373.35968
700.2,4367.256165
700.3,4482.650757
700.4,4437.065125
700.5,4443.16864
700.6,4446.220398
700.7,4434.013367
700.8,4370.307922
700.9,4382.514954
701,4382.514954
701.1,4379.463196
701.2,4370.307922
701.3,4485.702515
701.4,4443.16864
701.5,4449.272156
701.6,4458.236694
701.7,4449.272156
701.8,4397.583008
701.9,4382.514954
702,4385.566711
702.1,4382.514954
702.2,4394.53125
702.3,4494.667053
702.4,4458.236694
702.5,4464.34021
702.6,4470.443726
702.7,4455.184937
702.8,4397.583008
702.9,4400.634766
703,4382.514954
703.1,4388.618469
703.2,4397.583008
703.3,4497.718811
703.4,4455.184937
703.5,4455.184937
703.6,4464.34021
703.7,4458.236694
703.8,4397.583008
703.9,4394.53125
704,4391.479492
704.1,4391.479492
704.2,4394.53125
704.3,4488.563538
704.4,4470.443726
704.5,4470.443726
704.6,4470.443726
704.7,4470.443726
704.8,4391.479492
704.9,4391.479492
705,4394.53125
705.1,4394.53125
705.2,4397.583008
705.3,4494.667053
705.4,4461.288452
705.5,4470.443726
705.6,4470.443726
705.7,4473.495483
705.8,4409.790039
705.9,4397.583008
706,4400.634766
706.1,4403.686523
706.2,4391.479492
706.3,4494.667053
706.4,4473.495483
706.5,4467.391968
706.6,4482.650757
706.7,4473.495483
706.8,4403.686523
706.9,4409.790039
707,4403.686523
707.1,4412.841797
707.2,4415.893555
707.3,4503.822327
707.4,4479.598999
707.5,4485.702515
707.6,4476.547241
707.7,4479.598999
707.8,4406.738281
707.9,4415.893555
708,4409.790039
708.1,4412.841797
708.2,4421.99707
708.3,4519.081116
708.4,4491.615295
708.5,4491.615295
708.6,4479.598999
708.7,4494.667053
708.8,4415.893555
708.9,4415.893555
709,4412.841797
709.1,4421.99707
709.2,4412.841797
709.3,4519.081116
709.4,4494.667053
709.5,4491.615295
709.6,4479.598999
709.7,4488.563538
709.8,4418.945313
709.9,4424.858093
710,4418.945313
710.1,4418.945313
710.2,4418.945313
710.3,4519.081116
710.4,4488.563538
710.5,4494.667053
710.6,4488.563538
710.7,4494.667053
710.8,4434.013367
710.9,4437.065125
711,4434.013367
711.1,4430.961609
711.2,4430.961609
711.3,4521.942139
711.4,4506.874084
711.5,4506.874084
711.6,4506.874084
711.7,4506.874084
711.8,4443.16864
711.9,4430.961609
712,4446.220398
712.1,4449.272156
712.2,4440.116882
712.3,4531.097412
712.4,4506.874084
712.5,4512.9776
712.6,4506.874084
712.7,4519.081116
712.8,4430.961609
712.9,4434.013367
713,4430.961609
713.1,4430.961609
713.2,4434.013367
713.3,4524.993896
713.4,4519.081116
713.5,4509.925842
713.6,4512.9776
713.7,4506.874084
713.8,4443.16864
713.9,4440.116882
714,4443.16864
714.1,4437.065125
714.2,4443.16864
714.3,4537.200928
714.4,4521.942139
714.5,4519.081116
714.6,4519.081116
714.7,4516.029358
714.8,4455.184937
714.9,4443.16864
715,4452.323914
715.1,4452.323914
715.2,4443.16864
715.3,4534.14917
715.4,4521.942139
715.5,4524.993896
715.6,4516.029358
715.7,4524.993896
715.8,4458.236694
715.9,4449.272156
716,4464.34021
716.1,4449.272156
716.2,4458.236694
716.3,4540.252686
716.4,4528.045654
716.5,4528.045654
716.6,4528.045654
716.7,4528.045654
716.8,4449.272156
716.9,4455.184937
717,4449.272156
717.1,4449.272156
717.2,4452.323914
717.3,4543.304443
717.4,4531.097412
717.5,4528.045654
717.6,4528.045654
717.7,4531.097412
717.8,4464.34021
717.9,4467.391968
718,4464.34021
718.1,4458.236694
718.2,4470.443726
718.3,4540.252686
718.4,4543.304443
718.5,4543.304443
718.6,4537.200928
718.7,4534.14917
718.8,4470.443726
718.9,4470.443726
719,4470.443726
719.1,4470.443726
719.2,4467.391968
719.3,4546.356201
719.4,4543.304443
719.5,4543.304443
719.6,4540.252686
719.7,4549.407959
719.8,4470.443726
719.9,4467.391968
720,4461.288452
720.1,4476.547241
720.2,4470.443726
720.3,4552.268982
720.4,4534.14917
720.5,4543.304443
720.6,4543.304443
720.7,4537.200928
720.8,4473.495483
720.9,4482.650757
721,4476.547241
721.1,4476.547241
721.2,4470.443726
721.3,4552.268982
721.4,4552.268982
721.5,4546.356201
721.6,4546.356201
721.7,4540.252686
721.8,4470.443726
721.9,4470.443726
722,4467.391968
722.1,4476.547241
722.2,4473.495483
722.3,4555.32074
722.4,4540.252686
722.5,4549.407959
722.6,4540.252686
722.7,4549.407959
722.8,4473.495483
722.9,4476.547241
723,4479.598999
723.1,4482.650757
723.2,4473.495483
723.3,4555.32074
723.4,4555.32074
723.5,4552.268982
723.6,4546.356201
723.7,4546.356201
723.8,4494.667053
723.9,4485.702515
724,4485.702515
724.1,4488.563538
724.2,4485.702515
724.3,4558.372498
724.4,4561.424255
724.5,4567.527771
724.6,4555.32074
724.7,4552.268982
724.8,4494.667053
724.9,4497.718811
725,4506.874084
725.1,4491.615295
725.2,4491.615295
725.3,4576.683044
725.4,4567.527771
725.5,4564.476013
725.6,4564.476013
725.7,4564.476013
725.8,4494.667053
725.9,4494.667053
726,4497.718811
726.1,4491.615295
726.2,4497.718811
726.3,4570.579529
726.4,4573.631287
726.5,4567.527771
726.6,4564.476013
726.7,4564.476013
726.8,4503.822327
726.9,4503.822327
727,4497.718811
727.1,4503.822327
727.2,4500.770569
727.3,4576.683044
727.4,4570.579529
727.5,4570.579529
727.6,4579.734802
727.7,4576.683044
727.8,4519.081116
727.9,4519.081116
728,4519.081116
728.1,4512.9776
728.2,4509.925842
728.3,4585.647583
728.4,4576.683044
728.5,4582.78656
728.6,4585.647583
728.7,4576.683044
728.8,4524.993896
728.9,4528.045654
729,4512.9776
729.1,4516.029358
729.2,4524.993896
729.3,4594.802856
729.4,4597.854614
729.5,4585.647583
729.6,4594.802856
729.7,4597.854614
729.8,4521.942139
729.9,4519.081116
730,4516.029358
730.1,4516.029358
730.2,4516.029358
730.3,4588.699341
730.4,4591.751099
730.5,4585.647583
730.6,4591.751099
730.7,4585.647583
730.8,4521.942139
730.9,4528.045654
731,4524.993896
731.1,4521.942139
731.2,4521.942139
731.3,4594.802856
731.4,4588.699341
731.5,4594.802856
731.6,4600.906372
731.7,4603.95813
731.8,4528.045654
731.9,4524.993896
732,4528.045654
732.1,4531.097412
732.2,4524.993896
732.3,4597.854614
732.4,4597.854614
732.5,4591.751099
732.6,4594.802856
732.7,4603.95813
732.8,4537.200928
732.9,4528.045654
733,4534.14917
733.1,4531.097412
733.2,4524.993896
733.3,4600.906372
733.4,4603.95813
733.5,4603.95813
733.6,4610.061646
733.7,4603.95813
733.8,4537.200928
733.9,4543.304443
734,4543.304443
734.1,4531.097412
734.2,4540.252686
734.3,4613.113403
734.4,4610.061646
734.5,4607.009888
734.6,4607.009888
734.7,4616.165161
734.8,4552.268982
734.9,4537.200928
735,4546.356201
735.1,4546.356201
735.2,4540.252686
735.3,4613.113403
735.4,4616.165161
735.5,4613.113403
735.6,4610.061646
735.7,4613.113403
735.8,4546.356201
735.9,4552.268982
736,4549.407959
736.1,4555.32074
736.2,4540.252686
736.3,4625.1297
736.4,4619.026184
736.5,4619.026184
736.6,4622.077942
736.7,4616.165161
736.8,4567.527771
736.9,4558.372498
737,4549.407959
737.1,4543.304443
737.2,4555.32074
737.3,4619.026184
737.4,4619.026184
737.5,4619.026184
737.6,4619.026184
737.7,4622.077942
737.8,4552.268982
737.9,4546.356201
738,4552.268982
738.1,4555.32074
738.2,4546.356201
738.3,4628.181458
738.4,4616.165161
738.5,4619.026184
738.6,4625.1297
738.7,4625.1297
738.8,4573.631287
738.9,4561.424255
739,4567.527771
739.1,4567.527771
739.2,4567.527771
739.3,4640.388489
739.4,4628.181458
739.5,4640.388489
739.6,4643.440247
739.7,4640.388489
739.8,4570.579529
739.9,4564.476013
740,4576.683044
740.1,4564.476013
740.2,4570.579529
740.3,4637.336731
740.4,4637.336731
740.5,4640.388489
740.6,4646.492004
740.7,4643.440247
740.8,4579.734802
740.9,4564.476013
741,4570.579529
741.1,4570.579529
741.2,4570.579529
741.3,4646.492004
741.4,4652.404785
741.5,4643.440247
741.6,4649.353027
741.7,4649.353027
741.8,4579.734802
741.9,4567.527771
742,4576.683044
742.1,4576.683044
742.2,4564.476013
742.3,4637.336731
742.4,4646.492004
742.5,4649.353027
742.6,4646.492004
742.7,4643.440247
742.8,4579.734802
742.9,4576.683044
743,4570.579529
743.1,4573.631287
743.2,4576.683044
743.3,4649.353027
743.4,4637.336731
743.5,4649.353027
743.6,4637.336731
743.7,4643.440247
743.8,4576.683044
743.9,4567.527771
744,4564.476013
744.1,4564.476013
744.2,4570.579529
744.3,4643.440247
744.4,4652.404785
744.5,4637.336731
744.6,4646.492004
744.7,4640.388489
744.8,4585.647583
744.9,4579.734802
745,4579.734802
745.1,4576.683044
745.2,4579.734802
745.3,4655.456543
745.4,4646.492004
745.5,4652.404785
745.6,4649.353027
745.7,4649.353027
745.8,4579.734802
745.9,4591.751099
746,4576.683044
746.1,4585.647583
746.2,4591.751099
746.3,4652.404785
746.4,4652.404785
746.5,4646.492004
746.6,4664.611816
746.7,4655.456543
746.8,4591.751099
746.9,4585.647583
747,4585.647583
747.1,4588.699341
747.2,4597.854614
747.3,4661.560059
747.4,4664.611816
747.5,4661.560059
747.6,4658.508301
747.7,4661.560059
747.8,4591.751099
747.9,4597.854614
748,4588.699341
748.1,4594.802856
748.2,4594.802856
748.3,4667.663574
748.4,4661.560059
748.5,4661.560059
748.6,4661.560059
748.7,4670.715332
748.8,4616.165161
748.9,4594.802856
749,4600.906372
749.1,4603.95813
749.2,4600.906372
749.3,4682.731628
749.4,4676.818848
749.5,4673.76709
749.6,4676.818848
749.7,4688.835144
749.8,4607.009888
749.9,4600.906372
750,4600.906372
750.1,4616.165161
750.2,4607.009888
750.3,4673.76709
750.4,4673.76709
750.5,4673.76709
750.6,4673.76709
750.7,4688.835144
750.8,4613.113403
750.9,4603.95813
751,4616.165161
751.1,4616.165161
751.2,4603.95813
751.3,4679.870605
751.4,4688.835144
751.5,4688.835144
751.6,4685.783386
751.7,4688.835144
751.8,4613.113403
751.9,4613.113403
752,4616.165161
752.1,4610.061646
752.2,4610.061646
752.3,4685.783386
752.4,4685.783386
752.5,4688.835144
752.6,4685.783386
752.7,4682.731628
752.8,4616.165161
752.9,4619.026184
753,4613.113403
753.1,4613.113403
753.2,4613.113403
753.3,4688.835144
753.4,4691.886902
753.5,4685.783386
753.6,4691.886902
753.7,4607.009888
753.8,4613.113403
753.9,4622.077942
754,4622.077942
754.1,4625.1297
754.2,4831.504822
754.3,4688.835144
754.4,4691.886902
754.5,4701.042175
754.6,4694.93866
754.7,4610.061646
754.8,4637.336731
754.9,4631.233215
755,4631.233215
755.1,4646.492004
755.2,4846.572876
755.3,4713.249207
755.4,4707.145691
755.5,4719.161987
755.6,4713.249207
755.7,4625.1297
755.8,4637.336731
755.9,4637.336731
756,4631.233215
756.1,4631.233215
756.2,4846.572876
756.3,4719.161987
756.4,4713.249207
756.5,4710.197449
756.6,4716.110229
756.7,4622.077942
756.8,4643.440247
756.9,4634.284973
757,4637.336731
757.1,4643.440247
757.2,4849.624634
757.3,4710.197449
757.4,4719.161987
757.5,4704.093933
757.6,4725.265503
757.7,4625.1297
757.8,4643.440247
757.9,4649.353027
758,4643.440247
758.1,4652.404785
758.2,4843.521118
758.3,4722.213745
758.4,4722.213745
758.5,4728.317261
758.6,4719.161987
758.7,4637.336731
758.8,4655.456543
758.9,4655.456543
759,4664.611816
759.1,4652.404785
759.2,4834.55658
759.3,4734.420776
759.4,4737.472534
759.5,4737.472534
759.6,4734.420776
759.7,4646.492004
759.8,4661.560059
759.9,4661.560059
760,4661.560059
760.1,4667.663574
760.2,4828.453064
760.3,4737.472534
760.4,4749.488831
760.5,4749.488831
760.6,4740.524292
760.7,4652.404785
760.8,4688.835144
760.9,4688.835144
761,4676.818848
761.1,4682.731628
761.2,4828.453064
761.3,4755.592346
761.4,4749.488831
761.5,4749.488831
761.6,4755.592346
761.7,4664.611816
761.8,4688.835144
761.9,4682.731628
762,4688.835144
762.1,4688.835144
762.2,4825.401306
762.3,4761.695862
762.4,4758.644104
762.5,4755.592346
762.6,4758.644104
762.7,4679.870605
762.8,4682.731628
762.9,4688.835144
763,4685.783386
763.1,4676.818848
763.2,4828.453064
763.3,4758.644104
763.4,4758.644104
763.5,4758.644104
763.6,4761.695862
763.7,4713.249207
763.8,4685.783386
763.9,4691.886902
764,4694.93866
764.1,4691.886902
764.2,4819.297791
764.3,4767.799377
764.4,4773.902893
764.5,4770.851135
764.6,4773.902893
764.7,4694.93866
764.8,4694.93866
764.9,4688.835144
765,4697.990417
765.1,4697.990417
765.2,4807.281494
765.3,4773.902893
765.4,4773.902893
765.5,4767.799377
765.6,4764.74762
765.7,4713.249207
765.8,4707.145691
765.9,4697.990417
766,4707.145691
766.1,4701.042175
766.2,4828.453064
766.3,4782.867432
766.4,4785.919189
766.5,4779.815674
766.6,4782.867432
766.7,4716.110229
766.8,4725.265503
766.9,4704.093933
767,4725.265503
767.1,4707.145691
767.2,4828.453064
767.3,4782.867432
767.4,4782.867432
767.5,4785.919189
767.6,4782.867432
767.7,4716.110229
767.8,4719.161987
767.9,4722.213745
768,4722.213745
768.1,4725.265503
768.2,4819.297791
768.3,4788.970947
768.4,4782.867432
768.5,4785.919189
768.6,4795.074463
768.7,4737.472534
768.8,4725.265503
768.9,4728.317261
769,4728.317261
769.1,4737.472534
769.2,4834.55658
769.3,4804.229736
769.4,4810.333252
769.5,4801.177979
769.6,4810.333252
769.7,4740.524292
769.8,4731.369019
769.9,4734.420776
770,4734.420776
770.1,4743.57605
770.2,4831.504822
770.3,4810.333252
770.4,4810.333252
770.5,4804.229736
770.6,4807.281494
770.7,4734.420776
770.8,4746.437073
770.9,4737.472534
771,4749.488831
771.1,4734.420776
771.2,4831.504822
771.3,4813.194275
771.4,4807.281494
771.5,4807.281494
771.6,4816.246033
771.7,4749.488831
771.8,4749.488831
771.9,4749.488831
772,4746.437073
772.1,4737.472534
772.2,4837.608337
772.3,4813.194275
772.4,4810.333252
772.5,4807.281494
772.6,4819.297791
772.7,4761.695862
772.8,4752.540588
772.9,4761.695862
773,4755.592346
773.1,4761.695862
773.2,4840.660095
773.3,4834.55658
773.4,4828.453064
773.5,4828.453064
773.6,4828.453064
773.7,4755.592346
773.8,4752.540588
773.9,4755.592346
774,4749.488831
774.1,4758.644104
774.2,4843.521118
774.3,4834.55658
774.4,4825.401306
774.5,4834.55658
774.6,4822.349548
774.7,4761.695862
774.8,4770.851135
774.9,4767.799377
775,4758.644104
775.1,4761.695862
775.2,4843.521118
775.3,4831.504822
775.4,4837.608337
775.5,4831.504822
775.6,4834.55658
775.7,4773.902893
775.8,4770.851135
775.9,4773.902893
776,4770.851135
776.1,4758.644104
776.2,4852.676392
776.3,4846.572876
776.4,4846.572876
776.5,4840.660095
776.6,4837.608337
776.7,4767.799377
776.8,4773.902893
776.9,4773.902893
777,4779.815674
777.1,4770.851135
777.2,4858.779907
777.3,4846.572876
777.4,4840.660095
777.5,4834.55658
777.6,4846.572876
777.7,4785.919189
777.8,4779.815674
777.9,4773.902893
778,4779.815674
778.1,4782.867432
778.2,4858.779907
778.3,4858.779907
778.4,4849.624634
778.5,4858.779907
778.6,4846.572876
778.7,4788.970947
778.8,4792.022705
778.9,4804.229736
779,4798.126221
779.1,4785.919189
779.2,4870.986938
779.3,4864.883423
779.4,4864.883423
779.5,4864.883423
779.6,4864.883423
779.7,4804.229736
779.8,4801.177979
779.9,4795.074463
780,4795.074463
780.1,4788.970947
780.2,4876.899719
780.3,4870.986938
780.4,4867.935181
780.5,4870.986938
780.6,4864.883423
780.7,4801.177979
780.8,4798.126221
780.9,4798.126221
781,4810.333252
781.1,4801.177979
781.2,4892.158508
781.3,4876.899719
781.4,4879.951477
781.5,4874.038696
781.6,4876.899719
781.7,4822.349548
781.8,4819.297791
781.9,4807.281494
782,4807.281494
782.1,4813.194275
782.2,4892.158508
782.3,4886.054993
782.4,4879.951477
782.5,4895.210266
782.6,4879.951477
782.7,4813.194275
782.8,4807.281494
782.9,4810.333252
783,4807.281494
783.1,4813.194275
783.2,4898.262024
783.3,4879.951477
783.4,4889.10675
783.5,4886.054993
783.6,4879.951477
783.7,4819.297791
783.8,4822.349548
783.9,4822.349548
784,4825.401306
784.1,4822.349548
784.2,4901.313782
784.3,4895.210266
784.4,4898.262024
784.5,4889.10675
784.6,4892.158508
784.7,4825.401306
784.8,4822.349548
784.9,4834.55658
785,4819.297791
785.1,4822.349548
785.2,4907.417297
785.3,4898.262024
785.4,4892.158508
785.5,4907.417297
785.6,4907.417297
785.7,4831.504822
785.8,4828.453064
785.9,4834.55658
786,4828.453064
786.1,4837.608337
786.2,4910.27832
786.3,4904.36554
786.4,4901.313782
786.5,4907.417297
786.6,4898.262024
786.7,4834.55658
786.8,4846.572876
786.9,4834.55658
787,4843.521118
787.1,4846.572876
787.2,4919.433594
787.3,4913.330078
787.4,4907.417297
787.5,4919.433594
787.6,4913.330078
787.7,4855.728149
787.8,4855.728149
787.9,4855.728149
788,4855.728149
788.1,4855.728149
788.2,4928.588867
788.3,4922.485352
788.4,4925.537109
788.5,4928.588867
788.6,4919.433594
788.7,4858.779907
788.8,4861.831665
788.9,4852.676392
789,4855.728149
789.1,4858.779907
789.2,4931.640625
789.3,4925.537109
789.4,4928.588867
789.5,4928.588867
789.6,4928.588867
789.7,4864.883423
789.8,4867.935181
789.9,4870.986938
790,4867.935181
790.1,4864.883423
790.2,4943.656921
790.3,4934.692383
790.4,4937.744141
790.5,4943.656921
790.6,4928.588867
790.7,4861.831665
790.8,4867.935181
790.9,4867.935181
791,4870.986938
791.1,4867.935181
791.2,4946.708679
791.3,4940.605164
791.4,4934.692383
791.5,4931.640625
791.6,4937.744141
791.7,4870.986938
791.8,4876.899719
791.9,4867.935181
792,4867.935181
792.1,4867.935181
792.2,4943.656921
792.3,4940.605164
792.4,4940.605164
792.5,4940.605164
792.6,4949.760437
792.7,4879.951477
792.8,4889.10675
792.9,4883.003235
793,4876.899719
793.1,4879.951477
793.2,4952.812195
793.3,4958.91571
793.4,4961.967468
793.5,4955.863953
793.6,4958.91571
793.7,4886.054993
793.8,4883.003235
793.9,4886.054993
794,4889.10675
794.1,4895.210266
794.2,4958.91571
794.3,4958.91571
794.4,4961.967468
794.5,4965.019226
794.6,4961.967468
794.7,4892.158508
794.8,4886.054993
794.9,4898.262024
795,4886.054993
795.1,4892.158508
795.2,4968.070984
795.3,4968.070984
795.4,4952.812195
795.5,4958.91571
795.6,4968.070984
795.7,4895.210266
795.8,4895.210266
795.9,4895.210266
796,4892.158508
796.1,4895.210266
796.2,4965.019226
796.3,4965.019226
796.4,4968.070984
796.5,4965.019226
796.6,4958.91571
796.7,4904.36554
796.8,4895.210266
796.9,4904.36554
797,4898.262024
797.1,4904.36554
797.2,4980.08728
797.3,4973.983765
797.4,4971.122742
797.5,4973.983765
797.6,4973.983765
797.7,4904.36554
797.8,4910.27832
797.9,4910.27832
798,4904.36554
798.1,4913.330078
798.2,4989.242554
798.3,4977.035522
798.4,4977.035522
798.5,4977.035522
798.6,4973.983765
798.7,4904.36554
798.8,4913.330078
798.9,4904.36554
799,4904.36554
799.1,4916.381836
799.2,4989.242554
799.3,4992.294312
799.4,4983.139038
799.5,4992.294312
799.6,4983.139038
799.7,4928.588867
799.8,4925.537109
799.9,4916.381836
800,4916.381836
800.1,4919.433594
800.2,4992.294312
800.3,5004.501343
800.4,4989.242554
800.5,4992.294312
800.6,4989.242554
800.7,4931.640625
800.8,4931.640625
800.9,4925.537109
801,4925.537109
801.1,4928.588867
801.2,5001.449585
801.3,4998.397827
801.4,5007.362366
801.5,5004.501343
801.6,5001.449585
801.7,4928.588867
801.8,4928.588867
801.9,4931.640625
802,4928.588867
802.1,4928.588867
802.2,5007.362366
802.3,5004.501343
802.4,5001.449585
802.5,5001.449585
802.6,5001.449585
802.7,4934.692383
802.8,4949.760437
802.9,4940.605164
803,4937.744141
803.1,4934.692383
803.2,5016.517639
803.3,5001.449585
803.4,5001.449585
803.5,5013.465881
803.6,5010.414124
803.7,4940.605164
803.8,4928.588867
803.9,4931.640625
804,4937.744141
804.1,4928.588867
804.2,5004.501343
804.3,5010.414124
804.4,5001.449585
804.5,5001.449585
804.6,5010.414124
804.7,4937.744141
804.8,4943.656921
804.9,4934.692383
805,4931.640625
805.1,4931.640625
805.2,5004.501343
805.3,5001.449585
805.4,5007.362366
805.5,5001.449585
805.6,5016.517639
805.7,4952.812195
805.8,4943.656921
805.9,4949.760437
806,4940.605164
806.1,4943.656921
806.2,5022.621155
806.3,5013.465881
806.4,5013.465881
806.5,5016.517639
806.6,5013.465881
806.7,4949.760437
806.8,4955.863953
806.9,4955.863953
807,4955.863953
807.1,4943.656921
807.2,5025.672913
807.3,5019.569397
807.4,5025.672913
807.5,5022.621155
807.6,5019.569397
807.7,4955.863953
807.8,4958.91571
807.9,4952.812195
808,4955.863953
808.1,4958.91571
808.2,5031.776428
808.3,5022.621155
808.4,5028.72467
808.5,5025.672913
808.6,5025.672913
808.7,4955.863953
808.8,4961.967468
808.9,4968.070984
809,4955.863953
809.1,4961.967468
809.2,5034.828186
809.3,5028.72467
809.4,5025.672913
809.5,5028.72467
809.6,5025.672913
809.7,4965.019226
809.8,4965.019226
809.9,4965.019226
810,4958.91571
810.1,4958.91571
810.2,5031.776428
810.3,5031.776428
810.4,5031.776428
810.5,5040.740967
810.6,5040.740967
810.7,4968.070984
810.8,4973.983765
810.9,4980.08728
811,4968.070984
811.1,4965.019226
811.2,5037.689209
811.3,5052.947998
811.4,5037.689209
811.5,5037.689209
811.6,5040.740967
811.7,4977.035522
811.8,4971.122742
811.9,4965.019226
812,4968.070984
812.1,4965.019226
812.2,5046.844482
812.3,5037.689209
812.4,5040.740967
812.5,5046.844482
812.6,5046.844482
812.7,4973.983765
812.8,4971.122742
812.9,4973.983765
813,4971.122742
813.1,4980.08728
813.2,5043.792725
813.3,5040.740967
813.4,5040.740967
813.5,5049.89624
813.6,5052.947998
813.7,4977.035522
813.8,4986.190796
813.9,4992.294312
814,4992.294312
814.1,4977.035522
814.2,5049.89624
814.3,5049.89624
814.4,5052.947998
814.5,5049.89624
814.6,5049.89624
814.7,4986.190796
814.8,4986.190796
814.9,4980.08728
815,4980.08728
815.1,4983.139038
815.2,5062.103271
815.3,5049.89624
815.4,5055.999756
815.5,5049.89624
815.6,5055.999756
815.7,4992.294312
815.8,4989.242554
815.9,4992.294312
816,4992.294312
816.1,4989.242554
816.2,5065.155029
816.3,5068.206787
816.4,5068.206787
816.5,5062.103271
816.6,5062.103271
816.7,4992.294312
816.8,5004.501343
816.9,5004.501343
817,4995.346069
817.1,4995.346069
817.2,5071.06781
817.3,5062.103271
817.4,5071.06781
817.5,5071.06781
817.6,4986.190796
817.7,5001.449585
817.8,5004.501343
817.9,5013.465881
818,5010.414124
818.1,5001.449585
818.2,5074.119568
818.3,5074.119568
818.4,5077.171326
818.5,5080.223083
818.6,4992.294312
818.7,5004.501343
818.8,5007.362366
818.9,5001.449585
819,5001.449585
819.1,5219.841003
819.2,5077.171326
819.3,5086.326599
819.4,5080.223083
819.5,5077.171326
819.6,4992.294312
819.7,5016.517639
819.8,5013.465881
819.9,5013.465881
820,5013.465881
820.1,5222.892761
820.2,5086.326599
820.3,5086.326599
820.4,5089.378357
820.5,5086.326599
820.6,5001.449585
820.7,5028.72467
820.8,5025.672913
820.9,5028.72467
821,5022.621155
821.1,5231.8573
821.2,5107.498169
821.3,5101.585388
821.4,5086.326599
821.5,5101.585388
821.6,5001.449585
821.7,5028.72467
821.8,5031.776428
821.9,5025.672913
822,5022.621155
822.1,5225.944519
822.2,5095.481873
822.3,5092.430115
822.4,5107.498169
822.5,5113.601685
822.6,5010.414124
822.7,5040.740967
822.8,5040.740967
822.9,5034.828186
823,5031.776428
823.1,5210.68573
823.2,5113.601685
823.3,5116.653442
823.4,5113.601685
823.5,5110.549927
823.6,5022.621155
823.7,5040.740967
823.8,5040.740967
823.9,5040.740967
824,5046.844482
824.1,5210.68573
824.2,5125.808716
824.3,5113.601685
824.4,5116.653442
824.5,5122.756958
824.6,5025.672913
824.7,5037.689209
824.8,5040.740967
824.9,5040.740967
825,5043.792725
825.1,5198.669434
825.2,5125.808716
825.3,5119.7052
825.4,5119.7052
825.5,5119.7052
825.6,5031.776428
825.7,5040.740967
825.8,5037.689209
825.9,5046.844482
826,5046.844482
826.1,5183.410645
826.2,5122.756958
826.3,5131.912231
826.4,5125.808716
826.5,5113.601685
826.6,5049.89624
826.7,5052.947998
826.8,5055.999756
826.9,5049.89624
827,5052.947998
827.1,5189.51416
827.2,5125.808716
827.3,5128.860474
827.4,5128.860474
827.5,5134.773254
827.6,5065.155029
827.7,5062.103271
827.8,5065.155029
827.9,5065.155029
828,5065.155029
828.1,5189.51416
828.2,5137.825012
828.3,5137.825012
828.4,5143.928528
828.5,5137.825012
828.6,5071.06781
828.7,5074.119568
828.8,5077.171326
828.9,5074.119568
829,5071.06781
829.1,5201.530457
829.2,5156.135559
829.3,5146.980286
829.4,5153.083801
829.5,5153.083801
829.6,5077.171326
829.7,5083.274841
829.8,5077.171326
829.9,5077.171326
830,5074.119568
830.1,5198.669434
830.2,5146.980286
830.3,5146.980286
830.4,5159.187317
830.5,5146.980286
830.6,5089.378357
830.7,5083.274841
830.8,5086.326599
830.9,5089.378357
831,5089.378357
831.1,5198.669434
831.2,5162.239075
831.3,5159.187317
831.4,5159.187317
831.5,5162.239075
831.6,5089.378357
831.7,5086.326599
831.8,5089.378357
831.9,5101.585388
832,5101.585388
832.1,5204.582214
832.2,5174.255371
832.3,5174.255371
832.4,5174.255371
832.5,5174.255371
832.6,5092.430115
832.7,5101.585388
832.8,5104.446411
832.9,5104.446411
833,5095.481873
833.1,5198.669434
833.2,5168.151855
833.3,5174.255371
833.4,5171.203613
833.5,5177.307129
833.6,5098.53363
833.7,5110.549927
833.8,5101.585388
833.9,5107.498169
834,5101.585388
834.1,5201.530457
834.2,5180.358887
834.3,5177.307129
834.4,5180.358887
834.5,5171.203613
834.6,5119.7052
834.7,5113.601685
834.8,5110.549927
834.9,5119.7052
835,5113.601685
835.1,5201.530457
835.2,5189.51416
835.3,5186.462402
835.4,5192.565918
835.5,5189.51416
835.6,5122.756958
835.7,5125.808716
835.8,5116.653442
835.9,5116.653442
836,5110.549927
836.1,5210.68573
836.2,5198.669434
836.3,5186.462402
836.4,5195.617676
836.5,5189.51416
836.6,5128.860474
836.7,5128.860474
836.8,5131.912231
836.9,5131.912231
837,5128.860474
837.1,5219.841003
837.2,5195.617676
837.3,5210.68573
837.4,5204.582214
837.5,5207.633972
837.6,5140.87677
837.7,5137.825012
837.8,5134.773254
837.9,5137.825012
838,5134.773254
838.1,5219.841003
838.2,5204.582214
838.3,5207.633972
838.4,5210.68573
838.5,5210.68573
838.6,5146.980286
838.7,5150.032043
838.8,5143.928528
838.9,5137.825012
839,5150.032043
839.1,5231.8573
839.2,5216.789246
839.3,5222.892761
839.4,5210.68573
839.5,5222.892761
839.6,5162.239075
839.7,5150.032043
839.8,5146.980286
839.9,5165.290833
840,5159.187317
840.1,5247.116089
840.2,5228.996277
840.3,5225.944519
840.4,5231.8573
840.5,5228.996277
840.6,5159.187317
840.7,5159.187317
840.8,5159.187317
840.9,5156.135559
841,5162.239075
841.1,5241.012573
841.2,5231.8573
841.3,5234.909058
841.4,5225.944519
841.5,5225.944519
841.6,5174.255371
841.7,5168.151855
841.8,5168.151855
841.9,5162.239075
842,5174.255371
842.1,5244.064331
842.2,5241.012573
842.3,5241.012573
842.4,5237.960815
842.5,5234.909058
842.6,5171.203613
842.7,5168.151855
842.8,5159.187317
842.9,5165.290833
843,5171.203613
843.1,5253.219604
843.2,5237.960815
843.3,5241.012573
843.4,5247.116089
843.5,5241.012573
843.6,5171.203613
843.7,5177.307129
843.8,5177.307129
843.9,5168.151855
844,5177.307129
844.1,5253.219604
844.2,5253.219604
844.3,5241.012573
844.4,5250.167847
844.5,5253.219604
844.6,5186.462402
844.7,5186.462402
844.8,5186.462402
844.9,5186.462402
845,5183.410645
845.1,5256.271362
845.2,5253.219604
845.3,5250.167847
845.4,5259.32312
845.5,5250.167847
845.6,5195.617676
845.7,5195.617676
845.8,5198.669434
845.9,5192.565918
846,5198.669434
846.1,5268.287659
846.2,5259.32312
846.3,5271.339417
846.4,5268.287659
846.5,5271.339417
846.6,5198.669434
846.7,5192.565918
846.8,5195.617676
846.9,5198.669434
847,5201.530457
847.1,5283.546448
847.2,5268.287659
847.3,5265.235901
847.4,5271.339417
847.5,5268.287659
847.6,5204.582214
847.7,5201.530457
847.8,5207.633972
847.9,5207.633972
848,5207.633972
848.1,5286.598206
848.2,5274.391174
848.3,5283.546448
848.4,5268.287659
848.5,5277.442932
848.6,5207.633972
848.7,5219.841003
848.8,5210.68573
848.9,5216.789246
849,5207.633972
849.1,5289.649963
849.2,5286.598206
849.3,5280.49469
849.4,5277.442932
849.5,5286.598206
849.6,5234.909058
849.7,5222.892761
849.8,5228.996277
849.9,5234.909058
850,5225.944519
850.1,5307.769775
850.2,5292.701721
850.3,5301.66626
850.4,5292.701721
850.5,5298.614502
850.6,5225.944519
850.7,5219.841003
850.8,5225.944519
850.9,5234.909058
851,5234.909058
851.1,5307.769775
851.2,5307.769775
851.3,5301.66626
851.4,5292.701721
851.5,5301.66626
851.6,5231.8573
851.7,5231.8573
851.8,5231.8573
851.9,5225.944519
852,5231.8573
852.1,5304.718018
852.2,5292.701721
852.3,5304.718018
852.4,5295.753479
852.5,5298.614502
852.6,5231.8573
852.7,5234.909058
852.8,5234.909058
852.9,5225.944519
853,5241.012573
853.1,5304.718018
853.2,5307.769775
853.3,5301.66626
853.4,5298.614502
853.5,5307.769775
853.6,5234.909058
853.7,5234.909058
853.8,5234.909058
853.9,5237.960815
854,5241.012573
854.1,5313.873291
854.2,5301.66626
854.3,5313.873291
854.4,5310.821533
854.5,5304.718018
854.6,5241.012573
854.7,5247.116089
854.8,5241.012573
854.9,5247.116089
855,5247.116089
855.1,5313.873291
855.2,5316.925049
855.3,5310.821533
855.4,5307.769775
855.5,5310.821533
855.6,5253.219604
855.7,5244.064331
855.8,5244.064331
855.9,5247.116089
856,5247.116089
856.1,5326.080322
856.2,5323.028564
856.3,5319.976807
856.4,5316.925049
856.5,5319.976807
856.6,5244.064331
856.7,5247.116089
856.8,5253.219604
856.9,5253.219604
857,5244.064331
857.1,5316.925049
857.2,5310.821533
857.3,5319.976807
857.4,5316.925049
857.5,5319.976807
857.6,5244.064331
857.7,5253.219604
857.8,5244.064331
857.9,5253.219604
858,5244.064331
858.1,5316.925049
858.2,5316.925049
858.3,5326.080322
858.4,5316.925049
858.5,5319.976807
858.6,5262.374878
858.7,5256.271362
858.8,5265.235901
858.9,5262.374878
859,5262.374878
859.1,5338.096619
859.2,5328.941345
859.3,5338.096619
859.4,5344.200134
859.5,5326.080322
859.6,5274.391174
859.7,5268.287659
859.8,5268.287659
859.9,5274.391174
860,5274.391174
860.1,5341.148376
860.2,5350.30365
860.3,5341.148376
860.4,5347.251892
860.5,5344.200134
860.6,5286.598206
860.7,5280.49469
860.8,5280.49469
860.9,5280.49469
861,5274.391174
861.1,5356.407166
861.2,5350.30365
861.3,5350.30365
861.4,5350.30365
861.5,5350.30365
861.6,5289.649963
861.7,5295.753479
861.8,5286.598206
861.9,5289.649963
862,5289.649963
862.1,5368.423462
862.2,5359.458923
862.3,5368.423462
862.4,5353.355408
862.5,5356.407166
862.6,5295.753479
862.7,5289.649963
862.8,5286.598206
862.9,5295.753479
863,5295.753479
863.1,5365.371704
863.2,5368.423462
863.3,5368.423462
863.4,5365.371704
863.5,5365.371704
863.6,5301.66626
863.7,5298.614502
863.8,5298.614502
863.9,5301.66626
864,5307.769775
864.1,5365.371704
864.2,5374.526978
864.3,5365.371704
864.4,5368.423462
864.5,5365.371704
864.6,5295.753479
864.7,5292.701721
864.8,5298.614502
864.9,5301.66626
865,5292.701721
865.1,5374.526978
865.2,5368.423462
865.3,5371.47522
865.4,5368.423462
865.5,5368.423462
865.6,5307.769775
865.7,5310.821533
865.8,5310.821533
865.9,5319.976807
866,5307.769775
866.1,5380.630493
866.2,5389.785767
866.3,5392.837524
866.4,5383.682251
866.5,5383.682251
866.6,5319.976807
866.7,5319.976807
866.8,5316.925049
866.9,5310.821533
867,5304.718018
867.1,5386.734009
867.2,5380.630493
867.3,5383.682251
867.4,5380.630493
867.5,5377.578735
867.6,5323.028564
867.7,5319.976807
867.8,5319.976807
867.9,5319.976807
868,5316.925049
868.1,5386.734009
868.2,5392.837524
868.3,5386.734009
868.4,5392.837524
868.5,5389.785767
868.6,5313.873291
868.7,5319.976807
868.8,5319.976807
868.9,5323.028564
869,5316.925049
869.1,5389.785767
869.2,5389.785767
869.3,5392.837524
869.4,5392.837524
869.5,5392.837524
869.6,5319.976807
869.7,5316.925049
869.8,5326.080322
869.9,5323.028564
870,5331.993103
870.1,5389.785767
870.2,5395.698547
870.3,5392.837524
870.4,5392.837524
870.5,5389.785767
870.6,5331.993103
870.7,5338.096619
870.8,5331.993103
870.9,5331.993103
871,5328.941345
871.1,5404.853821
871.2,5401.802063
871.3,5401.802063
871.4,5404.853821
871.5,5401.802063
871.6,5328.941345
871.7,5344.200134
871.8,5331.993103
871.9,5331.993103
872,5328.941345
872.1,5401.802063
872.2,5404.853821
872.3,5401.802063
872.4,5401.802063
872.5,5401.802063
872.6,5344.200134
872.7,5341.148376
872.8,5344.200134
872.9,5341.148376
873,5344.200134
873.1,5417.060852
873.2,5417.060852
873.3,5407.905579
873.4,5417.060852
873.5,5414.009094
873.6,5347.251892
873.7,5344.200134
873.8,5356.407166
873.9,5347.251892
874,5344.200134
874.1,5420.11261
874.2,5414.009094
874.3,5414.009094
874.4,5417.060852
874.5,5414.009094
874.6,5347.251892
874.7,5356.407166
874.8,5341.148376
874.9,5347.251892
875,5341.148376
875.1,5426.025391
875.2,5414.009094
875.3,5423.164368
875.4,5414.009094
875.5,5417.060852
875.6,5356.407166
875.7,5350.30365
875.8,5353.355408
875.9,5350.30365
876,5356.407166
876.1,5420.11261
876.2,5420.11261
876.3,5429.077148
876.4,5426.025391
876.5,5429.077148
876.6,5365.371704
876.7,5368.423462
876.8,5365.371704
876.9,5362.319946
877,5368.423462
877.1,5447.387695
877.2,5438.232422
877.3,5441.28418
877.4,5435.180664
877.5,5438.232422
877.6,5383.682251
877.7,5371.47522
877.8,5380.630493
877.9,5374.526978
878,5380.630493
878.1,5441.28418
878.2,5447.387695
878.3,5444.335938
878.4,5444.335938
878.5,5444.335938
878.6,5380.630493
878.7,5383.682251
878.8,5374.526978
878.9,5377.578735
879,5383.682251
879.1,5453.491211
879.2,5447.387695
879.3,5444.335938
879.4,5450.439453
879.5,5450.439453
879.6,5386.734009
879.7,5392.837524
879.8,5386.734009
879.9,5383.682251
880,5386.734009
880.1,5462.45575
880.2,5465.507507
880.3,5450.439453
880.4,5450.439453
880.5,5453.491211
880.6,5398.750305
880.7,5395.698547
880.8,5389.785767
880.9,5401.802063
881,5398.750305
881.1,5465.507507
881.2,5468.559265
881.3,5468.559265
881.4,5489.92157
881.5,5386.734009
881.6,5404.853821
881.7,5404.853821
881.8,5404.853821
881.9,5395.698547
882,5608.177185
882.1,5468.559265
882.2,5468.559265
882.3,5477.714539
882.4,5474.662781
882.5,5392.837524
882.6,5401.802063
882.7,5401.802063
882.8,5404.853821
882.9,5404.853821
883,5611.228943
883.1,5468.559265
883.2,5477.714539
883.3,5468.559265
883.4,5489.92157
883.5,5392.837524
883.6,5407.905579
883.7,5417.060852
883.8,5414.009094
883.9,5417.060852
884,5626.296997
884.1,5480.766296
884.2,5492.782593
884.3,5486.869812
884.4,5489.92157
884.5,5401.802063
884.6,5420.11261
884.7,5410.957336
884.8,5414.009094
884.9,5423.164368
885,5620.193481
885.1,5501.937866
885.2,5489.92157
885.3,5483.818054
885.4,5492.782593
885.5,5401.802063
885.6,5429.077148
885.7,5423.164368
885.8,5423.164368
885.9,5414.009094
886,5620.193481
886.1,5501.937866
886.2,5495.834351
886.3,5486.869812
886.4,5486.869812
886.5,5404.853821
886.6,5435.180664
886.7,5441.28418
886.8,5432.128906
886.9,5426.025391
887,5605.125427
887.1,5508.041382
887.2,5504.989624
887.3,5504.989624
887.4,5504.989624
887.5,5414.009094
887.6,5432.128906
887.7,5441.28418
887.8,5438.232422
887.9,5441.28418
888,5599.021912
888.1,5514.144897
888.2,5508.041382
888.3,5514.144897
888.4,5517.196655
888.5,5429.077148
888.6,5444.335938
888.7,5453.491211
888.8,5444.335938
888.9,5444.335938
889,5599.021912
889.1,5526.161194
889.2,5526.161194
889.3,5517.196655
889.4,5526.161194
889.5,5435.180664
889.6,5465.507507
889.7,5456.542969
889.8,5465.507507
889.9,5465.507507
890,5611.228943
890.1,5532.264709
890.2,5544.471741
890.3,5535.316467
890.4,5535.316467
890.5,5462.45575
890.6,5471.611023
890.7,5468.559265
890.8,5477.714539
890.9,5468.559265
891,5595.970154
891.1,5547.523499
891.2,5547.523499
891.3,5547.523499
891.4,5544.471741
891.5,5465.507507
891.6,5489.92157
891.7,5474.662781
891.8,5477.714539
891.9,5465.507507
892,5595.970154
892.1,5547.523499
892.2,5541.419983
892.3,5550.575256
892.4,5556.488037
892.5,5477.714539
892.6,5474.662781
892.7,5471.611023
892.8,5474.662781
892.9,5477.714539
893,5602.073669
893.1,5550.575256
893.2,5550.575256
893.3,5556.488037
893.4,5562.591553
893.5,5495.834351
893.6,5489.92157
893.7,5477.714539
893.8,5489.92157
893.9,5489.92157
894,5595.970154
894.1,5556.488037
894.2,5556.488037
894.3,5553.627014
894.4,5562.591553
894.5,5477.714539
894.6,5492.782593
894.7,5489.92157
894.8,5477.714539
894.9,5489.92157
895,5589.866638
895.1,5562.591553
895.2,5556.488037
895.3,5553.627014
895.4,5562.591553
895.5,5480.766296
895.6,5492.782593
895.7,5492.782593
895.8,5492.782593
895.9,5483.818054
896,5599.021912
896.1,5568.695068
896.2,5565.643311
896.3,5559.539795
896.4,5559.539795
896.5,5498.886108
896.6,5501.937866
896.7,5492.782593
896.8,5486.869812
896.9,5486.869812
897,5599.021912
897.1,5568.695068
897.2,5559.539795
897.3,5565.643311
897.4,5565.643311
897.5,5498.886108
897.6,5498.886108
897.7,5501.937866
897.8,5508.041382
897.9,5501.937866
898,5595.970154
898.1,5574.798584
898.2,5571.746826
898.3,5574.798584
898.4,5574.798584
898.5,5508.041382
898.6,5511.09314
898.7,5504.989624
898.8,5514.144897
898.9,5504.989624
899,5611.228943
899.1,5574.798584
899.2,5587.005615
899.3,5583.953857
899.4,5577.850342
899.5,5526.161194
899.6,5526.161194
899.7,5523.109436
899.8,5526.161194
899.9,5517.196655
900,5608.177185
900.1,5595.970154
900.2,5583.953857
900.3,5583.953857
900.4,5587.005615
900.5,5529.212952
900.6,5517.196655
900.7,5526.161194
900.8,5526.161194
900.9,5523.109436
901,5611.228943
901.1,5589.866638
901.2,5595.970154
901.3,5595.970154
901.4,5592.918396
901.5,5529.212952
901.6,5526.161194
901.7,5529.212952
901.8,5532.264709
901.9,5532.264709
902,5614.280701
902.1,5599.021912
902.2,5605.125427
902.3,5605.125427
902.4,5599.021912
902.5,5535.316467
902.6,5541.419983
902.7,5532.264709
902.8,5535.316467
902.9,5535.316467
903,5626.296997
903.1,5617.332458
903.2,5608.177185
903.3,5608.177185
903.4,5608.177185
903.5,5535.316467
903.6,5538.368225
903.7,5541.419983
903.8,5544.471741
903.9,5541.419983
904,5629.348755
904.1,5614.280701
904.2,5617.332458
904.3,5611.228943
904.4,5608.177185
904.5,5550.575256
904.6,5547.523499
904.7,5550.575256
904.8,5547.523499
904.9,5550.575256
905,5632.400513
905.1,5617.332458
905.2,5614.280701
905.3,5620.193481
905.4,5614.280701
905.5,5550.575256
905.6,5553.627014
905.7,5562.591553
905.8,5547.523499
905.9,5547.523499
906,5641.555786
906.1,5620.193481
906.2,5635.452271
906.3,5623.245239
906.4,5635.452271
906.5,5553.627014
906.6,5556.488037
906.7,5550.575256
906.8,5559.539795
906.9,5550.575256
907,5638.504028
907.1,5635.452271
907.2,5617.332458
907.3,5623.245239
907.4,5635.452271
907.5,5553.627014
907.6,5565.643311
907.7,5562.591553
907.8,5556.488037
907.9,5562.591553
908,5632.400513
908.1,5623.245239
908.2,5629.348755
908.3,5629.348755
908.4,5635.452271
908.5,5574.798584
908.6,5574.798584
908.7,5571.746826
908.8,5571.746826
908.9,5565.643311
909,5659.675598
909.1,5632.400513
909.2,5641.555786
909.3,5647.659302
909.4,5647.659302
909.5,5574.798584
909.6,5571.746826
909.7,5587.005615
909.8,5571.746826
909.9,5571.746826
910,5653.572083
910.1,5647.659302
910.2,5647.659302
910.3,5659.675598
910.4,5644.607544
910.5,5577.850342
910.6,5587.005615
910.7,5571.746826
910.8,5574.798584
910.9,5587.005615
911,5671.882629
911.1,5653.572083
911.2,5653.572083
911.3,5644.607544
911.4,5650.71106
911.5,5580.9021
911.6,5587.005615
911.7,5589.866638
911.8,5587.005615
911.9,5580.9021
912,5665.779114
912.1,5647.659302
912.2,5656.62384
912.3,5656.62384
912.4,5653.572083
912.5,5599.021912
912.6,5583.953857
912.7,5583.953857
912.8,5583.953857
912.9,5583.953857
913,5677.986145
913.1,5671.882629
913.2,5656.62384
913.3,5662.727356
913.4,5656.62384
913.5,5587.005615
913.6,5583.953857
913.7,5587.005615
913.8,5583.953857
913.9,5595.970154
914,5659.675598
914.1,5659.675598
914.2,5656.62384
914.3,5656.62384
914.4,5659.675598
914.5,5595.970154
914.6,5599.021912
914.7,5595.970154
914.8,5595.970154
914.9,5599.021912
915,5671.882629
915.1,5665.779114
915.2,5662.727356
915.3,5665.779114
915.4,5659.675598
915.5,5617.332458
915.6,5602.073669
915.7,5602.073669
915.8,5605.125427
915.9,5611.228943
916,5684.089661
916.1,5674.934387
916.2,5671.882629
916.3,5671.882629
916.4,5671.882629
916.5,5611.228943
916.6,5611.228943
916.7,5608.177185
916.8,5611.228943
916.9,5605.125427
917,5684.089661
917.1,5674.934387
917.2,5681.037903
917.3,5681.037903
917.4,5684.089661
917.5,5623.245239
917.6,5626.296997
917.7,5623.245239
917.8,5629.348755
917.9,5620.193481
918,5693.054199
918.1,5696.105957
918.2,5696.105957
918.3,5693.054199
918.4,5693.054199
918.5,5632.400513
918.6,5626.296997
918.7,5620.193481
918.8,5626.296997
918.9,5635.452271
919,5693.054199
919.1,5693.054199
919.2,5696.105957
919.3,5696.105957
919.4,5693.054199
919.5,5629.348755
919.6,5626.296997
919.7,5635.452271
919.8,5635.452271
919.9,5629.348755
920,5708.312988
920.1,5699.157715
920.2,5702.209473
920.3,5702.209473
920.4,5708.312988
920.5,5632.400513
920.6,5632.400513
920.7,5632.400513
920.8,5632.400513
920.9,5632.400513
921,5714.416504
921.1,5702.209473
921.2,5702.209473
921.3,5708.312988
921.4,5705.26123
921.5,5638.504028
921.6,5644.607544
921.7,5638.504028
921.8,5641.555786
921.9,5647.659302
922,5717.277527
922.1,5720.329285
922.2,5708.312988
922.3,5705.26123
922.4,5711.364746
922.5,5647.659302
922.6,5650.71106
922.7,5650.71106
922.8,5650.71106
922.9,5653.572083
923,5732.536316
923.1,5726.4328
923.2,5717.277527
923.3,5717.277527
923.4,5720.329285
923.5,5659.675598
923.6,5656.62384
923.7,5656.62384
923.8,5665.779114
923.9,5659.675598
924,5732.536316
924.1,5720.329285
924.2,5732.536316
924.3,5729.484558
924.4,5726.4328
924.5,5659.675598
924.6,5656.62384
924.7,5659.675598
924.8,5662.727356
924.9,5653.572083
925,5732.536316
925.1,5723.381042
925.2,5735.588074
925.3,5732.536316
925.4,5732.536316
925.5,5665.779114
925.6,5659.675598
925.7,5662.727356
925.8,5659.675598
925.9,5656.62384
926,5738.639832
926.1,5732.536316
926.2,5738.639832
926.3,5729.484558
926.4,5744.743347
926.5,5674.934387
926.6,5668.830872
926.7,5684.089661
926.8,5671.882629
926.9,5677.986145
927,5744.743347
927.1,5741.691589
927.2,5744.743347
927.3,5741.691589
927.4,5738.639832
927.5,5671.882629
927.6,5668.830872
927.7,5671.882629
927.8,5668.830872
927.9,5674.934387
928,5750.656128
928.1,5738.639832
928.2,5741.691589
928.3,5744.743347
928.4,5744.743347
928.5,5671.882629
928.6,5671.882629
928.7,5668.830872
928.8,5668.830872
928.9,5684.089661
929,5741.691589
929.1,5747.795105
929.2,5744.743347
929.3,5741.691589
929.4,5747.795105
929.5,5677.986145
929.6,5684.089661
929.7,5671.882629
929.8,5684.089661
929.9,5671.882629
930,5744.743347
930.1,5756.759644
930.2,5744.743347
930.3,5744.743347
930.4,5756.759644
930.5,5686.950684
930.6,5684.089661
930.7,5686.950684
930.8,5681.037903
930.9,5690.002441
931,5753.707886
931.1,5756.759644
931.2,5756.759644
931.3,5756.759644
931.4,5756.759644
931.5,5681.037903
931.6,5681.037903
931.7,5684.089661
931.8,5681.037903
931.9,5696.105957
932,5759.811401
932.1,5759.811401
932.2,5762.863159
932.3,5762.863159
932.4,5768.966675
932.5,5708.312988
932.6,5708.312988
932.7,5705.26123
932.8,5702.209473
932.9,5708.312988
933,5778.121948
933.1,5781.173706
933.2,5768.966675
933.3,5768.966675
933.4,5772.018433
933.5,5708.312988
933.6,5708.312988
933.7,5708.312988
933.8,5699.157715
933.9,5702.209473
934,5772.018433
934.1,5781.173706
934.2,5784.034729
934.3,5772.018433
934.4,5781.173706
934.5,5717.277527
934.6,5711.364746
934.7,5705.26123
934.8,5720.329285
934.9,5711.364746
935,5787.086487
935.1,5784.034729
935.2,5784.034729
935.3,5778.121948
935.4,5787.086487
935.5,5717.277527
935.6,5723.381042
935.7,5732.536316
935.8,5717.277527
935.9,5720.329285
936,5793.190002
936.1,5784.034729
936.2,5790.138245
936.3,5784.034729
936.4,5790.138245
936.5,5726.4328
936.6,5723.381042
936.7,5717.277527
936.8,5720.329285
936.9,5720.329285
937,5805.397034
937.1,5790.138245
937.2,5793.190002
937.3,5784.034729
937.4,5790.138245
937.5,5720.329285
937.6,5717.277527
937.7,5714.416504
937.8,5717.277527
937.9,5717.277527
938,5796.24176
938.1,5796.24176
938.2,5805.397034
938.3,5790.138245
938.4,5790.138245
938.5,5723.381042
938.6,5723.381042
938.7,5720.329285
938.8,5720.329285
938.9,5717.277527
939,5790.138245
939.1,5793.190002
939.2,5790.138245
939.3,5790.138245
939.4,5790.138245
939.5,5732.536316
939.6,5723.381042
939.7,5732.536316
939.8,5720.329285
939.9,5732.536316
940,5796.24176
940.1,5799.293518
940.2,5790.138245
940.3,5790.138245
940.4,5799.293518
940.5,5744.743347
940.6,5729.484558
940.7,5735.588074
940.8,5738.639832
940.9,5729.484558
941,5802.345276
941.1,5802.345276
941.2,5802.345276
941.3,5817.41333
941.4,5799.293518
941.5,5738.639832
941.6,5732.536316
941.7,5729.484558
941.8,5732.536316
941.9,5729.484558
942,5802.345276
942.1,5817.41333
942.2,5802.345276
942.3,5805.397034
942.4,5805.397034
942.5,5741.691589
942.6,5750.656128
942.7,5744.743347
942.8,5747.795105
942.9,5741.691589
943,5814.361572
943.1,5817.41333
943.2,5814.361572
943.3,5817.41333
943.4,5817.41333
943.5,5756.759644
943.6,5747.795105
943.7,5741.691589
943.8,5741.691589
943.9,5741.691589
944,5829.620361
944.1,5814.361572
944.2,5817.41333
944.3,5820.465088
944.4,5814.361572
944.5,5750.656128
944.6,5741.691589
944.7,5747.795105
944.8,5756.759644
944.9,5744.743347
945,5817.41333
945.1,5820.465088
945.2,5817.41333
945.3,5814.361572
945.4,5744.743347
945.5,5762.863159
945.6,5753.707886
945.7,5753.707886
945.8,5753.707886
945.9,5765.914917
946,5826.568604
946.1,5826.568604
946.2,5823.516846
946.3,5826.568604
946.4,5750.656128
946.5,5756.759644
946.6,5759.811401
946.7,5759.811401
946.8,5762.863159
946.9,5975.341797
947,5829.620361
947.1,5835.723877
947.2,5826.568604
947.3,5832.672119
947.4,5744.743347
947.5,5762.863159
947.6,5768.966675
947.7,5756.759644
947.8,5762.863159
947.9,5960.083008
948,5826.568604
948.1,5832.672119
948.2,5829.620361
948.3,5826.568604
948.4,5747.795105
948.5,5765.914917
948.6,5762.863159
948.7,5775.07019
948.8,5781.173706
948.9,5969.238281
949,5841.827393
949.1,5841.827393
949.2,5835.723877
949.3,5838.775635
949.4,5753.707886
949.5,5765.914917
949.6,5768.966675
949.7,5772.018433
949.8,5768.966675
949.9,5966.186523
950,5841.827393
950.1,5847.740173
950.2,5838.775635
950.3,5838.775635
950.4,5753.707886
950.5,5787.086487
950.6,5778.121948
950.7,5787.086487
950.8,5781.173706
950.9,5957.03125
951,5850.791931
951.1,5850.791931
951.2,5850.791931
951.3,5850.791931
951.4,5772.018433
951.5,5787.086487
951.6,5793.190002
951.7,5778.121948
951.8,5790.138245
951.9,5947.875977
952,5866.05072
952.1,5866.05072
952.2,5862.998962
952.3,5878.257751
952.4,5781.173706
952.5,5796.24176
952.6,5805.397034
952.7,5796.24176
952.8,5793.190002
952.9,5941.963196
953,5859.947205
953.1,5862.998962
953.2,5878.257751
953.3,5859.947205
953.4,5778.121948
953.5,5793.190002
953.6,5787.086487
953.7,5787.086487
953.8,5787.086487
953.9,5935.85968
954,5862.998962
954.1,5856.895447
954.2,5856.895447
954.3,5856.895447
954.4,5778.121948
954.5,5787.086487
954.6,5793.190002
954.7,5790.138245
954.8,5793.190002
954.9,5926.704407
955,5862.998962
955.1,5878.257751
955.2,5856.895447
955.3,5859.947205
955.4,5796.24176
955.5,5799.293518
955.6,5799.293518
955.7,5790.138245
955.8,5802.345276
955.9,5923.652649
956,5872.154236
956.1,5878.257751
956.2,5869.102478
956.3,5872.154236
956.4,5805.397034
956.5,5808.448792
956.6,5802.345276
956.7,5802.345276
956.8,5808.448792
956.9,5923.652649
957,5884.170532
957.1,5875.205994
957.2,5884.170532
957.3,5875.205994
957.4,5814.361572
957.5,5805.397034
957.6,5808.448792
957.7,5808.448792
957.8,5805.397034
957.9,5923.652649
958,5887.22229
958.1,5890.274048
958.2,5875.205994
958.3,5884.170532
958.4,5829.620361
958.5,5829.620361
958.6,5817.41333
958.7,5817.41333
958.8,5823.516846
958.9,5929.756165
959,5899.429321
959.1,5899.429321
959.2,5893.325806
959.3,5893.325806
959.4,5829.620361
959.5,5829.620361
959.6,5829.620361
959.7,5823.516846
959.8,5829.620361
959.9,5929.756165
960,5899.429321
960.1,5899.429321
960.2,5899.429321
960.3,5905.532837
960.4,5829.620361
960.5,5838.775635
960.6,5829.620361
960.7,5835.723877
960.8,5826.568604
960.9,5938.911438
961,5905.532837
961.1,5905.532837
961.2,5905.532837
961.3,5905.532837
961.4,5841.827393
961.5,5832.672119
961.6,5853.843689
961.7,5841.827393
961.8,5838.775635
961.9,5935.85968
962,5920.600891
962.1,5914.497375
962.2,5911.445618
962.3,5914.497375
962.4,5844.87915
962.5,5844.87915
962.6,5850.791931
962.7,5841.827393
962.8,5847.740173
962.9,5947.875977
963,5920.600891
963.1,5926.704407
963.2,5920.600891
963.3,5926.704407
963.4,5847.740173
963.5,5853.843689
963.6,5853.843689
963.7,5856.895447
963.8,5853.843689
963.9,5950.927734
964,5932.807922
964.1,5929.756165
964.2,5932.807922
964.3,5923.652649
964.4,5859.947205
964.5,5866.05072
964.6,5859.947205
964.7,5862.998962
964.8,5850.791931
964.9,5947.875977
965,5932.807922
965.1,5935.85968
965.2,5929.756165
965.3,5929.756165
965.4,5856.895447
965.5,5856.895447
965.6,5859.947205
965.7,5850.791931
965.8,5862.998962
965.9,5947.875977
966,5929.756165
966.1,5938.911438
966.2,5938.911438
966.3,5938.911438
966.4,5881.118774
966.5,5872.154236
966.6,5884.170532
966.7,5869.102478
966.8,5878.257751
966.9,5963.134766
967,5950.927734
967.1,5947.875977
967.2,5950.927734
967.3,5941.963196
967.4,5887.22229
967.5,5896.377563
967.6,5887.22229
967.7,5884.170532
967.8,5875.205994
967.9,5975.341797
968,5953.979492
968.1,5950.927734
968.2,5953.979492
968.3,5953.979492
968.4,5890.274048
968.5,5896.377563
968.6,5875.205994
968.7,5875.205994
968.8,5875.205994
968.9,5966.186523
969,5963.134766
969.1,5960.083008
969.2,5947.875977
969.3,5950.927734
969.4,5890.274048
969.5,5875.205994
969.6,5884.170532
969.7,5890.274048
969.8,5896.377563
969.9,5972.290039
970,5963.134766
970.1,5963.134766
970.2,5960.083008
970.3,5975.341797
970.4,5896.377563
970.5,5905.532837
970.6,5899.429321
970.7,5902.481079
970.8,5905.532837
970.9,5984.306335
971,5969.238281
971.1,5969.238281
971.2,5972.290039
971.3,5969.238281
971.4,5908.584595
971.5,5899.429321
971.6,5902.481079
971.7,5902.481079
971.8,5905.532837
971.9,5993.461609
972,5981.254578
972.1,5972.290039
972.2,5981.254578
972.3,5972.290039
972.4,5899.429321
972.5,5905.532837
972.6,5905.532837
972.7,5899.429321
972.8,5899.429321
972.9,5984.306335
973,5975.341797
973.1,5975.341797
973.2,5975.341797
973.3,5981.254578
973.4,5920.600891
973.5,5914.497375
973.6,5920.600891
973.7,5911.445618
973.8,5911.445618
973.9,5996.513367
974,5984.306335
974.1,5987.358093
974.2,5984.306335
974.3,5993.461609
974.4,5926.704407
974.5,5929.756165
974.6,5917.549133
974.7,5926.704407
974.8,5917.549133
974.9,5996.513367
975,5993.461609
975.1,5993.461609
975.2,5987.358093
975.3,5999.565125
975.4,5929.756165
975.5,5929.756165
975.6,5929.756165
975.7,5932.807922
975.8,5929.756165
975.9,6011.581421
976,5999.565125
976.1,6002.616882
976.2,6005.66864
976.3,5996.513367
976.4,5929.756165
976.5,5938.911438
976.6,5932.807922
976.7,5935.85968
976.8,5938.911438
976.9,6023.788452
977,6005.66864
977.1,6002.616882
977.2,6002.616882
977.3,6002.616882
977.4,5938.911438
977.5,5950.927734
977.6,5941.963196
977.7,5938.911438
977.8,5941.963196
977.9,6017.684937
978,6023.788452
978.1,6011.581421
978.2,6017.684937
978.3,6011.581421
978.4,5935.85968
978.5,5938.911438
978.6,5941.963196
978.7,5935.85968
978.8,5944.824219
978.9,6014.633179
979,6023.788452
979.1,6008.529663
979.2,6011.581421
979.3,6011.581421
979.4,5953.979492
979.5,5957.03125
979.6,5957.03125
979.7,5953.979492
979.8,5953.979492
979.9,6035.995483
980,6020.736694
980.1,6029.891968
980.2,6023.788452
980.3,6029.891968
980.4,5963.134766
980.5,5963.134766
980.6,5957.03125
980.7,5953.979492
980.8,5963.134766
980.9,6035.995483
981,6035.995483
981.1,6026.84021
981.2,6035.995483
981.3,6029.891968
981.4,5972.290039
981.5,5975.341797
981.6,5972.290039
981.7,5981.254578
981.8,5969.238281
981.9,6044.960022
982,6048.01178
982.1,6048.01178
982.2,6048.01178
982.3,6048.01178
982.4,5975.341797
982.5,5978.20282
982.6,5975.341797
982.7,5975.341797
982.8,5972.290039
982.9,6044.960022
983,6041.908264
983.1,6048.01178
983.2,6051.063538
983.3,6044.960022
983.4,5975.341797
983.5,5975.341797
983.6,5972.290039
983.7,5969.238281
983.8,5975.341797
983.9,6048.01178
984,6048.01178
984.1,6044.960022
984.2,6041.908264
984.3,6048.01178
984.4,5972.290039
984.5,5972.290039
984.6,5972.290039
984.7,5969.238281
984.8,5975.341797
984.9,6048.01178
985,6048.01178
985.1,6041.908264
985.2,6048.01178
985.3,6048.01178
985.4,5987.358093
985.5,5981.254578
985.6,5984.306335
985.7,5993.461609
985.8,5987.358093
985.9,6057.167053
986,6051.063538
986.1,6060.218811
986.2,6057.167053
986.3,6072.425842
986.4,5996.513367
986.5,5996.513367
986.6,5993.461609
986.7,5993.461609
986.8,5999.565125
986.9,6069.374084
987,6066.322327
987.1,6072.425842
987.2,6063.270569
987.3,6072.425842
987.4,5996.513367
987.5,5996.513367
987.6,6005.66864
987.7,5999.565125
987.8,5996.513367
987.9,6072.425842
988,6075.286865
988.1,6069.374084
988.2,6075.286865
988.3,6069.374084
988.4,6023.788452
988.5,6011.581421
988.6,6011.581421
988.7,6008.529663
988.8,6020.736694
988.9,6090.545654
989,6081.390381
989.1,6084.442139
989.2,6084.442139
989.3,6084.442139
989.4,6017.684937
989.5,6023.788452
989.6,6017.684937
989.7,6011.581421
989.8,6008.529663
989.9,6090.545654
990,6090.545654
990.1,6081.390381
990.2,6084.442139
990.3,6081.390381
990.4,6011.581421
990.5,6023.788452
990.6,6020.736694
990.7,6017.684937
990.8,6023.788452
990.9,6096.64917
991,6093.597412
991.1,6090.545654
991.2,6093.597412
991.3,6096.64917
991.4,6020.736694
991.5,6023.788452
991.6,6020.736694
991.7,6023.788452
991.8,6035.995483
991.9,6093.597412
992,6093.597412
992.1,6093.597412
992.2,6102.752686
992.3,6093.597412
992.4,6035.995483
992.5,6035.995483
992.6,6039.047241
992.7,6039.047241
992.8,6039.047241
992.9,6108.665466
993,6114.768982
993.1,6105.613708
993.2,6108.665466
993.3,6108.665466
993.4,6048.01178
993.5,6048.01178
993.6,6041.908264
993.7,6044.960022
993.8,6044.960022
993.9,6114.768982
994,6114.768982
994.1,6120.872498
994.2,6111.717224
994.3,6120.872498
994.4,6057.167053
994.5,6054.115295
994.6,6051.063538
994.7,6051.063538
994.8,6057.167053
994.9,6123.924255
995,6117.82074
995.1,6123.924255
995.2,6117.82074
995.3,6130.027771
995.4,6072.425842
995.5,6057.167053
995.6,6057.167053
995.7,6057.167053
995.8,6057.167053
995.9,6133.079529
996,6133.079529
996.1,6133.079529
996.2,6145.095825
996.3,6130.027771
996.4,6072.425842
996.5,6066.322327
996.6,6066.322327
996.7,6066.322327
996.8,6060.218811
996.9,6145.095825
997,6136.131287
997.1,6145.095825
997.2,6136.131287
997.3,6145.095825
997.4,6078.338623
997.5,6069.374084
997.6,6078.338623
997.7,6069.374084
997.8,6078.338623
997.9,6145.095825
998,6157.302856
998.1,6151.199341
998.2,6145.095825
998.3,6142.044067
998.4,6090.545654
998.5,6090.545654
998.6,6081.390381
998.7,6081.390381
998.8,6084.442139
998.9,6154.251099
999,6154.251099
999.1,6148.147583
999.2,6157.302856
999.3,6154.251099
999.4,6087.493896
999.5,6090.545654
999.6,6087.493896
999.7,6093.597412
999.8,6081.390381
999.9,6157.302856
1000,6163.406372
1000.1,6154.251099
1000.2,6157.302856
1000.3,6160.354614
1000.4,6108.665466
1000.5,6093.597412
1000.6,6090.545654
1000.7,6102.752686
1000.8,6096.64917
1000.9,6163.406372
1001,6160.354614
1001.1,6163.406372
1001.2,6169.509888
1001.3,6166.45813
1001.4,6096.64917
1001.5,6102.752686
1001.6,6099.700928
1001.7,6096.64917
1001.8,6096.64917
1001.9,6172.370911
1002,6169.509888
1002.1,6166.45813
1002.2,6166.45813
1002.3,6175.422668
1002.4,6105.613708
1002.5,6105.613708
1002.6,6108.665466
1002.7,6099.700928
1002.8,6105.613708
1002.9,6166.45813
1003,6181.526184
1003.1,6172.370911
1003.2,6175.422668
1003.3,6178.474426
1003.4,6105.613708
1003.5,6105.613708
1003.6,6108.665466
1003.7,6105.613708
1003.8,6105.613708
1003.9,6187.6297
1004,6184.577942
1004.1,6178.474426
1004.2,6187.6297
1004.3,6178.474426
1004.4,6117.82074
1004.5,6120.872498
1004.6,6117.82074
1004.7,6117.82074
1004.8,6117.82074
1004.9,6196.784973
1005,6187.6297
1005.1,6199.836731
1005.2,6193.733215
1005.3,6193.733215
1005.4,6123.924255
1005.5,6123.924255
1005.6,6120.872498
1005.7,6130.027771
1005.8,6133.079529
1005.9,6202.697754
1006,6196.784973
1006.1,6196.784973
1006.2,6202.697754
1006.3,6190.681458
1006.4,6133.079529
1006.5,6130.027771
1006.6,6130.027771
1006.7,6126.976013
1006.8,6126.976013
1006.9,6205.749512
1007,6202.697754
1007.1,6205.749512
1007.2,6205.749512
1007.3,6202.697754
1007.4,6148.147583
1007.5,6142.044067
1007.6,6151.199341
1007.7,6145.095825
1007.8,6142.044067
1007.9,6217.956543
1008,6211.853027
1008.1,6217.956543
1008.2,6211.853027
1008.3,6214.904785
1008.4,6154.251099
1008.5,6148.147583
1008.6,6151.199341
1008.7,6157.302856
1008.8,6157.302856
1008.9,6227.111816
1009,6227.111816
1009.1,6221.008301
1009.2,6230.163574
1009.3,6145.095825
1009.4,6154.251099
1009.5,6160.354614
1009.6,6154.251099
1009.7,6157.302856
1009.8,6354.522705
1009.9,6236.076355
1010,6227.111816
1010.1,6227.111816
1010.2,6230.163574
1010.3,6151.199341
1010.4,6172.370911
1010.5,6163.406372
1010.6,6175.422668
1010.7,6166.45813
1010.8,6366.539001
1010.9,6242.179871
1011,6230.163574
1011.1,6242.179871
1011.2,6236.076355
1011.3,6154.251099
1011.4,6166.45813
1011.5,6169.509888
1011.6,6166.45813
1011.7,6166.45813
1011.8,6375.694275
1011.9,6242.179871
1012,6254.386902
1012.1,6242.179871
1012.2,6239.128113
1012.3,6154.251099
1012.4,6169.509888
1012.5,6169.509888
1012.6,6175.422668
1012.7,6166.45813
1012.8,6372.642517
1012.9,6239.128113
1013,6242.179871
1013.1,6245.231628
1013.2,6242.179871
1013.3,6157.302856
1013.4,6178.474426
1013.5,6178.474426
1013.6,6172.370911
1013.7,6181.526184
1013.8,6375.694275
1013.9,6251.335144
1014,6251.335144
1014.1,6254.386902
1014.2,6248.283386
1014.3,6172.370911
1014.4,6190.681458
1014.5,6193.733215
1014.6,6187.6297
1014.7,6190.681458
1014.8,6357.574463
1014.9,6260.490417
1015,6263.542175
1015.1,6269.454956
1015.2,6263.542175
1015.3,6178.474426
1015.4,6196.784973
1015.5,6199.836731
1015.6,6190.681458
1015.7,6193.733215
1015.8,6354.522705
1015.9,6263.542175
1016,6272.506714
1016.1,6266.593933
1016.2,6278.610229
1016.3,6181.526184
1016.4,6208.80127
1016.5,6214.904785
1016.6,6217.956543
1016.7,6208.80127
1016.8,6357.574463
1016.9,6290.817261
1017,6290.817261
1017.1,6287.765503
1017.2,6296.920776
1017.3,6202.697754
1017.4,6214.904785
1017.5,6221.008301
1017.6,6217.956543
1017.7,6217.956543
1017.8,6354.522705
1017.9,6287.765503
1018,6287.765503
1018.1,6296.920776
1018.2,6302.833557
1018.3,6230.163574
1018.4,6221.008301
1018.5,6230.163574
1018.6,6227.111816
1018.7,6230.163574
1018.8,6363.677979
1018.9,6293.869019
1019,6302.833557
1019.1,6293.869019
1019.2,6302.833557
1019.3,6227.111816
1019.4,6236.076355
1019.5,6230.163574
1019.6,6233.215332
1019.7,6230.163574
1019.8,6342.315674
1019.9,6299.781799
1020,6299.781799
1020.1,6299.781799
1020.2,6299.781799
1020.3,6227.111816
1020.4,6227.111816
1020.5,6227.111816
1020.6,6236.076355
1020.7,6230.163574
1020.8,6351.470947
1020.9,6302.833557
1021,6305.885315
1021.1,6308.937073
1021.2,6315.040588
1021.3,6239.128113
1021.4,6254.386902
1021.5,6239.128113
1021.6,6242.179871
1021.7,6245.231628
1021.8,6363.677979
1021.9,6321.144104
1022,6311.988831
1022.1,6311.988831
1022.2,6311.988831
1022.3,6242.179871
1022.4,6242.179871
1022.5,6248.283386
1022.6,6242.179871
1022.7,6239.128113
1022.8,6348.419189
1022.9,6311.988831
1023,6311.988831
1023.1,6315.040588
1023.2,6315.040588
1023.3,6242.179871
1023.4,6254.386902
1023.5,6248.283386
1023.6,6251.335144
1023.7,6266.593933
1023.8,6348.419189
1023.9,6318.092346
1024,6321.144104
1024.1,6324.195862
1024.2,6318.092346
1024.3,6260.490417
1024.4,6266.593933
1024.5,6266.593933
1024.6,6260.490417
1024.7,6254.386902
1024.8,6363.677979
1024.9,6327.24762
1025,6324.195862
1025.1,6324.195862
1025.2,6327.24762
1025.3,6266.593933
1025.4,6260.490417
1025.5,6266.593933
1025.6,6266.593933
1025.7,6257.43866
1025.8,6351.470947
1025.9,6324.195862
1026,6324.195862
1026.1,6324.195862
1026.2,6327.24762
1026.3,6269.454956
1026.4,6263.542175
1026.5,6278.610229
1026.6,6266.593933
1026.7,6266.593933
1026.8,6357.574463
1026.9,6339.263916
1027,6339.263916
1027.1,6336.212158
1027.2,6339.263916
1027.3,6278.610229
1027.4,6263.542175
1027.5,6275.558472
1027.6,6263.542175
1027.7,6278.610229
1027.8,6363.677979
1027.9,6342.315674
1028,6342.315674
1028.1,6339.263916
1028.2,6339.263916
1028.3,6275.558472
1028.4,6281.661987
1028.5,6278.610229
1028.6,6290.817261
1028.7,6278.610229
1028.8,6360.626221
1028.9,6345.367432
1029,6348.419189
1029.1,6345.367432
1029.2,6348.419189
1029.3,6287.765503
1029.4,6290.817261
1029.5,6281.661987
1029.6,6290.817261
1029.7,6287.765503
1029.8,6360.626221
1029.9,6351.470947
1030,6354.522705
1030.1,6357.574463
1030.2,6363.677979
1030.3,6290.817261
1030.4,6293.869019
1030.5,6287.765503
1030.6,6287.765503
1030.7,6287.765503
1030.8,6372.642517
1030.9,6363.677979
1031,6363.677979
1031.1,6354.522705
1031.2,6363.677979
1031.3,6305.885315
1031.4,6302.833557
1031.5,6305.885315
1031.6,6302.833557
1031.7,6308.937073
1031.8,6387.901306
1031.9,6381.797791
1032,6372.642517
1032.1,6375.694275
1032.2,6372.642517
1032.3,6305.885315
1032.4,6308.937073
1032.5,6315.040588
1032.6,6305.885315
1032.7,6302.833557
1032.8,6384.849548
1032.9,6372.642517
1033,6372.642517
1033.1,6381.797791
1033.2,6372.642517
1033.3,6318.092346
1033.4,6315.040588
1033.5,6315.040588
1033.6,6315.040588
1033.7,6318.092346
1033.8,6396.865845
1033.9,6384.849548
1034,6387.901306
1034.1,6399.917603
1034.2,6384.849548
1034.3,6318.092346
1034.4,6311.988831
1034.5,6324.195862
1034.6,6327.24762
1034.7,6318.092346
1034.8,6399.917603
1034.9,6399.917603
1035,6390.953064
1035.1,6390.953064
1035.2,6399.917603
1035.3,6327.24762
1035.4,6330.299377
1035.5,6327.24762
1035.6,6327.24762
1035.7,6330.299377
1035.8,6406.021118
1035.9,6396.865845
1036,6396.865845
1036.1,6396.865845
1036.2,6402.96936
1036.3,6327.24762
1036.4,6336.212158
1036.5,6336.212158
1036.6,6324.195862
1036.7,6339.263916
1036.8,6409.072876
1036.9,6399.917603
1037,6412.124634
1037.1,6399.917603
1037.2,6406.021118
1037.3,6336.212158
1037.4,6333.1604
1037.5,6342.315674
1037.6,6342.315674
1037.7,6336.212158
1037.8,6424.331665
1037.9,6409.072876
1038,6409.072876
1038.1,6406.021118
1038.2,6402.96936
1038.3,6348.419189
1038.4,6339.263916
1038.5,6345.367432
1038.6,6342.315674
1038.7,6342.315674
1038.8,6427.383423
1038.9,6412.124634
1039,6409.072876
1039.1,6418.228149
1039.2,6415.176392
1039.3,6351.470947
1039.4,6348.419189
1039.5,6348.419189
1039.6,6354.522705
1039.7,6351.470947
1039.8,6424.331665
1039.9,6415.176392
1040,6418.228149
1040.1,6418.228149
1040.2,6415.176392
1040.3,6360.626221
1040.4,6363.677979
1040.5,6360.626221
1040.6,6360.626221
1040.7,6360.626221
1040.8,6439.399719
1040.9,6436.347961
1041,6430.244446
1041.1,6436.347961
1041.2,6427.383423
1041.3,6366.539001
1041.4,6369.590759
1041.5,6360.626221
1041.6,6375.694275
1041.7,6360.626221
1041.8,6445.503235
1041.9,6436.347961
1042,6442.451477
1042.1,6433.296204
1042.2,6436.347961
1042.3,6372.642517
1042.4,6375.694275
1042.5,6372.642517
1042.6,6375.694275
1042.7,6366.539001
1042.8,6445.503235
1042.9,6448.554993
1043,6442.451477
1043.1,6445.503235
1043.2,6448.554993
1043.3,6384.849548
1043.4,6387.901306
1043.5,6387.901306
1043.6,6381.797791
1043.7,6390.953064
1043.8,6460.762024
1043.9,6454.658508
1044,6460.762024
1044.1,6454.658508
1044.2,6454.658508
1044.3,6384.849548
1044.4,6387.901306
1044.5,6390.953064
1044.6,6384.849548
1044.7,6399.917603
1044.8,6466.674805
1044.9,6460.762024
1045,6457.710266
1045.1,6457.710266
1045.2,6457.710266
1045.3,6396.865845
1045.4,6399.917603
1045.5,6399.917603
1045.6,6396.865845
1045.7,6399.917603
1045.8,6469.726563
1045.9,6457.710266
1046,6469.726563
1046.1,6457.710266
1046.2,6457.710266
1046.3,6402.96936
1046.4,6402.96936
1046.5,6399.917603
1046.6,6396.865845
1046.7,6396.865845
1046.8,6484.985352
1046.9,6469.726563
1047,6469.726563
1047.1,6469.726563
1047.2,6472.77832
1047.3,6409.072876
1047.4,6406.021118
1047.5,6402.96936
1047.6,6402.96936
1047.7,6406.021118
1047.8,6481.933594
1047.9,6484.985352
1048,6478.881836
1048.1,6475.830078
1048.2,6484.985352
1048.3,6412.124634
1048.4,6406.021118
1048.5,6409.072876
1048.6,6409.072876
1048.7,6415.176392
1048.8,6491.088867
1048.9,6481.933594
1049,6475.830078
1049.1,6484.985352
1049.2,6488.037109
1049.3,6424.331665
1049.4,6421.279907
1049.5,6424.331665
1049.6,6418.228149
1049.7,6415.176392
1049.8,6491.088867
1049.9,6491.088867
1050,6491.088867
1050.1,6491.088867
1050.2,6488.037109
1050.3,6433.296204
1050.4,6430.244446
1050.5,6424.331665
1050.6,6427.383423
1050.7,6433.296204
1050.8,6509.208679
1050.9,6509.208679
1051,6509.208679
1051.1,6500.053406
1051.2,6500.053406
1051.3,6433.296204
1051.4,6430.244446
1051.5,6436.347961
1051.6,6427.383423
1051.7,6427.383423
1051.8,6506.156921
1051.9,6500.053406
1052,6509.208679
1052.1,6509.208679
1052.2,6509.208679
1052.3,6439.399719
1052.4,6433.296204
1052.5,6442.451477
1052.6,6433.296204
1052.7,6436.347961
1052.8,6506.156921
1052.9,6506.156921
1053,6506.156921
1053.1,6509.208679
1053.2,6506.156921
1053.3,6442.451477
1053.4,6445.503235
1053.5,6439.399719
1053.6,6442.451477
1053.7,6439.399719
1053.8,6509.208679
1053.9,6509.208679
1054,6521.41571
1054.1,6518.363953
1054.2,6518.363953
1054.3,6448.554993
1054.4,6460.762024
1054.5,6445.503235
1054.6,6454.658508
1054.7,6451.60675
1054.8,6521.41571
1054.9,6521.41571
1055,6518.363953
1055.1,6518.363953
1055.2,6521.41571
1055.3,6460.762024
1055.4,6457.710266
1055.5,6448.554993
1055.6,6460.762024
1055.7,6460.762024
1055.8,6533.432007
1055.9,6524.467468
1056,6518.363953
1056.1,6524.467468
1056.2,6533.432007
1056.3,6466.674805
1056.4,6460.762024
1056.5,6463.623047
1056.6,6460.762024
1056.7,6457.710266
1056.8,6539.535522
1056.9,6539.535522
1057,6536.483765
1057.1,6524.467468
1057.2,6536.483765
1057.3,6460.762024
1057.4,6457.710266
1057.5,6457.710266
1057.6,6463.623047
1057.7,6457.710266
1057.8,6530.380249
1057.9,6536.483765
1058,6527.328491
1058.1,6533.432007
1058.2,6530.380249
1058.3,6460.762024
1058.4,6460.762024
1058.5,6457.710266
1058.6,6460.762024
1058.7,6466.674805
1058.8,6530.380249
1058.9,6527.328491
1059,6530.380249
1059.1,6530.380249
1059.2,6533.432007
1059.3,6478.881836
1059.4,6481.933594
1059.5,6484.985352
1059.6,6481.933594
1059.7,6481.933594
1059.8,6551.742554
1059.9,6548.690796
1060,6548.690796
1060.1,6557.846069
1060.2,6557.846069
1060.3,6488.037109
1060.4,6481.933594
1060.5,6491.088867
1060.6,6481.933594
1060.7,6481.933594
1060.8,6548.690796
1060.9,6557.846069
1061,6545.639038
1061.1,6557.846069
1061.2,6557.846069
1061.3,6497.001648
1061.4,6488.037109
1061.5,6488.037109
1061.6,6484.985352
1061.7,6484.985352
1061.8,6563.75885
1061.9,6554.794312
1062,6554.794312
1062.1,6557.846069
1062.2,6569.862366
1062.3,6488.037109
1062.4,6488.037109
1062.5,6484.985352
1062.6,6488.037109
1062.7,6484.985352
1062.8,6557.846069
1062.9,6563.75885
1063,6554.794312
1063.1,6563.75885
1063.2,6554.794312
1063.3,6497.001648
1063.4,6493.94989
1063.5,6491.088867
1063.6,6497.001648
1063.7,6503.105164
1063.8,6569.862366
1063.9,6569.862366
1064,6566.810608
1064.1,6569.862366
1064.2,6569.862366
1064.3,6493.94989
1064.4,6497.001648
1064.5,6509.208679
1064.6,6497.001648
1064.7,6503.105164
1064.8,6569.862366
1064.9,6575.965881
1065,6582.069397
1065.1,6566.810608
1065.2,6566.810608
1065.3,6503.105164
1065.4,6509.208679
1065.5,6512.260437
1065.6,6506.156921
1065.7,6512.260437
1065.8,6579.017639
1065.9,6582.069397
1066,6579.017639
1066.1,6579.017639
1066.2,6579.017639
1066.3,6518.363953
1066.4,6506.156921
1066.5,6515.312195
1066.6,6509.208679
1066.7,6512.260437
1066.8,6585.121155
1066.9,6588.172913
1067,6585.121155
1067.1,6579.017639
1067.2,6585.121155
1067.3,6518.363953
1067.4,6521.41571
1067.5,6518.363953
1067.6,6518.363953
1067.7,6533.432007
1067.8,6594.085693
1067.9,6591.033936
1068,6594.085693
1068.1,6591.033936
1068.2,6588.172913
1068.3,6518.363953
1068.4,6521.41571
1068.5,6521.41571
1068.6,6518.363953
1068.7,6521.41571
1068.8,6594.085693
1068.9,6594.085693
1069,6594.085693
1069.1,6594.085693
1069.2,6588.172913
1069.3,6521.41571
1069.4,6515.312195
1069.5,6524.467468
1069.6,6527.328491
1069.7,6518.363953
1069.8,6606.292725
1069.9,6588.172913
1070,6594.085693
1070.1,6591.033936
1070.2,6591.033936
1070.3,6530.380249
1070.4,6530.380249
1070.5,6524.467468
1070.6,6527.328491
1070.7,6530.380249
1070.8,6600.189209
1070.9,6594.085693
1071,6597.137451
1071.1,6600.189209
1071.2,6600.189209
1071.3,6533.432007
1071.4,6536.483765
1071.5,6533.432007
1071.6,6536.483765
1071.7,6545.639038
1071.8,6609.344482
1071.9,6612.39624
1072,6606.292725
1072.1,6603.240967
1072.2,6606.292725
1072.3,6548.690796
1072.4,6530.380249
1072.5,6536.483765
1072.6,6539.535522
1072.7,6536.483765
1072.8,6606.292725
1072.9,6609.344482
1073,6615.447998
1073.1,6609.344482
1073.2,6603.240967
1073.3,6545.639038
1073.4,6551.742554
1073.5,6542.58728
1073.6,6548.690796
1073.7,6545.639038
1073.8,6615.447998
1073.9,6615.447998
1074,6618.499756
1074.1,6618.499756
1074.2,6542.58728
1074.3,6545.639038
1074.4,6557.846069
1074.5,6542.58728
1074.6,6545.639038
1074.7,6542.58728
1074.8,6630.516052
1074.9,6618.499756
1075,6615.447998
1075.1,6618.499756
1075.2,6539.535522
1075.3,6542.58728
1075.4,6548.690796
1075.5,6557.846069
1075.6,6542.58728
1075.7,6757.926941
1075.8,6618.499756
1075.9,6618.499756
1076,6615.447998
1076.1,6615.447998
1076.2,6539.535522
1076.3,6551.742554
1076.4,6554.794312
1076.5,6557.846069
1076.6,6551.742554
1076.7,6764.030457
1076.8,6630.516052
1076.9,6624.412537
1077,6630.516052
1077.1,6618.499756
1077.2,6542.58728
1077.3,6563.75885
1077.4,6566.810608
1077.5,6554.794312
1077.6,6569.862366
1077.7,6764.030457
1077.8,6636.619568
1077.9,6633.56781
1078,6636.619568
1078.1,6654.930115
1078.2,6554.794312
1078.3,6560.707092
1078.4,6563.75885
1078.5,6563.75885
1078.6,6563.75885
1078.7,6760.978699
1078.8,6633.56781
1078.9,6636.619568
1079,6654.930115
1079.1,6636.619568
1079.2,6557.846069
1079.3,6566.810608
1079.4,6569.862366
1079.5,6566.810608
1079.6,6582.069397
1079.7,6748.962402
1079.8,6633.56781
1079.9,6639.671326
1080,6636.619568
1080.1,6636.619568
1080.2,6557.846069
1080.3,6566.810608
1080.4,6566.810608
1080.5,6572.914124
1080.6,6563.75885
1080.7,6736.755371
1080.8,6639.671326
1080.9,6639.671326
1081,6642.723083
1081.1,6645.774841
1081.2,6569.862366
1081.3,6582.069397
1081.4,6582.069397
1081.5,6582.069397
1081.6,6569.862366
1081.7,6727.600098
1081.8,6654.930115
1081.9,6642.723083
1082,6654.930115
1082.1,6642.723083
1082.2,6563.75885
1082.3,6585.121155
1082.4,6585.121155
1082.5,6585.121155
1082.6,6582.069397
1082.7,6727.600098
1082.8,6651.878357
1082.9,6657.791138
1083,6666.946411
1083.1,6666.946411
1083.2,6566.810608
1083.3,6591.033936
1083.4,6606.292725
1083.5,6591.033936
1083.6,6591.033936
1083.7,6727.600098
1083.8,6663.894653
1083.9,6666.946411
1084,6651.878357
1084.1,6663.894653
1084.2,6603.240967
1084.3,6606.292725
1084.4,6597.137451
1084.5,6600.189209
1084.6,6606.292725
1084.7,6724.54834
1084.8,6663.894653
1084.9,6676.101685
1085,6673.049927
1085.1,6679.153442
1085.2,6603.240967
1085.3,6606.292725
1085.4,6600.189209
1085.5,6603.240967
1085.6,6603.240967
1085.7,6727.600098
1085.8,6679.153442
1085.9,6685.256958
1086,6676.101685
1086.1,6685.256958
1086.2,6618.499756
1086.3,6606.292725
1086.4,6609.344482
1086.5,6609.344482
1086.6,6618.499756
1086.7,6733.703613
1086.8,6682.2052
1086.9,6688.117981
1087,6682.2052
1087.1,6688.117981
1087.2,6612.39624
1087.3,6603.240967
1087.4,6603.240967
1087.5,6612.39624
1087.6,6603.240967
1087.7,6733.703613
1087.8,6688.117981
1087.9,6685.256958
1088,6685.256958
1088.1,6691.169739
1088.2,6612.39624
1088.3,6612.39624
1088.4,6612.39624
1088.5,6606.292725
1088.6,6615.447998
1088.7,6727.600098
1088.8,6682.2052
1088.9,6691.169739
1089,6688.117981
1089.1,6685.256958
1089.2,6624.412537
1089.3,6627.464294
1089.4,6618.499756
1089.5,6630.516052
1089.6,6618.499756
1089.7,6724.54834
1089.8,6697.273254
1089.9,6703.37677
1090,6703.37677
1090.1,6691.169739
1090.2,6618.499756
1090.3,6624.412537
1090.4,6618.499756
1090.5,6621.551514
1090.6,6615.447998
1090.7,6730.651855
1090.8,6694.221497
1090.9,6703.37677
1091,6703.37677
1091.1,6694.221497
1091.2,6630.516052
1091.3,6627.464294
1091.4,6630.516052
1091.5,6627.464294
1091.6,6633.56781
1091.7,6733.703613
1091.8,6700.325012
1091.9,6703.37677
1092,6709.480286
1092.1,6700.325012
1092.2,6627.464294
1092.3,6627.464294
1092.4,6627.464294
1092.5,6633.56781
1092.6,6636.619568
1092.7,6739.807129
1092.8,6715.583801
1092.9,6709.480286
1093,6715.583801
1093.1,6712.532043
1093.2,6633.56781
1093.3,6636.619568
1093.4,6639.671326
1093.5,6642.723083
1093.6,6630.516052
1093.7,6739.807129
1093.8,6712.532043
1093.9,6712.532043
1094,6727.600098
1094.1,6715.583801
1094.2,6642.723083
1094.3,6636.619568
1094.4,6633.56781
1094.5,6642.723083
1094.6,6654.930115
1094.7,6733.703613
1094.8,6727.600098
1094.9,6712.532043
1095,6727.600098
1095.1,6712.532043
1095.2,6645.774841
1095.3,6654.930115
1095.4,6654.930115
1095.5,6654.930115
1095.6,6642.723083
1095.7,6739.807129
1095.8,6721.496582
1095.9,6718.635559
1096,6721.496582
1096.1,6721.496582
1096.2,6642.723083
1096.3,6642.723083
1096.4,6642.723083
1096.5,6639.671326
1096.6,6654.930115
1096.7,6733.703613
1096.8,6721.496582
1096.9,6724.54834
1097,6718.635559
1097.1,6721.496582
1097.2,6663.894653
1097.3,6651.878357
1097.4,6666.946411
1097.5,6663.894653
1097.6,6663.894653
1097.7,6752.01416
1097.8,6730.651855
1097.9,6730.651855
1098,6730.651855
1098.1,6724.54834
1098.2,6651.878357
1098.3,6666.946411
1098.4,6666.946411
1098.5,6666.946411
1098.6,6666.946411
1098.7,6748.962402
1098.8,6752.01416
1098.9,6742.858887
1099,6739.807129
1099.1,6736.755371
1099.2,6676.101685
1099.3,6679.153442
1099.4,6676.101685
1099.5,6679.153442
1099.6,6679.153442
1099.7,6770.133972
1099.8,6748.962402
1099.9,6748.962402
1100,6748.962402
1100.1,6754.875183
1100.2,6682.2052
1100.3,6691.169739
1100.4,6676.101685
1100.5,6688.117981
1100.6,6691.169739
1100.7,6770.133972
1100.8,6764.030457
1100.9,6748.962402
1101,6752.01416
1101.1,6754.875183
1101.2,6682.2052
1101.3,6676.101685
1101.4,6682.2052
1101.5,6688.117981
1101.6,6679.153442
1101.7,6770.133972
1101.8,6752.01416
1101.9,6754.875183
1102,6748.962402
1102.1,6760.978699
1102.2,6691.169739
1102.3,6694.221497
1102.4,6691.169739
1102.5,6688.117981
1102.6,6694.221497
1102.7,6779.289246
1102.8,6760.978699
1102.9,6764.030457
1103,6764.030457
1103.1,6770.133972
1103.2,6700.325012
1103.3,6700.325012
1103.4,6700.325012
1103.5,6706.428528
1103.6,6706.428528
1103.7,6779.289246
1103.8,6773.18573
1103.9,6770.133972
1104,6767.082214
1104.1,6773.18573
1104.2,6700.325012
1104.3,6700.325012
1104.4,6712.532043
1104.5,6700.325012
1104.6,6706.428528
1104.7,6785.202026
1104.8,6773.18573
1104.9,6773.18573
1105,6779.289246
1105.1,6773.18573
1105.2,6727.600098
1105.3,6718.635559
1105.4,6712.532043
1105.5,6712.532043
1105.6,6721.496582
1105.7,6794.3573
1105.8,6779.289246
1105.9,6785.202026
1106,6785.202026
1106.1,6785.202026
1106.2,6712.532043
1106.3,6721.496582
1106.4,6718.635559
1106.5,6718.635559
1106.6,6715.583801
1106.7,6797.409058
1106.8,6800.460815
1106.9,6788.253784
1107,6800.460815
1107.1,6785.202026
1107.2,6727.600098
1107.3,6721.496582
1107.4,6724.54834
1107.5,6724.54834
1107.6,6721.496582
1107.7,6812.667847
1107.8,6797.409058
1107.9,6800.460815
1108,6800.460815
1108.1,6794.3573
1108.2,6739.807129
1108.3,6730.651855
1108.4,6727.600098
1108.5,6730.651855
1108.6,6733.703613
1108.7,6806.564331
1108.8,6800.460815
1108.9,6809.616089
1109,6797.409058
1109.1,6797.409058
1109.2,6733.703613
1109.3,6736.755371
1109.4,6733.703613
1109.5,6739.807129
1109.6,6739.807129
1109.7,6809.616089
1109.8,6803.512573
1109.9,6812.667847
1110,6809.616089
1110.1,6824.684143
1110.2,6752.01416
1110.3,6736.755371
1110.4,6739.807129
1110.5,6742.858887
1110.6,6739.807129
1110.7,6809.616089
1110.8,6809.616089
1110.9,6803.512573
1111,6806.564331
1111.1,6812.667847
1111.2,6752.01416
1111.3,6757.926941
1111.4,6748.962402
1111.5,6745.910645
1111.6,6748.962402
1111.7,6827.735901
1111.8,6824.684143
1111.9,6824.684143
1112,6818.580627
1112.1,6818.580627
1112.2,6752.01416
1112.3,6764.030457
1112.4,6752.01416
1112.5,6748.962402
1112.6,6752.01416
1112.7,6830.787659
1112.8,6833.839417
1112.9,6821.632385
1113,6824.684143
1113.1,6827.735901
1113.2,6760.978699
1113.3,6767.082214
1113.4,6760.978699
1113.5,6767.082214
1113.6,6760.978699
1113.7,6836.891174
1113.8,6830.787659
1113.9,6827.735901
1114,6833.839417
1114.1,6827.735901
1114.2,6760.978699
1114.3,6757.926941
1114.4,6760.978699
1114.5,6760.978699
1114.6,6776.237488
1114.7,6849.098206
1114.8,6836.891174
1114.9,6849.098206
1115,6836.891174
1115.1,6849.098206
1115.2,6773.18573
1115.3,6773.18573
1115.4,6782.341003
1115.5,6773.18573
1115.6,6776.237488
1115.7,6861.114502
1115.8,6849.098206
1115.9,6849.098206
1116,6846.046448
1116.1,6849.098206
1116.2,6776.237488
1116.3,6776.237488
1116.4,6773.18573
1116.5,6782.341003
1116.6,6779.289246
1116.7,6858.062744
1116.8,6846.046448
1116.9,6846.046448
1117,6855.010986
1117.1,6855.010986
1117.2,6773.18573
1117.3,6776.237488
1117.4,6782.341003
1117.5,6776.237488
1117.6,6773.18573
1117.7,6846.046448
1117.8,6849.098206
1117.9,6849.098206
1118,6861.114502
1118.1,6851.959229
1118.2,6779.289246
1118.3,6800.460815
1118.4,6782.341003
1118.5,6785.202026
1118.6,6788.253784
1118.7,6861.114502
1118.8,6855.010986
1118.9,6861.114502
1119,6861.114502
1119.1,6861.114502
1119.2,6794.3573
1119.3,6800.460815
1119.4,6788.253784
1119.5,6794.3573
1119.6,6785.202026
1119.7,6864.16626
1119.8,6873.321533
1119.9,6861.114502
1120,6867.218018
1120.1,6861.114502
1120.2,6809.616089
1120.3,6809.616089
1120.4,6803.512573
1120.5,6809.616089
1120.6,6812.667847
1120.7,6888.389587
1120.8,6885.33783
1120.9,6876.373291
1121,6876.373291
1121.1,6885.33783
1121.2,6809.616089
1121.3,6803.512573
1121.4,6806.564331
1121.5,6806.564331
1121.6,6800.460815
1121.7,6885.33783
1121.8,6885.33783
1121.9,6873.321533
1122,6885.33783
1122.1,6882.286072
1122.2,6803.512573
1122.3,6812.667847
1122.4,6818.580627
1122.5,6803.512573
1122.6,6812.667847
1122.7,6876.373291
1122.8,6885.33783
1122.9,6885.33783
1123,6876.373291
1123.1,6879.425049
1123.2,6821.632385
1123.3,6821.632385
1123.4,6827.735901
1123.5,6824.684143
1123.6,6821.632385
1123.7,6897.544861
1123.8,6894.493103
1123.9,6894.493103
1124,6894.493103
1124.1,6894.493103
1124.2,6821.632385
1124.3,6830.787659
1124.4,6830.787659
1124.5,6836.891174
1124.6,6821.632385
1124.7,6897.544861
1124.8,6894.493103
1124.9,6894.493103
1125,6897.544861
1125.1,6894.493103
1125.2,6842.99469
1125.3,6849.098206
1125.4,6849.098206
1125.5,6849.098206
1125.6,6849.098206
1125.7,6921.768188
1125.8,6915.664673
1125.9,6912.80365
1126,6912.80365
1126.1,6921.768188
1126.2,6846.046448
1126.3,6858.062744
1126.4,6861.114502
1126.5,6858.062744
1126.6,6861.114502
1126.7,6924.819946
1126.8,6933.97522
1126.9,6933.97522
1127,6924.819946
1127.1,6927.871704
1127.2,6864.16626
1127.3,6861.114502
1127.4,6858.062744
1127.5,6861.114502
1127.6,6858.062744
1127.7,6946.182251
1127.8,6933.97522
1127.9,6930.923462
1128,6930.923462
1128.1,6946.182251
1128.2,6873.321533
1128.3,6876.373291
1128.4,6879.425049
1128.5,6870.269775
1128.6,6879.425049
1128.7,6943.130493
1128.8,6940.078735
1128.9,6946.182251
1129,6952.095032
1129.1,6946.182251
1129.2,6885.33783
1129.3,6879.425049
1129.4,6876.373291
1129.5,6879.425049
1129.6,6885.33783
1129.7,6958.198547
1129.8,6952.095032
1129.9,6955.14679
1130,6955.14679
1130.1,6952.095032
1130.2,6876.373291
1130.3,6885.33783
1130.4,6885.33783
1130.5,6897.544861
1130.6,6876.373291
1130.7,6955.14679
1130.8,6949.043274
1130.9,6949.043274
1131,6952.095032
1131.1,6949.043274
1131.2,6885.33783
1131.3,6885.33783
1131.4,6882.286072
1131.5,6888.389587
1131.6,6897.544861
1131.7,6955.14679
1131.8,6970.405579
1131.9,6964.302063
1132,6955.14679
1132.1,6970.405579
1132.2,6897.544861
1132.3,6903.648376
1132.4,6894.493103
1132.5,6897.544861
1132.6,6897.544861
1132.7,6970.405579
1132.8,6973.457336
1132.9,6970.405579
1133,6973.457336
1133.1,6967.353821
1133.2,6903.648376
1133.3,6894.493103
1133.4,6906.700134
1133.5,6900.596619
1133.6,6909.751892
1133.7,6967.353821
1133.8,6967.353821
1133.9,6967.353821
1134,6967.353821
1134.1,6967.353821
1134.2,6906.700134
1134.3,6900.596619
1134.4,6909.751892
1134.5,6909.751892
1134.6,6909.751892
1134.7,6979.370117
1134.8,6994.628906
1134.9,6994.628906
1135,6979.370117
1135.1,6985.473633
1135.2,6918.716431
1135.3,6924.819946
1135.4,6921.768188
1135.5,6918.716431
1135.6,6921.768188
1135.7,6994.628906
1135.8,6988.525391
1135.9,6994.628906
1136,6994.628906
1136.1,6991.577148
1136.2,6918.716431
1136.3,6933.97522
1136.4,6933.97522
1136.5,6933.97522
1136.6,6946.182251
1136.7,7006.835938
1136.8,6994.628906
1136.9,7006.835938
1137,7000.732422
1137.1,6994.628906
1137.2,6946.182251
1137.3,6940.078735
1137.4,6937.026978
1137.5,6946.182251
1137.6,6946.182251
1137.7,7009.887695
1137.8,7018.852234
1137.9,7015.800476
1138,7015.800476
1138.1,7009.887695
1138.2,6946.182251
1138.3,6943.130493
1138.4,6946.182251
1138.5,6943.130493
1138.6,6958.198547
1138.7,7018.852234
1138.8,7021.903992
1138.9,7015.800476
1139,7015.800476
1139.1,7015.800476
1139.2,6958.198547
1139.3,6943.130493
1139.4,6955.14679
1139.5,6943.130493
1139.6,6949.043274
1139.7,7018.852234
1139.8,7018.852234
1139.9,7024.95575
1140,7018.852234
1140.1,6933.97522
1140.2,6964.302063
1140.3,6955.14679
1140.4,6955.14679
1140.5,6964.302063
1140.6,6949.043274
1140.7,7028.007507
1140.8,7028.007507
1140.9,7043.266296
1141,7049.179077
1141.1,6952.095032
1141.2,6964.302063
1141.3,6970.405579
1141.4,6964.302063
1141.5,6961.250305
1141.6,7176.589966
1141.7,7031.059265
1141.8,7037.162781
1141.9,7034.111023
1142,7034.111023
1142.1,6952.095032
1142.2,6967.353821
1142.3,6982.421875
1142.4,6967.353821
1142.5,6967.353821
1142.6,7176.589966
1142.7,7037.162781
1142.8,7055.282593
1142.9,7055.282593
1143,7055.282593
1143.1,6955.14679
1143.2,6970.405579
1143.3,6967.353821
1143.4,6970.405579
1143.5,6970.405579
1143.6,7176.589966
1143.7,7055.282593
1143.8,7055.282593
1143.9,7040.214539
1144,7055.282593
1144.1,6958.198547
1144.2,6982.421875
1144.3,6979.370117
1144.4,6982.421875
1144.5,6979.370117
1144.6,7185.745239
1144.7,7058.334351
1144.8,7058.334351
1144.9,7058.334351
1145,7061.386108
1145.1,6967.353821
1145.2,6985.473633
1145.3,6994.628906
1145.4,6994.628906
1145.5,6988.525391
1145.6,7167.625427
1145.7,7064.437866
1145.8,7064.437866
1145.9,7073.59314
1146,7067.489624
1146.1,6973.457336
1146.2,7000.732422
1146.3,6991.577148
1146.4,7000.732422
1146.5,7000.732422
1146.6,7176.589966
1146.7,7091.712952
1146.8,7079.50592
1146.9,7076.454163
1147,7082.557678
1147.1,6985.473633
1147.2,7003.78418
1147.3,7006.835938
1147.4,7003.78418
1147.5,7012.748718
1147.6,7164.573669
1147.7,7091.712952
1147.8,7091.712952
1147.9,7085.609436
1148,7082.557678
1148.1,6991.577148
1148.2,7015.800476
1148.3,7012.748718
1148.4,7015.800476
1148.5,7018.852234
1148.6,7170.677185
1148.7,7094.764709
1148.8,7103.919983
1148.9,7088.661194
1149,7094.764709
1149.1,7000.732422
1149.2,7018.852234
1149.3,7021.903992
1149.4,7015.800476
1149.5,7015.800476
1149.6,7161.521912
1149.7,7097.816467
1149.8,7094.764709
1149.9,7094.764709
1150,7094.764709
1150.1,7043.266296
1150.2,7028.007507
1150.3,7043.266296
1150.4,7043.266296
1150.5,7043.266296
1150.6,7161.521912
1150.7,7115.936279
1150.8,7106.971741
1150.9,7109.832764
1151,7112.884521
1151.1,7061.386108
1151.2,7052.230835
1151.3,7052.230835
1151.4,7058.334351
1151.5,7061.386108
1151.6,7173.538208
1151.7,7128.143311
1151.8,7134.246826
1151.9,7131.195068
1152,7137.298584
1152.1,7052.230835
1152.2,7055.282593
1152.3,7061.386108
1152.4,7058.334351
1152.5,7061.386108
1152.6,7167.625427
1152.7,7118.988037
1152.8,7122.039795
1152.9,7125.091553
1153,7128.143311
1153.1,7067.489624
1153.2,7064.437866
1153.3,7073.59314
1153.4,7064.437866
1153.5,7067.489624
1153.6,7173.538208
1153.7,7140.350342
1153.8,7140.350342
1153.9,7146.263123
1154,7140.350342
1154.1,7064.437866
1154.2,7073.59314
1154.3,7064.437866
1154.4,7064.437866
1154.5,7067.489624
1154.6,7167.625427
1154.7,7137.298584
1154.8,7140.350342
1154.9,7152.366638
1155,7137.298584
1155.1,7073.59314
1155.2,7070.541382
1155.3,7079.50592
1155.4,7076.454163
1155.5,7079.50592
1155.6,7188.796997
1155.7,7149.31488
1155.8,7137.298584
1155.9,7143.211365
1156,7143.211365
1156.1,7091.712952
1156.2,7091.712952
1156.3,7091.712952
1156.4,7091.712952
1156.5,7088.661194
1156.6,7185.745239
1156.7,7155.418396
1156.8,7170.677185
1156.9,7164.573669
1157,7155.418396
1157.1,7094.764709
1157.2,7097.816467
1157.3,7103.919983
1157.4,7094.764709
1157.5,7088.661194
1157.6,7185.745239
1157.7,7170.677185
1157.8,7161.521912
1157.9,7164.573669
1158,7161.521912
1158.1,7115.936279
1158.2,7106.971741
1158.3,7109.832764
1158.4,7112.884521
1158.5,7115.936279
1158.6,7201.004028
1158.7,7176.589966
1158.8,7173.538208
1158.9,7179.641724
1159,7182.693481
1159.1,7115.936279
1159.2,7109.832764
1159.3,7115.936279
1159.4,7112.884521
1159.5,7115.936279
1159.6,7201.004028
1159.7,7185.745239
1159.8,7185.745239
1159.9,7188.796997
1160,7179.641724
1160.1,7112.884521
1160.2,7112.884521
1160.3,7109.832764
1160.4,7109.832764
1160.5,7109.832764
1160.6,7197.952271
1160.7,7185.745239
1160.8,7188.796997
1160.9,7182.693481
1161,7185.745239
1161.1,7125.091553
1161.2,7125.091553
1161.3,7128.143311
1161.4,7128.143311
1161.5,7125.091553
1161.6,7213.020325
1161.7,7197.952271
1161.8,7197.952271
1161.9,7194.900513
1162,7194.900513
1162.1,7137.298584
1162.2,7140.350342
1162.3,7134.246826
1162.4,7134.246826
1162.5,7137.298584
1162.6,7225.227356
1162.7,7213.020325
1162.8,7209.968567
1162.9,7213.020325
1163,7209.968567
1163.1,7143.211365
1163.2,7149.31488
1163.3,7137.298584
1163.4,7143.211365
1163.5,7137.298584
1163.6,7222.175598
1163.7,7209.968567
1163.8,7213.020325
1163.9,7222.175598
1164,7209.968567
1164.1,7149.31488
1164.2,7149.31488
1164.3,7152.366638
1164.4,7149.31488
1164.5,7149.31488
1164.6,7234.382629
1164.7,7225.227356
1164.8,7237.434387
1164.9,7222.175598
1165,7237.434387
1165.1,7164.573669
1165.2,7164.573669
1165.3,7155.418396
1165.4,7164.573669
1165.5,7164.573669
1165.6,7240.29541
1165.7,7234.382629
1165.8,7237.434387
1165.9,7228.279114
1166,7237.434387
1166.1,7161.521912
1166.2,7164.573669
1166.3,7161.521912
1166.4,7167.625427
1166.5,7161.521912
1166.6,7243.347168
1166.7,7243.347168
1166.8,7240.29541
1166.9,7234.382629
1167,7234.382629
1167.1,7176.589966
1167.2,7161.521912
1167.3,7167.625427
1167.4,7173.538208
1167.5,7167.625427
1167.6,7261.657715
1167.7,7240.29541
1167.8,7243.347168
1167.9,7249.450684
1168,7240.29541
1168.1,7173.538208
1168.2,7173.538208
1168.3,7176.589966
1168.4,7179.641724
1168.5,7179.641724
1168.6,7261.657715
1168.7,7249.450684
1168.8,7246.398926
1168.9,7249.450684
1169,7249.450684
1169.1,7185.745239
1169.2,7185.745239
1169.3,7185.745239
1169.4,7185.745239
1169.5,7191.848755
1169.6,7261.657715
1169.7,7261.657715
1169.8,7255.554199
1169.9,7255.554199
1170,7261.657715
1170.1,7188.796997
1170.2,7188.796997
1170.3,7185.745239
1170.4,7182.693481
1170.5,7185.745239
1170.6,7258.605957
1170.7,7258.605957
1170.8,7264.709473
1170.9,7258.605957
1171,7261.657715
1171.1,7185.745239
1171.2,7185.745239
1171.3,7197.952271
1171.4,7191.848755
1171.5,7201.004028
1171.6,7273.674011
1171.7,7258.605957
1171.8,7258.605957
1171.9,7258.605957
1172,7258.605957
1172.1,7201.004028
1172.2,7194.900513
1172.3,7185.745239
1172.4,7197.952271
1172.5,7201.004028
1172.6,7270.622253
1172.7,7273.674011
1172.8,7267.76123
1172.9,7264.709473
1173,7273.674011
1173.1,7213.020325
1173.2,7204.055786
1173.3,7213.020325
1173.4,7206.916809
1173.5,7201.004028
1173.6,7285.881042
1173.7,7276.725769
1173.8,7273.674011
1173.9,7285.881042
1174,7285.881042
1174.1,7209.968567
1174.2,7219.12384
1174.3,7213.020325
1174.4,7222.175598
1174.5,7213.020325
1174.6,7295.036316
1174.7,7282.829285
1174.8,7285.881042
1174.9,7285.881042
1175,7288.9328
1175.1,7237.434387
1175.2,7237.434387
1175.3,7234.382629
1175.4,7234.382629
1175.5,7237.434387
1175.6,7307.052612
1175.7,7310.10437
1175.8,7301.139832
1175.9,7298.088074
1176,7298.088074
1176.1,7234.382629
1176.2,7243.347168
1176.3,7234.382629
1176.4,7237.434387
1176.5,7249.450684
1176.6,7313.156128
1176.7,7307.052612
1176.8,7307.052612
1176.9,7316.207886
1177,7307.052612
1177.1,7246.398926
1177.2,7246.398926
1177.3,7249.450684
1177.4,7249.450684
1177.5,7249.450684
1177.6,7319.259644
1177.7,7313.156128
1177.8,7322.311401
1177.9,7334.518433
1178,7316.207886
1178.1,7255.554199
1178.2,7261.657715
1178.3,7258.605957
1178.4,7261.657715
1178.5,7255.554199
1178.6,7331.466675
1178.7,7322.311401
1178.8,7331.466675
1178.9,7334.518433
1179,7322.311401
1179.1,7258.605957
1179.2,7258.605957
1179.3,7261.657715
1179.4,7273.674011
1179.5,7258.605957
1179.6,7337.379456
1179.7,7331.466675
1179.8,7334.518433
1179.9,7334.518433
1180,7331.466675
1180.1,7264.709473
1180.2,7267.76123
1180.3,7273.674011
1180.4,7270.622253
1180.5,7267.76123
1180.6,7346.534729
1180.7,7340.431213
1180.8,7331.466675
1180.9,7331.466675
1181,7331.466675
1181.1,7270.622253
1181.2,7270.622253
1181.3,7270.622253
1181.4,7273.674011
1181.5,7270.622253
1181.6,7346.534729
1181.7,7346.534729
1181.8,7337.379456
1181.9,7358.74176
1182,7346.534729
1182.1,7285.881042
1182.2,7279.777527
1182.3,7285.881042
1182.4,7285.881042
1182.5,7285.881042
1182.6,7355.690002
1182.7,7358.74176
1182.8,7352.638245
1182.9,7352.638245
1183,7346.534729
1183.1,7282.829285
1183.2,7282.829285
1183.3,7298.088074
1183.4,7285.881042
1183.5,7282.829285
1183.6,7364.845276
1183.7,7361.793518
1183.8,7355.690002
1183.9,7355.690002
1184,7349.586487
1184.1,7285.881042
1184.2,7285.881042
1184.3,7285.881042
1184.4,7285.881042
1184.5,7285.881042
1184.6,7370.758057
1184.7,7352.638245
1184.8,7349.586487
1184.9,7352.638245
1185,7349.586487
1185.1,7295.036316
1185.2,7298.088074
1185.3,7282.829285
1185.4,7282.829285
1185.5,7291.984558
1185.6,7367.706299
1185.7,7370.758057
1185.8,7370.758057
1185.9,7358.74176
1186,7364.845276
1186.1,7304.000854
1186.2,7295.036316
1186.3,7298.088074
1186.4,7304.000854
1186.5,7304.000854
1186.6,7370.758057
1186.7,7367.706299
1186.8,7370.758057
1186.9,7367.706299
1187,7370.758057
1187.1,7298.088074
1187.2,7298.088074
1187.3,7304.000854
1187.4,7310.10437
1187.5,7295.036316
1187.6,7376.861572
1187.7,7376.861572
1187.8,7382.965088
1187.9,7382.965088
1188,7382.965088
1188.1,7310.10437
1188.2,7304.000854
1188.3,7301.139832
1188.4,7301.139832
1188.5,7298.088074
1188.6,7373.809814
1188.7,7373.809814
1188.8,7373.809814
1188.9,7382.965088
1189,7376.861572
1189.1,7307.052612
1189.2,7313.156128
1189.3,7310.10437
1189.4,7310.10437
1189.5,7313.156128
1189.6,7382.965088
1189.7,7389.068604
1189.8,7379.91333
1189.9,7379.91333
1190,7395.172119
1190.1,7307.052612
1190.2,7310.10437
1190.3,7313.156128
1190.4,7307.052612
1190.5,7319.259644
1190.6,7392.120361
1190.7,7386.016846
1190.8,7379.91333
1190.9,7379.91333
1191,7379.91333
1191.1,7322.311401
1191.2,7322.311401
1191.3,7316.207886
1191.4,7313.156128
1191.5,7313.156128
1191.6,7382.965088
1191.7,7379.91333
1191.8,7379.91333
1191.9,7382.965088
1192,7379.91333
1192.1,7334.518433
1192.2,7334.518433
1192.3,7334.518433
1192.4,7334.518433
1192.5,7334.518433
1192.6,7398.223877
1192.7,7398.223877
1192.8,7395.172119
1192.9,7407.188416
1193,7398.223877
1193.1,7334.518433
1193.2,7331.466675
1193.3,7334.518433
1193.4,7325.363159
1193.5,7334.518433
1193.6,7404.136658
1193.7,7407.188416
1193.8,7401.0849
1193.9,7404.136658
1194,7404.136658
1194.1,7331.466675
1194.2,7343.482971
1194.3,7343.482971
1194.4,7337.379456
1194.5,7340.431213
1194.6,7419.395447
1194.7,7407.188416
1194.8,7410.240173
1194.9,7407.188416
1195,7431.602478
1195.1,7343.482971
1195.2,7343.482971
1195.3,7343.482971
1195.4,7352.638245
1195.5,7343.482971
1195.6,7419.395447
1195.7,7416.343689
1195.8,7416.343689
1195.9,7419.395447
1196,7416.343689
1196.1,7355.690002
1196.2,7358.74176
1196.3,7349.586487
1196.4,7355.690002
1196.5,7358.74176
1196.6,7431.602478
1196.7,7419.395447
1196.8,7425.498962
1196.9,7431.602478
1197,7422.447205
1197.1,7355.690002
1197.2,7364.845276
1197.3,7358.74176
1197.4,7358.74176
1197.5,7358.74176
1197.6,7428.55072
1197.7,7428.55072
1197.8,7443.618774
1197.9,7428.55072
1198,7428.55072
1198.1,7367.706299
1198.2,7358.74176
1198.3,7370.758057
1198.4,7367.706299
1198.5,7370.758057
1198.6,7428.55072
1198.7,7434.463501
1198.8,7443.618774
1198.9,7443.618774
1199,7428.55072
1199.1,7376.861572
1199.2,7370.758057
1199.3,7370.758057
1199.4,7382.965088
1199.5,7376.861572
1199.6,7455.825806
1199.7,7449.72229
1199.8,7449.72229
1199.9,7455.825806
1200,7455.825806
1200.1,7382.965088
1200.2,7370.758057
1200.3,7382.965088
1200.4,7382.965088
1200.5,7379.91333
1200.6,7452.774048
1200.7,7449.72229
1200.8,7455.825806
1200.9,7452.774048
1201,7455.825806
1201.1,7386.016846
1201.2,7389.068604
1201.3,7379.91333
1201.4,7386.016846
1201.5,7382.965088
1201.6,7467.842102
1201.7,7455.825806
1201.8,7467.842102
1201.9,7467.842102
1202,7461.929321
1202.1,7389.068604
1202.2,7382.965088
1202.3,7382.965088
1202.4,7379.91333
1202.5,7382.965088
1202.6,7461.929321
1202.7,7458.877563
1202.8,7455.825806
1202.9,7458.877563
1203,7461.929321
1203.1,7389.068604
1203.2,7395.172119
1203.3,7392.120361
1203.4,7389.068604
1203.5,7389.068604
1203.6,7464.790344
1203.7,7464.790344
1203.8,7464.790344
1203.9,7480.049133
1204,7480.049133
1204.1,7401.0849
1204.2,7395.172119
1204.3,7392.120361
1204.4,7401.0849
1204.5,7395.172119
1204.6,7470.89386
1204.7,7470.89386
1204.8,7480.049133
1204.9,7467.842102
1205,7467.842102
1205.1,7404.136658
1205.2,7407.188416
1205.3,7407.188416
1205.4,7401.0849
1205.5,7398.223877
1205.6,7480.049133
1205.7,7476.997375
1205.8,7480.049133
1205.9,7480.049133
1206,7389.068604
1206.1,7404.136658
1206.2,7413.291931
1206.3,7404.136658
1206.4,7431.602478
1206.5,7613.563538
1206.6,7483.100891
1206.7,7476.997375
1206.8,7476.997375
1206.9,7480.049133
1207,7395.172119
1207.1,7404.136658
1207.2,7404.136658
1207.3,7404.136658
1207.4,7410.240173
1207.5,7625.770569
1207.6,7492.256165
1207.7,7483.100891
1207.8,7483.100891
1207.9,7480.049133
1208,7398.223877
1208.1,7416.343689
1208.2,7431.602478
1208.3,7419.395447
1208.4,7431.602478
1208.5,7622.718811
1208.6,7498.168945
1208.7,7504.272461
1208.8,7489.204407
1208.9,7498.168945
1209,7404.136658
1209.1,7428.55072
1209.2,7431.602478
1209.3,7428.55072
1209.4,7431.602478
1209.5,7637.786865
1209.6,7501.220703
1209.7,7513.427734
1209.8,7504.272461
1209.9,7501.220703
1210,7431.602478
1210.1,7431.602478
1210.2,7428.55072
1210.3,7431.602478
1210.4,7434.463501
1210.5,7625.770569
1210.6,7501.220703
1210.7,7507.324219
1210.8,7504.272461
1210.9,7510.375977
1211,7410.240173
1211.1,7440.567017
1211.2,7449.72229
1211.3,7437.515259
1211.4,7443.618774
1211.5,7604.408264
1211.6,7507.324219
1211.7,7504.272461
1211.8,7513.427734
1211.9,7516.479492
1212,7431.602478
1212.1,7452.774048
1212.2,7452.774048
1212.3,7455.825806
1212.4,7461.929321
1212.5,7625.770569
1212.6,7522.583008
1212.7,7525.634766
1212.8,7522.583008
1212.9,7528.686523
1213,7449.72229
1213.1,7458.877563
1213.2,7455.825806
1213.3,7455.825806
1213.4,7455.825806
1213.5,7607.460022
1213.6,7525.634766
1213.7,7534.599304
1213.8,7525.634766
1213.9,7528.686523
1214,7449.72229
1214.1,7461.929321
1214.2,7452.774048
1214.3,7458.877563
1214.4,7455.825806
1214.5,7601.356506
1214.6,7534.599304
1214.7,7531.547546
1214.8,7534.599304
1214.9,7528.686523
1215,7440.567017
1215.1,7452.774048
1215.2,7467.842102
1215.3,7455.825806
1215.4,7458.877563
1215.5,7589.34021
1215.6,7534.599304
1215.7,7528.686523
1215.8,7525.634766
1215.9,7525.634766
1216,7464.790344
1216.1,7467.842102
1216.2,7464.790344
1216.3,7467.842102
1216.4,7464.790344
1216.5,7586.288452
1216.6,7543.754578
1216.7,7534.599304
1216.8,7537.651062
1216.9,7534.599304
1217,7492.256165
1217.1,7476.997375
1217.2,7480.049133
1217.3,7483.100891
1217.4,7480.049133
1217.5,7601.356506
1217.6,7552.909851
1217.7,7546.806335
1217.8,7549.858093
1217.9,7543.754578
1218,7483.100891
1218.1,7489.204407
1218.2,7492.256165
1218.3,7489.204407
1218.4,7486.152649
1218.5,7601.356506
1218.6,7555.961609
1218.7,7549.858093
1218.8,7549.858093
1218.9,7549.858093
1219,7483.100891
1219.1,7486.152649
1219.2,7489.204407
1219.3,7489.204407
1219.4,7492.256165
1219.5,7601.356506
1219.6,7564.926147
1219.7,7559.013367
1219.8,7577.133179
1219.9,7561.87439
1220,7504.272461
1220.1,7501.220703
1220.2,7498.168945
1220.3,7501.220703
1220.4,7504.272461
1220.5,7598.304749
1220.6,7577.133179
1220.7,7567.977905
1220.8,7577.133179
1220.9,7567.977905
1221,7501.220703
1221.1,7504.272461
1221.2,7504.272461
1221.3,7516.479492
1221.4,7501.220703
1221.5,7613.563538
1221.6,7574.081421
1221.7,7577.133179
1221.8,7574.081421
1221.9,7571.029663
1222,7501.220703
1222.1,7507.324219
1222.2,7516.479492
1222.3,7507.324219
1222.4,7516.479492
1222.5,7607.460022
1222.6,7586.288452
1222.7,7580.184937
1222.8,7589.34021
1222.9,7589.34021
1223,7513.427734
1223.1,7510.375977
1223.2,7507.324219
1223.3,7513.427734
1223.4,7513.427734
1223.5,7604.408264
1223.6,7580.184937
1223.7,7580.184937
1223.8,7586.288452
1223.9,7580.184937
1224,7519.53125
1224.1,7516.479492
1224.2,7528.686523
1224.3,7513.427734
1224.4,7516.479492
1224.5,7613.563538
1224.6,7586.288452
1224.7,7580.184937
1224.8,7586.288452
1224.9,7586.288452
1225,7531.547546
1225.1,7540.70282
1225.2,7531.547546
1225.3,7525.634766
1225.4,7528.686523
1225.5,7622.718811
1225.6,7598.304749
1225.7,7598.304749
1225.8,7604.408264
1225.9,7598.304749
1226,7525.634766
1226.1,7528.686523
1226.2,7531.547546
1226.3,7531.547546
1226.4,7531.547546
1226.5,7622.718811
1226.6,7604.408264
1226.7,7601.356506
1226.8,7604.408264
1226.9,7601.356506
1227,7534.599304
1227.1,7525.634766
1227.2,7540.70282
1227.3,7540.70282
1227.4,7546.806335
1227.5,7625.770569
1227.6,7604.408264
1227.7,7613.563538
1227.8,7607.460022
1227.9,7604.408264
1228,7540.70282
1228.1,7543.754578
1228.2,7537.651062
1228.3,7546.806335
1228.4,7537.651062
1228.5,7634.735107
1228.6,7613.563538
1228.7,7619.667053
1228.8,7613.563538
1228.9,7610.51178
1229,7552.909851
1229.1,7552.909851
1229.2,7540.70282
1229.3,7540.70282
1229.4,7546.806335
1229.5,7637.786865
1229.6,7625.770569
1229.7,7613.563538
1229.8,7610.51178
1229.9,7613.563538
1230,7540.70282
1230.1,7540.70282
1230.2,7543.754578
1230.3,7540.70282
1230.4,7540.70282
1230.5,7637.786865
1230.6,7616.615295
1230.7,7619.667053
1230.8,7613.563538
1230.9,7610.51178
1231,7546.806335
1231.1,7552.909851
1231.2,7552.909851
1231.3,7564.926147
1231.4,7552.909851
1231.5,7637.786865
1231.6,7616.615295
1231.7,7625.770569
1231.8,7616.615295
1231.9,7625.770569
1232,7549.858093
1232.1,7552.909851
1232.2,7559.013367
1232.3,7549.858093
1232.4,7559.013367
1232.5,7634.735107
1232.6,7625.770569
1232.7,7622.718811
1232.8,7631.68335
1232.9,7625.770569
1233,7559.013367
1233.1,7561.87439
1233.2,7564.926147
1233.3,7561.87439
1233.4,7561.87439
1233.5,7637.786865
1233.6,7637.786865
1233.7,7634.735107
1233.8,7634.735107
1233.9,7634.735107
1234,7564.926147
1234.1,7571.029663
1234.2,7577.133179
1234.3,7564.926147
1234.4,7561.87439
1234.5,7649.993896
1234.6,7637.786865
1234.7,7634.735107
1234.8,7634.735107
1234.9,7637.786865
1235,7564.926147
1235.1,7564.926147
1235.2,7571.029663
1235.3,7564.926147
1235.4,7577.133179
1235.5,7646.942139
1235.6,7637.786865
1235.7,7649.993896
1235.8,7637.786865
1235.9,7637.786865
1236,7574.081421
1236.1,7574.081421
1236.2,7577.133179
1236.3,7577.133179
1236.4,7580.184937
1236.5,7656.097412
1236.6,7646.942139
1236.7,7646.942139
1236.8,7649.993896
1236.9,7643.890381
1237,7586.288452
1237.1,7574.081421
1237.2,7577.133179
1237.3,7589.34021
1237.4,7574.081421
1237.5,7656.097412
1237.6,7653.045654
1237.7,7656.097412
1237.8,7653.045654
1237.9,7649.993896
1238,7583.236694
1238.1,7583.236694
1238.2,7574.081421
1238.3,7583.236694
1238.4,7577.133179
1238.5,7662.010193
1238.6,7662.010193
1238.7,7646.942139
1238.8,7646.942139
1238.9,7646.942139
1239,7589.34021
1239.1,7586.288452
1239.2,7601.356506
1239.3,7586.288452
1239.4,7586.288452
1239.5,7665.061951
1239.6,7658.958435
1239.7,7656.097412
1239.8,7665.061951
1239.9,7658.958435
1240,7592.391968
1240.1,7592.391968
1240.2,7595.252991
1240.3,7595.252991
1240.4,7589.34021
1240.5,7671.165466
1240.6,7674.217224
1240.7,7668.113708
1240.8,7665.061951
1240.9,7671.165466
1241,7601.356506
1241.1,7592.391968
1241.2,7589.34021
1241.3,7601.356506
1241.4,7595.252991
1241.5,7671.165466
1241.6,7668.113708
1241.7,7665.061951
1241.8,7668.113708
1241.9,7674.217224
1242,7598.304749
1242.1,7598.304749
1242.2,7598.304749
1242.3,7601.356506
1242.4,7595.252991
1242.5,7671.165466
1242.6,7674.217224
1242.7,7668.113708
1242.8,7671.165466
1242.9,7671.165466
1243,7604.408264
1243.1,7607.460022
1243.2,7601.356506
1243.3,7613.563538
1243.4,7613.563538
1243.5,7686.424255
1243.6,7671.165466
1243.7,7677.268982
1243.8,7686.424255
1243.9,7677.268982
1244,7610.51178
1244.1,7610.51178
1244.2,7616.615295
1244.3,7625.770569
1244.4,7613.563538
1244.5,7692.337036
1244.6,7683.372498
1244.7,7683.372498
1244.8,7686.424255
1244.9,7686.424255
1245,7616.615295
1245.1,7610.51178
1245.2,7616.615295
1245.3,7610.51178
1245.4,7616.615295
1245.5,7683.372498
1245.6,7683.372498
1245.7,7686.424255
1245.8,7686.424255
1245.9,7683.372498
1246,7631.68335
1246.1,7628.631592
1246.2,7628.631592
1246.3,7631.68335
1246.4,7622.718811
1246.5,7707.595825
1246.6,7701.49231
1246.7,7701.49231
1246.8,7704.544067
1246.9,7695.388794
1247,7634.735107
1247.1,7622.718811
1247.2,7622.718811
1247.3,7622.718811
1247.4,7637.786865
1247.5,7707.595825
1247.6,7701.49231
1247.7,7710.647583
1247.8,7701.49231
1247.9,7701.49231
1248,7643.890381
1248.1,7643.890381
1248.2,7634.735107
1248.3,7637.786865
1248.4,7634.735107
1248.5,7707.595825
1248.6,7707.595825
1248.7,7722.854614
1248.8,7707.595825
1248.9,7722.854614
1249,7646.942139
1249.1,7646.942139
1249.2,7649.993896
1249.3,7649.993896
1249.4,7656.097412
1249.5,7716.751099
1249.6,7719.802856
1249.7,7719.802856
1249.8,7713.699341
1249.9,7719.802856
1250,7646.942139
1250.1,7653.045654
1250.2,7658.958435
1250.3,7649.993896
1250.4,7656.097412
1250.5,7719.802856
1250.6,7728.767395
1250.7,7719.802856
1250.8,7725.715637
1250.9,7719.802856
1251,7658.958435
1251.1,7662.010193
1251.2,7656.097412
1251.3,7662.010193
1251.4,7658.958435
1251.5,7740.974426
1251.6,7731.819153
1251.7,7725.715637
1251.8,7731.819153
1251.9,7725.715637
1252,7674.217224
1252.1,7665.061951
1252.2,7665.061951
1252.3,7674.217224
1252.4,7668.113708
1252.5,7734.870911
1252.6,7734.870911
1252.7,7731.819153
1252.8,7740.974426
1252.9,7734.870911
1253,7671.165466
1253.1,7665.061951
1253.2,7674.217224
1253.3,7671.165466
1253.4,7674.217224
1253.5,7744.026184
1253.6,7740.974426
1253.7,7740.974426
1253.8,7747.077942
1253.9,7744.026184
1254,7677.268982
1254.1,7668.113708
1254.2,7671.165466
1254.3,7674.217224
1254.4,7674.217224
1254.5,7744.026184
1254.6,7747.077942
1254.7,7740.974426
1254.8,7740.974426
1254.9,7744.026184
1255,7674.217224
1255.1,7677.268982
1255.2,7680.32074
1255.3,7677.268982
1255.4,7674.217224
1255.5,7753.181458
1255.6,7737.922668
1255.7,7747.077942
1255.8,7744.026184
1255.9,7747.077942
1256,7671.165466
1256.1,7674.217224
1256.2,7671.165466
1256.3,7674.217224
1256.4,7674.217224
1256.5,7747.077942
1256.6,7744.026184
1256.7,7750.1297
1256.8,7744.026184
1256.9,7740.974426
1257,7680.32074
1257.1,7680.32074
1257.2,7683.372498
1257.3,7680.32074
1257.4,7677.268982
1257.5,7753.181458
1257.6,7753.181458
1257.7,7753.181458
1257.8,7750.1297
1257.9,7759.094238
1258,7692.337036
1258.1,7689.476013
1258.2,7686.424255
1258.3,7692.337036
1258.4,7683.372498
1258.5,7756.04248
1258.6,7759.094238
1258.7,7759.094238
1258.8,7759.094238
1258.9,7756.04248
1259,7704.544067
1259.1,7710.647583
1259.2,7695.388794
1259.3,7710.647583
1259.4,7695.388794
1259.5,7771.30127
1259.6,7765.197754
1259.7,7771.30127
1259.8,7771.30127
1259.9,7768.249512
1260,7698.440552
1260.1,7695.388794
1260.2,7695.388794
1260.3,7695.388794
1260.4,7698.440552
1260.5,7771.30127
1260.6,7768.249512
1260.7,7768.249512
1260.8,7777.404785
1260.9,7768.249512
1261,7707.595825
1261.1,7695.388794
1261.2,7707.595825
1261.3,7701.49231
1261.4,7695.388794
1261.5,7777.404785
1261.6,7768.249512
1261.7,7771.30127
1261.8,7777.404785
1261.9,7768.249512
1262,7710.647583
1262.1,7707.595825
1262.2,7707.595825
1262.3,7707.595825
1262.4,7710.647583
1262.5,7774.353027
1262.6,7780.456543
1262.7,7780.456543
1262.8,7783.508301
1262.9,7780.456543
1263,7716.751099
1263.1,7713.699341
1263.2,7722.854614
1263.3,7722.854614
1263.4,7722.854614
1263.5,7792.472839
1263.6,7795.524597
1263.7,7792.472839
1263.8,7792.472839
1263.9,7795.524597
1264,7722.854614
1264.1,7719.802856
1264.2,7722.854614
1264.3,7713.699341
1264.4,7722.854614
1264.5,7795.524597
1264.6,7792.472839
1264.7,7786.560059
1264.8,7795.524597
1264.9,7783.508301
1265,7719.802856
1265.1,7734.870911
1265.2,7719.802856
1265.3,7728.767395
1265.4,7731.819153
1265.5,7819.93866
1265.6,7819.93866
1265.7,7801.628113
1265.8,7807.731628
1265.9,7819.93866
1266,7740.974426
1266.1,7731.819153
1266.2,7731.819153
1266.3,7737.922668
1266.4,7731.819153
1266.5,7819.93866
1266.6,7813.835144
1266.7,7804.679871
1266.8,7819.93866
1266.9,7819.93866
1267,7744.026184
1267.1,7747.077942
1267.2,7740.974426
1267.3,7747.077942
1267.4,7740.974426
1267.5,7819.93866
1267.6,7816.886902
1267.7,7813.835144
1267.8,7825.85144
1267.9,7819.93866
1268,7759.094238
1268.1,7756.04248
1268.2,7756.04248
1268.3,7759.094238
1268.4,7756.04248
1268.5,7831.954956
1268.6,7828.903198
1268.7,7835.006714
1268.8,7831.954956
1268.9,7828.903198
1269,7756.04248
1269.1,7759.094238
1269.2,7759.094238
1269.3,7771.30127
1269.4,7759.094238
1269.5,7831.954956
1269.6,7841.110229
1269.7,7838.058472
1269.8,7828.903198
1269.9,7831.954956
1270,7771.30127
1270.1,7768.249512
1270.2,7771.30127
1270.3,7771.30127
1270.4,7759.094238
1270.5,7844.161987
1270.6,7841.110229
1270.7,7844.161987
1270.8,7838.058472
1270.9,7844.161987
1271,7777.404785
1271.1,7777.404785
1271.2,7771.30127
1271.3,7771.30127
1271.4,7768.249512
1271.5,7847.213745
1271.6,7856.178284
1271.7,7844.161987
1271.8,7847.213745
1271.9,7759.094238
1272,7783.508301
1272.1,7789.421082
1272.2,7780.456543
1272.3,7780.456543
1272.4,7780.456543
1272.5,7862.281799
1272.6,7862.281799
1272.7,7868.385315
1272.8,7862.281799
1272.9,7777.404785
1273,7792.472839
1273.1,7792.472839
1273.2,7792.472839
1273.3,7795.524597
1273.4,7998.847961
1273.5,7865.333557
1273.6,7865.333557
1273.7,7865.333557
1273.8,7871.437073
1273.9,7777.404785
1274,7798.576355
1274.1,7798.576355
1274.2,7801.628113
1274.3,7798.576355
1274.4,8011.054993
1274.5,7874.488831
1274.6,7886.505127
1274.7,7880.592346
1274.8,7877.540588
1274.9,7819.93866
1275,7810.783386
1275.1,7807.731628
1275.2,7807.731628
1275.3,7813.835144
1275.4,8026.123047
1275.5,7892.608643
1275.6,7892.608643
1275.7,7892.608643
1275.8,7889.556885
1275.9,7798.576355
1276,7844.161987
1276.1,7825.85144
1276.2,7816.886902
1276.3,7816.886902
1276.4,8032.226563
1276.5,7898.712158
1276.6,7895.6604
1276.7,7898.712158
1276.8,7910.919189
1276.9,7813.835144
1277,7844.161987
1277.1,7844.161987
1277.2,7844.161987
1277.3,7841.110229
1277.4,8023.071289
1277.5,7919.883728
1277.6,7913.970947
1277.7,7913.970947
1277.8,7917.022705
1277.9,7831.954956
1278,7847.213745
1278.1,7841.110229
1278.2,7853.126526
1278.3,7856.178284
1278.4,8014.10675
1278.5,7917.022705
1278.6,7917.022705
1278.7,7913.970947
1278.8,7913.970947
1278.9,7835.006714
1279,7862.281799
1279.1,7868.385315
1279.2,7868.385315
1279.3,7853.126526
1279.4,8011.054993
1279.5,7929.039001
1279.6,7919.883728
1279.7,7922.935486
1279.8,7929.039001
1279.9,7841.110229
1280,7871.437073
1280.1,7871.437073
1280.2,7865.333557
1280.3,7874.488831
1280.4,8011.054993
1280.5,7941.246033
1280.6,7938.194275
1280.7,7941.246033
1280.8,7941.246033
1280.9,7859.230042
1281,7868.385315
1281.1,7871.437073
1281.2,7865.333557
1281.3,7874.488831
1281.4,8001.899719
1281.5,7938.194275
1281.6,7935.142517
1281.7,7938.194275
1281.8,7938.194275
1281.9,7877.540588
1282,7874.488831
1282.1,7865.333557
1282.2,7880.592346
1282.3,7877.540588
1282.4,7998.847961
1282.5,7938.194275
1282.6,7944.297791
1282.7,7944.297791
1282.8,7941.246033
1282.9,7886.505127
1283,7886.505127
1283.1,7880.592346
1283.2,7880.592346
1283.3,7886.505127
1283.4,8004.951477
1283.5,7965.46936
1283.6,7950.210571
1283.7,7953.262329
1283.8,7965.46936
1283.9,7889.556885
1284,7880.592346
1284.1,7892.608643
1284.2,7886.505127
1284.3,7883.644104
1284.4,8004.951477
1284.5,7965.46936
1284.6,7962.417603
1284.7,7956.314087
1284.8,7965.46936
1284.9,7898.712158
1285,7892.608643
1285.1,7904.815674
1285.2,7895.6604
1285.3,7898.712158
1285.4,8014.10675
1285.5,7962.417603
1285.6,7968.521118
1285.7,7974.624634
1285.8,7971.572876
1285.9,7898.712158
1286,7898.712158
1286.1,7895.6604
1286.2,7889.556885
1286.3,7892.608643
1286.4,8008.003235
1286.5,7971.572876
1286.6,7971.572876
1286.7,7977.676392
1286.8,7962.417603
1286.9,7907.867432
1287,7917.022705
1287.1,7901.763916
1287.2,7907.867432
1287.3,7910.919189
1287.4,8011.054993
1287.5,7974.624634
1287.6,7989.692688
1287.7,7989.692688
1287.8,7971.572876
1287.9,7913.970947
1288,7913.970947
1288.1,7913.970947
1288.2,7917.022705
1288.3,7913.970947
1288.4,8014.10675
1288.5,7983.589172
1288.6,7986.64093
1288.7,7995.796204
1288.8,7989.692688
1288.9,7913.970947
1289,7922.935486
1289.1,7922.935486
1289.2,7922.935486
1289.3,7922.935486
1289.4,8026.123047
1289.5,7986.64093
1289.6,7995.796204
1289.7,8001.899719
1289.8,8001.899719
1289.9,7947.349548
1290,7944.297791
1290.1,7938.194275
1290.2,7938.194275
1290.3,7941.246033
1290.4,8035.27832
1290.5,8014.10675
1290.6,8011.054993
1290.7,8016.967773
1290.8,8020.019531
1290.9,7950.210571
1291,7965.46936
1291.1,7953.262329
1291.2,7953.262329
1291.3,7953.262329
1291.4,8041.381836
1291.5,8026.123047
1291.6,8011.054993
1291.7,8020.019531
1291.8,8016.967773
1291.9,7944.297791
1292,7938.194275
1292.1,7947.349548
1292.2,7941.246033
1292.3,7944.297791
1292.4,8032.226563
1292.5,8014.10675
1292.6,8014.10675
1292.7,8011.054993
1292.8,8011.054993
1292.9,7965.46936
1293,7965.46936
1293.1,7965.46936
1293.2,7959.365845
1293.3,7953.262329
1293.4,8047.294617
1293.5,8023.071289
1293.6,8026.123047
1293.7,8032.226563
1293.8,8032.226563
1293.9,7962.417603
1294,7953.262329
1294.1,7956.314087
1294.2,7965.46936
1294.3,7953.262329
1294.4,8062.553406
1294.5,8023.071289
1294.6,8023.071289
1294.7,8032.226563
1294.8,8023.071289
1294.9,7959.365845
1295,7965.46936
1295.1,7965.46936
1295.2,7959.365845
1295.3,7956.314087
1295.4,8050.346375
1295.5,8038.330078
1295.6,8029.174805
1295.7,8029.174805
1295.8,8038.330078
1295.9,7968.521118
1296,7974.624634
1296.1,7968.521118
1296.2,7974.624634
1296.3,7968.521118
1296.4,8056.44989
1296.5,8041.381836
1296.6,8047.294617
1296.7,8050.346375
1296.8,8050.346375
1296.9,7974.624634
1297,7971.572876
1297.1,7968.521118
1297.2,7968.521118
1297.3,7977.676392
1297.4,8068.656921
1297.5,8050.346375
1297.6,8050.346375
1297.7,8044.433594
1297.8,8062.553406
1297.9,7980.728149
1298,7983.589172
1298.1,7980.728149
1298.2,7989.692688
1298.3,7986.64093
1298.4,8059.501648
1298.5,8062.553406
1298.6,8056.44989
1298.7,8053.398132
1298.8,8062.553406
1298.9,7995.796204
1299,7989.692688
1299.1,7992.744446
1299.2,8001.899719
1299.3,7995.796204
1299.4,8068.656921
1299.5,8059.501648
1299.6,8059.501648
1299.7,8059.501648
1299.8,8062.553406
1299.9,7998.847961
1300,7995.796204
1300.1,7998.847961
1300.2,8014.10675
1300.3,8001.899719
1300.4,8077.812195
1300.5,8071.708679
1300.6,8065.605164
1300.7,8068.656921
1300.8,8068.656921
1300.9,7998.847961
1301,8008.003235
1301.1,8001.899719
1301.2,8014.10675
1301.3,7998.847961
1301.4,8086.776733
1301.5,8071.708679
1301.6,8068.656921
1301.7,8068.656921
1301.8,8071.708679
1301.9,8011.054993
1302,8011.054993
1302.1,8011.054993
1302.2,8011.054993
1302.3,8014.10675
1302.4,8098.983765
1302.5,8092.880249
1302.6,8086.776733
1302.7,8098.983765
1302.8,8092.880249
1302.9,8029.174805
1303,8023.071289
1303.1,8026.123047
1303.2,8026.123047
1303.3,8038.330078
1303.4,8111.190796
1303.5,8092.880249
1303.6,8098.983765
1303.7,8111.190796
1303.8,8105.08728
1303.9,8050.346375
1304,8050.346375
1304.1,8053.398132
1304.2,8050.346375
1304.3,8050.346375
1304.4,8129.310608
1304.5,8120.155334
1304.6,8120.155334
1304.7,8117.103577
1304.8,8123.207092
1304.9,8059.501648
1305,8062.553406
1305.1,8062.553406
1305.2,8062.553406
1305.3,8056.44989
1305.4,8132.362366
1305.5,8120.155334
1305.6,8129.310608
1305.7,8135.414124
1305.8,8126.25885
1305.9,8062.553406
1306,8059.501648
1306.1,8059.501648
1306.2,8065.605164
1306.3,8068.656921
1306.4,8147.43042
1306.5,8135.414124
1306.6,8135.414124
1306.7,8132.362366
1306.8,8132.362366
1306.9,8059.501648
1307,8074.760437
1307.1,8059.501648
1307.2,8065.605164
1307.3,8059.501648
1307.4,8144.378662
1307.5,8141.517639
1307.6,8138.465881
1307.7,8141.517639
1307.8,8147.43042
1307.9,8059.501648
1308,8065.605164
1308.1,8071.708679
1308.2,8062.553406
1308.3,8074.760437
1308.4,8144.378662
1308.5,8141.517639
1308.6,8141.517639
1308.7,8147.43042
1308.8,8132.362366
1308.9,8080.673218
1309,8071.708679
1309.1,8071.708679
1309.2,8071.708679
1309.3,8086.776733
1309.4,8150.482178
1309.5,8147.43042
1309.6,8147.43042
1309.7,8144.378662
1309.8,8153.533936
1309.9,8089.828491
1310,8086.776733
1310.1,8083.724976
1310.2,8086.776733
1310.3,8086.776733
1310.4,8156.585693
1310.5,8156.585693
1310.6,8159.637451
1310.7,8159.637451
1310.8,8159.637451
1310.9,8092.880249
1311,8089.828491
1311.1,8092.880249
1311.2,8089.828491
1311.3,8086.776733
1311.4,8168.792725
1311.5,8162.689209
1311.6,8165.740967
1311.7,8156.585693
1311.8,8156.585693
1311.9,8098.983765
1312,8098.983765
1312.1,8095.932007
1312.2,8111.190796
1312.3,8111.190796
1312.4,8177.757263
1312.5,8171.844482
1312.6,8168.792725
1312.7,8171.844482
1312.8,8168.792725
1312.9,8111.190796
1313,8108.139038
1313.1,8111.190796
1313.2,8111.190796
1313.3,8111.190796
1313.4,8183.860779
1313.5,8180.809021
1313.6,8183.860779
1313.7,8174.89624
1313.8,8183.860779
1313.9,8108.139038
1314,8123.207092
1314.1,8117.103577
1314.2,8126.25885
1314.3,8114.051819
1314.4,8186.912537
1314.5,8196.06781
1314.6,8196.06781
1314.7,8186.912537
1314.8,8189.964294
1314.9,8126.25885
1315,8123.207092
1315.1,8120.155334
1315.2,8129.310608
1315.3,8120.155334
1315.4,8199.119568
1315.5,8193.016052
1315.6,8196.06781
1315.7,8196.06781
1315.8,8208.274841
1315.9,8126.25885
1316,8135.414124
1316.1,8129.310608
1316.2,8135.414124
1316.3,8135.414124
1316.4,8220.291138
1316.5,8202.171326
1316.6,8208.274841
1316.7,8202.171326
1316.8,8199.119568
1316.9,8159.637451
1317,8141.517639
1317.1,8147.43042
1317.2,8141.517639
1317.3,8138.465881
1317.4,8226.394653
1317.5,8205.223083
1317.6,8217.23938
1317.7,8223.342896
1317.8,8226.394653
1317.9,8159.637451
1318,8156.585693
1318.1,8156.585693
1318.2,8162.689209
1318.3,8156.585693
1318.4,8232.498169
1318.5,8229.446411
1318.6,8229.446411
1318.7,8244.514465
1318.8,8229.446411
1318.9,8162.689209
1319,8159.637451
1319.1,8168.792725
1319.2,8162.689209
1319.3,8159.637451
1319.4,8238.601685
1319.5,8241.462708
1319.6,8244.514465
1319.7,8244.514465
1319.8,8244.514465
1319.9,8177.757263
1320,8174.89624
1320.1,8180.809021
1320.2,8174.89624
1320.3,8174.89624
1320.4,8256.721497
1320.5,8253.669739
1320.6,8247.566223
1320.7,8247.566223
1320.8,8256.721497
1320.9,8168.792725
1321,8165.740967
1321.1,8171.844482
1321.2,8168.792725
1321.3,8171.844482
1321.4,8244.514465
1321.5,8244.514465
1321.6,8241.462708
1321.7,8241.462708
1321.8,8244.514465
1321.9,8174.89624
1322,8183.860779
1322.1,8177.757263
1322.2,8180.809021
1322.3,8180.809021
1322.4,8253.669739
1322.5,8253.669739
1322.6,8253.669739
1322.7,8253.669739
1322.8,8256.721497
1322.9,8177.757263
1323,8174.89624
1323.1,8180.809021
1323.2,8177.757263
1323.3,8183.860779
1323.4,8262.825012
1323.5,8253.669739
1323.6,8253.669739
1323.7,8253.669739
1323.8,8256.721497
1323.9,8183.860779
1324,8180.809021
1324.1,8196.06781
1324.2,8183.860779
1324.3,8186.912537
1324.4,8259.773254
1324.5,8256.721497
1324.6,8256.721497
1324.7,8265.87677
1324.8,8259.773254
1324.9,8189.964294
1325,8180.809021
1325.1,8183.860779
1325.2,8183.860779
1325.3,8208.274841
1325.4,8268.928528
1325.5,8262.825012
1325.6,8268.928528
1325.7,8262.825012
1325.8,8262.825012
1325.9,8193.016052
1326,8208.274841
1326.1,8193.016052
1326.2,8208.274841
1326.3,8202.171326
1326.4,8271.980286
1326.5,8280.944824
1326.6,8268.928528
1326.7,8274.841309
1326.8,8280.944824
1326.9,8196.06781
1327,8196.06781
1327.1,8199.119568
1327.2,8193.016052
1327.3,8208.274841
1327.4,8280.944824
1327.5,8274.841309
1327.6,8271.980286
1327.7,8271.980286
1327.8,8280.944824
1327.9,8214.187622
1328,8211.135864
1328.1,8205.223083
1328.2,8202.171326
1328.3,8214.187622
1328.4,8277.893066
1328.5,8280.944824
1328.6,8277.893066
1328.7,8277.893066
1328.8,8283.996582
1328.9,8205.223083
1329,8220.291138
1329.1,8220.291138
1329.2,8220.291138
1329.3,8205.223083
1329.4,8283.996582
1329.5,8277.893066
1329.6,8283.996582
1329.7,8283.996582
1329.8,8293.151855
1329.9,8217.23938
1330,8220.291138
1330.1,8220.291138
1330.2,8220.291138
1330.3,8232.498169
1330.4,8290.100098
1330.5,8283.996582
1330.6,8305.358887
1330.7,8296.203613
1330.8,8305.358887
1330.9,8232.498169
1331,8232.498169
1331.1,8232.498169
1331.2,8232.498169
1331.3,8223.342896
1331.4,8305.358887
1331.5,8299.255371
1331.6,8311.271667
1331.7,8305.358887
1331.8,8305.358887
1331.9,8238.601685
1332,8238.601685
1332.1,8244.514465
1332.2,8238.601685
1332.3,8244.514465
1332.4,8305.358887
1332.5,8302.307129
1332.6,8308.21991
1332.7,8302.307129
1332.8,8308.21991
1332.9,8244.514465
1333,8241.462708
1333.1,8256.721497
1333.2,8241.462708
1333.3,8241.462708
1333.4,8317.375183
1333.5,8329.582214
1333.6,8308.21991
1333.7,8317.375183
1333.8,8317.375183
1333.9,8256.721497
1334,8253.669739
1334.1,8265.87677
1334.2,8280.944824
1334.3,8268.928528
1334.4,8347.702026
1334.5,8341.598511
1334.6,8335.68573
1334.7,8338.546753
1334.8,8335.68573
1334.9,8265.87677
1335,8265.87677
1335.1,8271.980286
1335.2,8274.841309
1335.3,8280.944824
1335.4,8338.546753
1335.5,8338.546753
1335.6,8338.546753
1335.7,8341.598511
1335.8,8335.68573
1335.9,8268.928528
1336,8274.841309
1336.1,8280.944824
1336.2,8265.87677
1336.3,8268.928528
1336.4,8338.546753
1336.5,8344.650269
1336.6,8341.598511
1336.7,8344.650269
1336.8,8338.546753
1336.9,8287.04834
1337,8287.04834
1337.1,8277.893066
1337.2,8293.151855
1337.3,8280.944824
1337.4,8366.012573
1337.5,8359.909058
1337.6,8353.805542
1337.7,8359.909058
1337.8,8366.012573
1337.9,8290.100098
1338,8296.203613
1338.1,8290.100098
1338.2,8290.100098
1338.3,8290.100098
1338.4,8359.909058
1338.5,8356.8573
1338.6,8356.8573
1338.7,8356.8573
1338.8,8350.753784
1338.9,8293.151855
1339,8296.203613
1339.1,8296.203613
1339.2,8299.255371
1339.3,8305.358887
1339.4,8369.064331
1339.5,8362.960815
1339.6,8371.925354
1339.7,8378.02887
1339.8,8283.996582
1339.9,8305.358887
1340,8305.358887
1340.1,8299.255371
1340.2,8299.255371
1340.3,8499.526978
1340.4,8378.02887
1340.5,8378.02887
1340.6,8369.064331
1340.7,8366.012573
1340.8,8287.04834
1340.9,8314.323425
1341,8317.375183
1341.1,8314.323425
1341.2,8314.323425
1341.3,8517.64679
1341.4,8387.184143
1341.5,8387.184143
1341.6,8384.132385
1341.7,8387.184143
1341.8,8302.307129
1341.9,8317.375183
1342,8317.375183
1342.1,8314.323425
1342.2,8314.323425
1342.3,8517.64679
1342.4,8387.184143
1342.5,8402.442932
1342.6,8390.235901
1342.7,8387.184143
1342.8,8311.271667
1342.9,8323.478699
1343,8323.478699
1343.1,8314.323425
1343.2,8323.478699
1343.3,8520.698547
1343.4,8393.287659
1343.5,8402.442932
1343.6,8393.287659
1343.7,8390.235901
1343.8,8311.271667
1343.9,8341.598511
1344,8353.805542
1344.1,8338.546753
1344.2,8338.546753
1344.3,8529.853821
1344.4,8405.303955
1344.5,8411.407471
1344.6,8414.459229
1344.7,8408.355713
1344.8,8326.530457
1344.9,8347.702026
1345,8341.598511
1345.1,8338.546753
1345.2,8341.598511
1345.3,8517.64679
1345.4,8411.407471
1345.5,8417.510986
1345.6,8426.66626
1345.7,8411.407471
1345.8,8329.582214
1345.9,8350.753784
1346,8353.805542
1346.1,8353.805542
1346.2,8347.702026
1346.3,8508.491516
1346.4,8432.769775
1346.5,8423.614502
1346.6,8423.614502
1346.7,8420.562744
1346.8,8341.598511
1346.9,8350.753784
1347,8350.753784
1347.1,8356.8573
1347.2,8359.909058
1347.3,8505.439758
1347.4,8423.614502
1347.5,8423.614502
1347.6,8438.682556
1347.7,8429.718018
1347.8,8347.702026
1347.9,8369.064331
1348,8374.977112
1348.1,8371.925354
1348.2,8378.02887
1348.3,8523.750305
1348.4,8447.83783
1348.5,8450.889587
1348.6,8450.889587
1348.7,8444.786072
1348.8,8362.960815
1348.9,8390.235901
1349,8390.235901
1349.1,8390.235901
1349.2,8387.184143
1349.3,8520.698547
1349.4,8447.83783
1349.5,8460.044861
1349.6,8456.993103
1349.7,8453.941345
1349.8,8387.184143
1349.9,8384.132385
1350,8390.235901
1350.1,8381.080627
1350.2,8381.080627
1350.3,8505.439758
1350.4,8453.941345
1350.5,8463.096619
1350.6,8460.044861
1350.7,8447.83783
1350.8,8378.02887
1350.9,8378.02887
1351,8381.080627
1351.1,8387.184143
1351.2,8381.080627
1351.3,8505.439758
1351.4,8463.096619
1351.5,8447.83783
1351.6,8456.993103
1351.7,8463.096619
1351.8,8390.235901
1351.9,8402.442932
1352,8390.235901
1352.1,8393.287659
1352.2,8390.235901
1352.3,8508.491516
1352.4,8460.044861
1352.5,8475.112915
1352.6,8475.112915
1352.7,8475.112915
1352.8,8402.442932
1352.9,8402.442932
1353,8399.391174
1353.1,8402.442932
1353.2,8402.442932
1353.3,8514.595032
1353.4,8475.112915
1353.5,8472.061157
1353.6,8472.061157
1353.7,8472.061157
1353.8,8411.407471
1353.9,8402.442932
1354,8405.303955
1354.1,8405.303955
1354.2,8405.303955
1354.3,8523.750305
1354.4,8481.216431
1354.5,8481.216431
1354.6,8475.112915
1354.7,8487.319946
1354.8,8399.391174
1354.9,8414.459229
1355,8402.442932
1355.1,8405.303955
1355.2,8414.459229
1355.3,8511.543274
1355.4,8481.216431
1355.5,8475.112915
1355.6,8475.112915
1355.7,8484.268188
1355.8,8411.407471
1355.9,8414.459229
1356,8414.459229
1356.1,8408.355713
1356.2,8411.407471
1356.3,8508.491516
1356.4,8487.319946
1356.5,8493.423462
1356.6,8484.268188
1356.7,8499.526978
1356.8,8423.614502
1356.9,8426.66626
1357,8426.66626
1357.1,8426.66626
1357.2,8420.562744
1357.3,8514.595032
1357.4,8499.526978
1357.5,8490.371704
1357.6,8499.526978
1357.7,8499.526978
1357.8,8420.562744
1357.9,8417.510986
1358,8423.614502
1358.1,8423.614502
1358.2,8420.562744
1358.3,8511.543274
1358.4,8499.526978
1358.5,8499.526978
1358.6,8490.371704
1358.7,8499.526978
1358.8,8438.682556
1358.9,8423.614502
1359,8426.66626
1359.1,8426.66626
1359.2,8426.66626
1359.3,8523.750305
1359.4,8505.439758
1359.5,8499.526978
1359.6,8505.439758
1359.7,8502.388
1359.8,8438.682556
1359.9,8429.718018
1360,8435.630798
1360.1,8435.630798
1360.2,8438.682556
1360.3,8529.853821
1360.4,8511.543274
1360.5,8502.388
1360.6,8502.388
1360.7,8499.526978
1360.8,8450.889587
1360.9,8438.682556
1361,8444.786072
1361.1,8435.630798
1361.2,8450.889587
1361.3,8535.766602
1361.4,8508.491516
1361.5,8523.750305
1361.6,8508.491516
1361.7,8517.64679
1361.8,8456.993103
1361.9,8463.096619
1362,8460.044861
1362.1,8456.993103
1362.2,8447.83783
1362.3,8538.818359
1362.4,8535.766602
1362.5,8520.698547
1362.6,8529.853821
1362.7,8529.853821
1362.8,8469.009399
1362.9,8463.096619
1363,8463.096619
1363.1,8460.044861
1363.2,8475.112915
1363.3,8554.077148
1363.4,8535.766602
1363.5,8532.714844
1363.6,8538.818359
1363.7,8526.802063
1363.8,8469.009399
1363.9,8469.009399
1364,8463.096619
1364.1,8460.044861
1364.2,8460.044861
1364.3,8560.180664
1364.4,8535.766602
1364.5,8535.766602
1364.6,8547.973633
1364.7,8535.766602
1364.8,8460.044861
1364.9,8456.993103
1365,8463.096619
1365.1,8460.044861
1365.2,8460.044861
1365.3,8547.973633
1365.4,8547.973633
1365.5,8535.766602
1365.6,8535.766602
1365.7,8532.714844
1365.8,8472.061157
1365.9,8475.112915
1366,8481.216431
1366.1,8475.112915
1366.2,8481.216431
1366.3,8557.128906
1366.4,8547.973633
1366.5,8547.973633
1366.6,8544.921875
1366.7,8544.921875
1366.8,8487.319946
1366.9,8487.319946
1367,8484.268188
1367.1,8481.216431
1367.2,8484.268188
1367.3,8566.093445
1367.4,8557.128906
1367.5,8547.973633
1367.6,8554.077148
1367.7,8554.077148
1367.8,8487.319946
1367.9,8490.371704
1368,8499.526978
1368.1,8499.526978
1368.2,8499.526978
1368.3,8569.145203
1368.4,8572.19696
1368.5,8557.128906
1368.6,8563.232422
1368.7,8566.093445
1368.8,8496.47522
1368.9,8499.526978
1369,8496.47522
1369.1,8499.526978
1369.2,8508.491516
1369.3,8596.611023
1369.4,8569.145203
1369.5,8569.145203
1369.6,8569.145203
1369.7,8572.19696
1369.8,8499.526978
1369.9,8496.47522
1370,8496.47522
1370.1,8496.47522
1370.2,8499.526978
1370.3,8596.611023
1370.4,8569.145203
1370.5,8572.19696
1370.6,8569.145203
1370.7,8596.611023
1370.8,8517.64679
1370.9,8508.491516
1371,8514.595032
1371.1,8511.543274
1371.2,8511.543274
1371.3,8596.611023
1371.4,8575.248718
1371.5,8596.611023
1371.6,8581.352234
1371.7,8575.248718
1371.8,8535.766602
1371.9,8535.766602
1372,8523.750305
1372.1,8526.802063
1372.2,8520.698547
1372.3,8611.679077
1372.4,8599.472046
1372.5,8593.559265
1372.6,8602.523804
1372.7,8593.559265
1372.8,8526.802063
1372.9,8520.698547
1373,8520.698547
1373.1,8526.802063
1373.2,8520.698547
1373.3,8605.575562
1373.4,8608.627319
1373.5,8599.472046
1373.6,8599.472046
1373.7,8593.559265
1373.8,8526.802063
1373.9,8529.853821
1374,8535.766602
1374.1,8532.714844
1374.2,8535.766602
1374.3,8614.730835
1374.4,8608.627319
1374.5,8605.575562
1374.6,8608.627319
1374.7,8593.559265
1374.8,8538.818359
1374.9,8541.870117
1375,8532.714844
1375.1,8541.870117
1375.2,8547.973633
1375.3,8632.850647
1375.4,8608.627319
1375.5,8614.730835
1375.6,8620.834351
1375.7,8617.782593
1375.8,8532.714844
1375.9,8544.921875
1376,8538.818359
1376.1,8535.766602
1376.2,8535.766602
1376.3,8620.834351
1376.4,8608.627319
1376.5,8617.782593
1376.6,8614.730835
1376.7,8614.730835
1376.8,8538.818359
1376.9,8544.921875
1377,8554.077148
1377.1,8547.973633
1377.2,8541.870117
1377.3,8632.850647
1377.4,8620.834351
1377.5,8617.782593
1377.6,8617.782593
1377.7,8617.782593
1377.8,8544.921875
1377.9,8544.921875
1378,8544.921875
1378.1,8541.870117
1378.2,8551.025391
1378.3,8645.057678
1378.4,8617.782593
1378.5,8617.782593
1378.6,8617.782593
1378.7,8617.782593
1378.8,8551.025391
1378.9,8544.921875
1379,8544.921875
1379.1,8544.921875
1379.2,8544.921875
1379.3,8632.850647
1379.4,8617.782593
1379.5,8620.834351
1379.6,8617.782593
1379.7,8626.937866
1379.8,8544.921875
1379.9,8554.077148
1380,8544.921875
1380.1,8554.077148
1380.2,8554.077148
1380.3,8629.798889
1380.4,8629.798889
1380.5,8632.850647
1380.6,8632.850647
1380.7,8623.886108
1380.8,8560.180664
1380.9,8557.128906
1381,8557.128906
1381.1,8563.232422
1381.2,8551.025391
1381.3,8635.902405
1381.4,8632.850647
1381.5,8629.798889
1381.6,8632.850647
1381.7,8635.902405
1381.8,8572.19696
1381.9,8569.145203
1382,8572.19696
1382.1,8572.19696
1382.2,8569.145203
1382.3,8648.109436
1382.4,8642.00592
1382.5,8651.161194
1382.6,8635.902405
1382.7,8645.057678
1382.8,8578.300476
1382.9,8584.403992
1383,8578.300476
1383.1,8572.19696
1383.2,8572.19696
1383.3,8657.264709
1383.4,8651.161194
1383.5,8657.264709
1383.6,8651.161194
1383.7,8657.264709
1383.8,8596.611023
1383.9,8593.559265
1384,8587.45575
1384.1,8587.45575
1384.2,8596.611023
1384.3,8666.229248
1384.4,8666.229248
1384.5,8672.332764
1384.6,8666.229248
1384.7,8666.229248
1384.8,8590.507507
1384.9,8584.403992
1385,8596.611023
1385.1,8590.507507
1385.2,8587.45575
1385.3,8669.281006
1385.4,8666.229248
1385.5,8660.316467
1385.6,8663.17749
1385.7,8669.281006
1385.8,8599.472046
1385.9,8608.627319
1386,8596.611023
1386.1,8593.559265
1386.2,8605.575562
1386.3,8669.281006
1386.4,8669.281006
1386.5,8681.488037
1386.6,8672.332764
1386.7,8669.281006
1386.8,8614.730835
1386.9,8611.679077
1387,8605.575562
1387.1,8614.730835
1387.2,8605.575562
1387.3,8681.488037
1387.4,8681.488037
1387.5,8681.488037
1387.6,8681.488037
1387.7,8690.643311
1387.8,8620.834351
1387.9,8614.730835
1388,8620.834351
1388.1,8611.679077
1388.2,8620.834351
1388.3,8672.332764
1388.4,8678.436279
1388.5,8678.436279
1388.6,8681.488037
1388.7,8690.643311
1388.8,8614.730835
1388.9,8614.730835
1389,8605.575562
1389.1,8608.627319
1389.2,8614.730835
1389.3,8681.488037
1389.4,8678.436279
1389.5,8678.436279
1389.6,8672.332764
1389.7,8693.695068
1389.8,8620.834351
1389.9,8608.627319
1390,8611.679077
1390.1,8614.730835
1390.2,8620.834351
1390.3,8693.695068
1390.4,8687.591553
1390.5,8687.591553
1390.6,8687.591553
1390.7,8684.539795
1390.8,8620.834351
1390.9,8614.730835
1391,8617.782593
1391.1,8620.834351
1391.2,8620.834351
1391.3,8693.695068
1391.4,8690.643311
1391.5,8681.488037
1391.6,8678.436279
1391.7,8687.591553
1391.8,8617.782593
1391.9,8626.937866
1392,8617.782593
1392.1,8629.798889
1392.2,8620.834351
1392.3,8693.695068
1392.4,8693.695068
1392.5,8690.643311
1392.6,8693.695068
1392.7,8690.643311
1392.8,8623.886108
1392.9,8632.850647
1393,8632.850647
1393.1,8626.937866
1393.2,8629.798889
1393.3,8702.659607
1393.4,8702.659607
1393.5,8690.643311
1393.6,8702.659607
1393.7,8699.607849
1393.8,8626.937866
1393.9,8620.834351
1394,8629.798889
1394.1,8629.798889
1394.2,8629.798889
1394.3,8699.607849
1394.4,8696.556091
1394.5,8705.711365
1394.6,8699.607849
1394.7,8699.607849
1394.8,8635.902405
1394.9,8638.954163
1395,8635.902405
1395.1,8632.850647
1395.2,8632.850647
1395.3,8708.763123
1395.4,8702.659607
1395.5,8702.659607
1395.6,8705.711365
1395.7,8711.81488
1395.8,8657.264709
1395.9,8648.109436
1396,8651.161194
1396.1,8642.00592
1396.2,8638.954163
1396.3,8717.918396
1396.4,8724.021912
1396.5,8717.918396
1396.6,8714.866638
1396.7,8714.866638
1396.8,8642.00592
1396.9,8642.00592
1397,8651.161194
1397.1,8654.212952
1397.2,8654.212952
1397.3,8726.882935
1397.4,8729.934692
1397.5,8720.970154
1397.6,8714.866638
1397.7,8729.934692
1397.8,8651.161194
1397.9,8657.264709
1398,8648.109436
1398.1,8657.264709
1398.2,8648.109436
1398.3,8729.934692
1398.4,8720.970154
1398.5,8724.021912
1398.6,8729.934692
1398.7,8724.021912
1398.8,8663.17749
1398.9,8660.316467
1399,8654.212952
1399.1,8669.281006
1399.2,8660.316467
1399.3,8729.934692
1399.4,8726.882935
1399.5,8729.934692
1399.6,8742.141724
1399.7,8732.98645
1399.8,8669.281006
1399.9,8657.264709
1400,8663.17749
1400.1,8660.316467
1400.2,8657.264709
1400.3,8742.141724
1400.4,8736.038208
1400.5,8729.934692
1400.6,8729.934692
1400.7,8726.882935
1400.8,8666.229248
1400.9,8669.281006
1401,8669.281006
1401.1,8669.281006
1401.2,8669.281006
1401.3,8732.98645
1401.4,8742.141724
1401.5,8742.141724
1401.6,8742.141724
1401.7,8729.934692
1401.8,8672.332764
1401.9,8669.281006
1402,8675.384521
1402.1,8669.281006
1402.2,8681.488037
1402.3,8742.141724
1402.4,8739.089966
1402.5,8739.089966
1402.6,8745.193481
1402.7,8754.348755
1402.8,8681.488037
1402.9,8681.488037
1403,8681.488037
1403.1,8678.436279
1403.2,8678.436279
1403.3,8751.296997
1403.4,8754.348755
1403.5,8751.296997
1403.6,8754.348755
1403.7,8754.348755
1403.8,8678.436279
1403.9,8678.436279
1404,8675.384521
1404.1,8678.436279
1404.2,8681.488037
1404.3,8766.365051
1404.4,8766.365051
1404.5,8751.296997
1404.6,8748.245239
1404.7,8751.296997
1404.8,8690.643311
1404.9,8690.643311
1405,8687.591553
1405.1,8690.643311
1405.2,8687.591553
1405.3,8760.261536
1405.4,8751.296997
1405.5,8766.365051
1405.6,8766.365051
1405.7,8757.400513
1405.8,8687.591553
1405.9,8678.436279
1406,8684.539795
1406.1,8684.539795
1406.2,8693.695068
1406.3,8754.348755
1406.4,8751.296997
1406.5,8760.261536
1406.6,8763.313293
1406.7,8751.296997
1406.8,8705.711365
1406.9,8705.711365
1407,8702.659607
1407.1,8690.643311
1407.2,8699.607849
1407.3,8772.468567
1407.4,8769.416809
1407.5,8775.520325
1407.6,8769.416809
1407.7,8693.695068
1407.8,8702.659607
1407.9,8711.81488
1408,8702.659607
1408.1,8705.711365
1408.2,8711.81488
1408.3,8775.520325
1408.4,8790.779114
1408.5,8790.779114
1408.6,8784.675598
1408.7,8693.695068
1408.8,8714.866638
1408.9,8717.918396
1409,8717.918396
1409.1,8724.021912
1409.2,8909.034729
1409.3,8790.779114
1409.4,8790.779114
1409.5,8790.779114
1409.6,8790.779114
1409.7,8702.659607
1409.8,8724.021912
1409.9,8726.882935
1410,8720.970154
1410.1,8729.934692
1410.2,8936.309814
1410.3,8793.640137
1410.4,8802.79541
1410.5,8793.640137
1410.6,8793.640137
1410.7,8714.866638
1410.8,8742.141724
1410.9,8726.882935
1411,8742.141724
1411.1,8726.882935
1411.2,8927.154541
1411.3,8799.743652
1411.4,8805.847168
1411.5,8802.79541
1411.6,8793.640137
1411.7,8717.918396
1411.8,8742.141724
1411.9,8726.882935
1412,8714.866638
1412.1,8729.934692
1412.2,8924.102783
1412.3,8787.727356
1412.4,8808.898926
1412.5,8815.002441
1412.6,8802.79541
1412.7,8711.81488
1412.8,8724.021912
1412.9,8726.882935
1413,8726.882935
1413.1,8742.141724
1413.2,8902.931213
1413.3,8802.79541
1413.4,8799.743652
1413.5,8790.779114
1413.6,8793.640137
1413.7,8714.866638
1413.8,8732.98645
1413.9,8736.038208
1414,8732.98645
1414.1,8736.038208
1414.2,8899.879456
1414.3,8802.79541
1414.4,8808.898926
1414.5,8811.950684
1414.6,8808.898926
1414.7,8736.038208
1414.8,8742.141724
1414.9,8736.038208
1415,8732.98645
1415.1,8732.98645
1415.2,8893.77594
1415.3,8808.898926
1415.4,8805.847168
1415.5,8815.002441
1415.6,8811.950684
1415.7,8729.934692
1415.8,8742.141724
1415.9,8742.141724
1416,8742.141724
1416.1,8729.934692
1416.2,8875.656128
1416.3,8805.847168
1416.4,8815.002441
1416.5,8808.898926
1416.6,8808.898926
1416.7,8724.021912
1416.8,8748.245239
1416.9,8739.089966
1417,8739.089966
1417.1,8748.245239
1417.2,8887.863159
1417.3,8811.950684
1417.4,8808.898926
1417.5,8815.002441
1417.6,8811.950684
1417.7,8745.193481
1417.8,8742.141724
1417.9,8739.089966
1418,8745.193481
1418.1,8739.089966
1418.2,8875.656128
1418.3,8811.950684
1418.4,8827.018738
1418.5,8811.950684
1418.6,8821.105957
1418.7,8751.296997
1418.8,8751.296997
1418.9,8751.296997
1419,8751.296997
1419.1,8748.245239
1419.2,8869.552612
1419.3,8827.018738
1419.4,8827.018738
1419.5,8827.018738
1419.6,8823.96698
1419.7,8760.261536
1419.8,8766.365051
1419.9,8760.261536
1420,8763.313293
1420.1,8754.348755
1420.2,8872.60437
1420.3,8839.225769
1420.4,8827.018738
1420.5,8827.018738
1420.6,8839.225769
1420.7,8766.365051
1420.8,8766.365051
1420.9,8763.313293
1421,8763.313293
1421.1,8760.261536
1421.2,8887.863159
1421.3,8836.174011
1421.4,8830.070496
1421.5,8827.018738
1421.6,8839.225769
1421.7,8772.468567
1421.8,8769.416809
1421.9,8772.468567
1422,8763.313293
1422.1,8778.572083
1422.2,8878.707886
1422.3,8842.277527
1422.4,8851.4328
1422.5,8842.277527
1422.6,8836.174011
1422.7,8787.727356
1422.8,8781.62384
1422.9,8778.572083
1423,8790.779114
1423.1,8784.675598
1423.2,8881.759644
1423.3,8851.4328
1423.4,8851.4328
1423.5,8851.4328
1423.6,8848.381042
1423.7,8787.727356
1423.8,8790.779114
1423.9,8784.675598
1424,8784.675598
1424.1,8790.779114
1424.2,8899.879456
1424.3,8854.484558
1424.4,8857.345581
1424.5,8863.449097
1424.6,8854.484558
1424.7,8799.743652
1424.8,8787.727356
1424.9,8796.691895
1425,8787.727356
1425.1,8790.779114
1425.2,8896.827698
1425.3,8866.500854
1425.4,8869.552612
1425.5,8863.449097
1425.6,8863.449097
1425.7,8790.779114
1425.8,8790.779114
1425.9,8787.727356
1426,8787.727356
1426.1,8787.727356
1426.2,8890.724182
1426.3,8866.500854
1426.4,8866.500854
1426.5,8863.449097
1426.6,8860.397339
1426.7,8802.79541
1426.8,8805.847168
1426.9,8808.898926
1427,8799.743652
1427.1,8808.898926
1427.2,8899.879456
1427.3,8875.656128
1427.4,8875.656128
1427.5,8887.863159
1427.6,8887.863159
1427.7,8799.743652
1427.8,8787.727356
1427.9,8808.898926
1428,8808.898926
1428.1,8802.79541
1428.2,8890.724182
1428.3,8872.60437
1428.4,8875.656128
1428.5,8869.552612
1428.6,8872.60437
1428.7,8808.898926
1428.8,8821.105957
1428.9,8811.950684
1429,8815.002441
1429.1,8818.054199
1429.2,8912.086487
1429.3,8890.724182
1429.4,8884.811401
1429.5,8878.707886
1429.6,8893.77594
1429.7,8827.018738
1429.8,8827.018738
1429.9,8823.96698
1430,8823.96698
1430.1,8823.96698
1430.2,8909.034729
1430.3,8893.77594
1430.4,8899.879456
1430.5,8890.724182
1430.6,8890.724182
1430.7,8823.96698
1430.8,8827.018738
1430.9,8827.018738
1431,8830.070496
1431.1,8830.070496
1431.2,8924.102783
1431.3,8912.086487
1431.4,8909.034729
1431.5,8905.982971
1431.6,8896.827698
1431.7,8830.070496
1431.8,8839.225769
1431.9,8839.225769
1432,8845.329285
1432.1,8836.174011
1432.2,8924.102783
1432.3,8909.034729
1432.4,8912.086487
1432.5,8905.982971
1432.6,8909.034729
1432.7,8836.174011
1432.8,8845.329285
1432.9,8839.225769
1433,8839.225769
1433.1,8851.4328
1433.2,8927.154541
1433.3,8909.034729
1433.4,8924.102783
1433.5,8912.086487
1433.6,8912.086487
1433.7,8845.329285
1433.8,8842.277527
1433.9,8839.225769
1434,8836.174011
1434.1,8836.174011
1434.2,8921.051025
1434.3,8924.102783
1434.4,8912.086487
1434.5,8915.138245
1434.6,8909.034729
1434.7,8863.449097
1434.8,8860.397339
1434.9,8857.345581
1435,8860.397339
1435.1,8857.345581
1435.2,8939.361572
1435.3,8936.309814
1435.4,8927.154541
1435.5,8933.258057
1435.6,8936.309814
1435.7,8875.656128
1435.8,8863.449097
1435.9,8863.449097
1436,8866.500854
1436.1,8866.500854
1436.2,8951.568604
1436.3,8933.258057
1436.4,8933.258057
1436.5,8948.516846
1436.6,8936.309814
1436.7,8887.863159
1436.8,8875.656128
1436.9,8887.863159
1437,8866.500854
1437.1,8869.552612
1437.2,8960.533142
1437.3,8942.41333
1437.4,8945.465088
1437.5,8939.361572
1437.6,8954.429626
1437.7,8875.656128
1437.8,8866.500854
1437.9,8887.863159
1438,8875.656128
1438.1,8887.863159
1438.2,8960.533142
1438.3,8945.465088
1438.4,8945.465088
1438.5,8948.516846
1438.6,8945.465088
1438.7,8881.759644
1438.8,8875.656128
1438.9,8881.759644
1439,8887.863159
1439.1,8875.656128
1439.2,8963.5849
1439.3,8945.465088
1439.4,8957.481384
1439.5,8945.465088
1439.6,8951.568604
1439.7,8878.707886
1439.8,8884.811401
1439.9,8872.60437
1440,8878.707886
1440.1,8887.863159
1440.2,8957.481384
1440.3,8945.465088
1440.4,8960.533142
1440.5,8954.429626
1440.6,8960.533142
1440.7,8887.863159
1440.8,8884.811401
1440.9,8884.811401
1441,8884.811401
1441.1,8884.811401
1441.2,8972.740173
1441.3,8957.481384
1441.4,8966.636658
1441.5,8960.533142
1441.6,8960.533142
1441.7,8890.724182
1441.8,8884.811401
1441.9,8893.77594
1442,8887.863159
1442.1,8890.724182
1442.2,8963.5849
1442.3,8984.947205
1442.4,8960.533142
1442.5,8966.636658
1442.6,8957.481384
1442.7,8896.827698
1442.8,8890.724182
1442.9,8896.827698
1443,8912.086487
1443.1,8893.77594
1443.2,8969.688416
1443.3,8960.533142
1443.4,8966.636658
1443.5,8963.5849
1443.6,8969.688416
1443.7,8890.724182
1443.8,8899.879456
1443.9,8896.827698
1444,8884.811401
1444.1,8893.77594
1444.2,8984.947205
1444.3,8972.740173
1444.4,8963.5849
1444.5,8984.947205
1444.6,8972.740173
1444.7,8899.879456
1444.8,8905.982971
1444.9,8912.086487
1445,8899.879456
1445.1,8905.982971
1445.2,8984.947205
1445.3,8984.947205
1445.4,8972.740173
1445.5,8978.843689
1445.6,8984.947205
1445.7,8909.034729
1445.8,8912.086487
1445.9,8909.034729
1446,8912.086487
1446.1,8909.034729
1446.2,8984.947205
1446.3,8996.963501
1446.4,8990.859985
1446.5,8996.963501
1446.6,8990.859985
1446.7,8912.086487
1446.8,8905.982971
1446.9,8924.102783
1447,8912.086487
1447.1,8912.086487
1447.2,8987.808228
1447.3,8984.947205
1447.4,8984.947205
1447.5,8984.947205
1447.6,8981.895447
1447.7,8909.034729
1447.8,8909.034729
1447.9,8909.034729
1448,8915.138245
1448.1,8918.190002
1448.2,8987.808228
1448.3,8996.963501
1448.4,8984.947205
1448.5,8993.911743
1448.6,8996.963501
1448.7,8936.309814
1448.8,8945.465088
1448.9,8939.361572
1449,8945.465088
1449.1,8939.361572
1449.2,9012.22229
1449.3,9015.274048
1449.4,9006.118774
1449.5,9009.170532
1449.6,9021.186829
1449.7,8945.465088
1449.8,8942.41333
1449.9,8939.361572
1450,8945.465088
1450.1,8948.516846
1450.2,9021.186829
1450.3,9018.135071
1450.4,9033.39386
1450.5,9021.186829
1450.6,9033.39386
1450.7,8948.516846
1450.8,8945.465088
1450.9,8948.516846
1451,8945.465088
1451.1,8948.516846
1451.2,9027.290344
1451.3,9021.186829
1451.4,9024.238586
1451.5,9021.186829
1451.6,9021.186829
1451.7,8951.568604
1451.8,8951.568604
1451.9,8957.481384
1452,8948.516846
1452.1,8960.533142
1452.2,9033.39386
1452.3,9027.290344
1452.4,9030.342102
1452.5,9033.39386
1452.6,9030.342102
1452.7,8951.568604
1452.8,8960.533142
1452.9,8951.568604
1453,8954.429626
1453.1,8954.429626
1453.2,9033.39386
1453.3,9033.39386
1453.4,9030.342102
1453.5,9030.342102
1453.6,9030.342102
1453.7,8960.533142
1453.8,8960.533142
1453.9,8954.429626
1454,8960.533142
1454.1,8945.465088
1454.2,9036.445618
1454.3,9027.290344
1454.4,9024.238586
1454.5,9024.238586
1454.6,9030.342102
1454.7,8948.516846
1454.8,8948.516846
1454.9,8948.516846
1455,8948.516846
1455.1,8960.533142
1455.2,9033.39386
1455.3,9030.342102
1455.4,9018.135071
1455.5,9024.238586
1455.6,9030.342102
1455.7,8957.481384
1455.8,8957.481384
1455.9,8972.740173
1456,8963.5849
1456.1,8957.481384
1456.2,9042.549133
1456.3,9030.342102
1456.4,9030.342102
1456.5,9030.342102
1456.6,9030.342102
1456.7,8984.947205
1456.8,8969.688416
1456.9,8969.688416
1457,8963.5849
1457.1,8969.688416
1457.2,9045.600891
1457.3,9042.549133
1457.4,9042.549133
1457.5,9042.549133
1457.6,9042.549133
1457.7,8978.843689
1457.8,8969.688416
1457.9,8972.740173
1458,8975.791931
1458.1,8981.895447
1458.2,9057.617188
1458.3,9051.513672
1458.4,9051.513672
1458.5,9057.617188
1458.6,9048.652649
1458.7,8981.895447
1458.8,8990.859985
1458.9,8990.859985
1459,8987.808228
1459.1,8984.947205
1459.2,9057.617188
1459.3,9054.56543
1459.4,9060.668945
1459.5,9054.56543
1459.6,9054.56543
1459.7,8981.895447
1459.8,8984.947205
1459.9,8981.895447
1460,8981.895447
1460.1,8981.895447
1460.2,9066.772461
1460.3,9057.617188
1460.4,9054.56543
1460.5,9060.668945
1460.6,9054.56543
1460.7,8993.911743
1460.8,8990.859985
1460.9,8993.911743
1461,9003.067017
1461.1,9009.170532
1461.2,9082.03125
1461.3,9069.824219
1461.4,9069.824219
1461.5,9069.824219
1461.6,9066.772461
1461.7,9003.067017
1461.8,8996.963501
1461.9,9009.170532
1462,9009.170532
1462.1,9003.067017
1462.2,9075.927734
1462.3,9072.875977
1462.4,9075.927734
1462.5,9075.927734
1462.6,9072.875977
1462.7,9000.015259
1462.8,9009.170532
1462.9,9009.170532
1463,8996.963501
1463.1,8996.963501
1463.2,9072.875977
1463.3,9066.772461
1463.4,9082.03125
1463.5,9075.927734
1463.6,9082.03125
1463.7,9006.118774
1463.8,9006.118774
1463.9,9015.274048
1464,9006.118774
1464.1,9021.186829
1464.2,9087.944031
1464.3,9084.892273
1464.4,9082.03125
1464.5,9082.03125
1464.6,9078.979492
1464.7,9018.135071
1464.8,9018.135071
1464.9,9021.186829
1465,9018.135071
1465.1,9021.186829
1465.2,9094.047546
1465.3,9094.047546
1465.4,9094.047546
1465.5,9106.254578
1465.6,9078.979492
1465.7,9030.342102
1465.8,9021.186829
1465.9,9033.39386
1466,9033.39386
1466.1,9033.39386
1466.2,9100.151062
1466.3,9100.151062
1466.4,9097.099304
1466.5,9094.047546
1466.6,9090.995789
1466.7,9030.342102
1466.8,9033.39386
1466.9,9039.497375
1467,9033.39386
1467.1,9030.342102
1467.2,9106.254578
1467.3,9094.047546
1467.4,9103.20282
1467.5,9103.20282
1467.6,9103.20282
1467.7,9057.617188
1467.8,9045.600891
1467.9,9045.600891
1468,9042.549133
1468.1,9057.617188
1468.2,9130.477905
1468.3,9121.322632
1468.4,9115.219116
1468.5,9118.270874
1468.6,9130.477905
1468.7,9069.824219
1468.8,9057.617188
1468.9,9057.617188
1469,9048.652649
1469.1,9051.513672
1469.2,9130.477905
1469.3,9127.426147
1469.4,9127.426147
1469.5,9130.477905
1469.6,9127.426147
1469.7,9057.617188
1469.8,9054.56543
1469.9,9060.668945
1470,9069.824219
1470.1,9069.824219
1470.2,9127.426147
1470.3,9127.426147
1470.4,9130.477905
1470.5,9142.684937
1470.6,9139.633179
1470.7,9078.979492
1470.8,9069.824219
1470.9,9072.875977
1471,9075.927734
1471.1,9078.979492
1471.2,9151.649475
1471.3,9154.701233
1471.4,9148.597717
1471.5,9151.649475
1471.6,9148.597717
1471.7,9082.03125
1471.8,9094.047546
1471.9,9084.892273
1472,9078.979492
1472.1,9082.03125
1472.2,9151.649475
1472.3,9151.649475
1472.4,9154.701233
1472.5,9151.649475
1472.6,9160.804749
1472.7,9087.944031
1472.8,9084.892273
1472.9,9082.03125
1473,9078.979492
1473.1,9078.979492
1473.2,9154.701233
1473.3,9160.804749
1473.4,9151.649475
1473.5,9166.908264
1473.6,9154.701233
1473.7,9094.047546
1473.8,9090.995789
1473.9,9087.944031
1474,9090.995789
1474.1,9087.944031
1474.2,9163.856506
1474.3,9160.804749
1474.4,9157.752991
1474.5,9166.908264
1474.6,9166.908264
1474.7,9103.20282
1474.8,9097.099304
1474.9,9106.254578
1475,9115.219116
1475.1,9106.254578
1475.2,9179.115295
1475.3,9181.976318
1475.4,9179.115295
1475.5,9176.063538
1475.6,9185.028076
1475.7,9109.306335
1475.8,9109.306335
1475.9,9103.20282
1476,9103.20282
1476.1,9106.254578
1476.2,9179.115295
1476.3,9179.115295
1476.4,9176.063538
1476.5,9176.063538
1476.6,9087.944031
1476.7,9118.270874
1476.8,9130.477905
1476.9,9112.358093
1477,9118.270874
1477.1,9318.54248
1477.2,9179.115295
1477.3,9176.063538
1477.4,9176.063538
1477.5,9179.115295
1477.6,9100.151062
1477.7,9130.477905
1477.8,9130.477905
1477.9,9130.477905
1478,9133.529663
1478.1,9327.697754
1478.2,9203.338623
1478.3,9200.286865
1478.4,9197.235107
1478.5,9200.286865
1478.6,9115.219116
1478.7,9133.529663
1478.8,9154.701233
1478.9,9127.426147
1479,9127.426147
1479.1,9333.80127
1479.2,9200.286865
1479.3,9215.354919
1479.4,9215.354919
1479.5,9206.390381
1479.6,9130.477905
1479.7,9139.633179
1479.8,9130.477905
1479.9,9130.477905
1480,9133.529663
1480.1,9333.80127
1480.2,9215.354919
1480.3,9206.390381
1480.4,9215.354919
1480.5,9209.442139
1480.6,9130.477905
1480.7,9142.684937
1480.8,9154.701233
1480.9,9139.633179
1481,9139.633179
1481.1,9333.80127
1481.2,9212.303162
1481.3,9227.561951
1481.4,9215.354919
1481.5,9209.442139
1481.6,9130.477905
1481.7,9179.115295
1481.8,9166.908264
1481.9,9163.856506
1482,9163.856506
1482.1,9333.80127
1482.2,9236.717224
1482.3,9236.717224
1482.4,9239.768982
1482.5,9239.768982
1482.6,9160.804749
1482.7,9166.908264
1482.8,9179.115295
1482.9,9179.115295
1483,9179.115295
1483.1,9333.80127
1483.2,9236.717224
1483.3,9248.733521
1483.4,9236.717224
1483.5,9239.768982
1483.6,9166.908264
1483.7,9166.908264
1483.8,9173.01178
1483.9,9173.01178
1484,9163.856506
1484.1,9321.594238
1484.2,9245.681763
1484.3,9245.681763
1484.4,9239.768982
1484.5,9245.681763
1484.6,9160.804749
1484.7,9181.976318
1484.8,9185.028076
1484.9,9179.115295
1485,9191.131592
1485.1,9321.594238
1485.2,9248.733521
1485.3,9251.785278
1485.4,9251.785278
1485.5,9245.681763
1485.6,9166.908264
1485.7,9188.079834
1485.8,9203.338623
1485.9,9197.235107
1486,9191.131592
1486.1,9336.853027
1486.2,9254.837036
1486.3,9260.940552
1486.4,9270.095825
1486.5,9263.99231
1486.6,9188.079834
1486.7,9194.18335
1486.8,9188.079834
1486.9,9203.338623
1487,9203.338623
1487.1,9318.54248
1487.2,9260.940552
1487.3,9276.199341
1487.4,9267.044067
1487.5,9263.99231
1487.6,9200.286865
1487.7,9194.18335
1487.8,9209.442139
1487.9,9200.286865
1488,9209.442139
1488.1,9321.594238
1488.2,9273.147583
1488.3,9273.147583
1488.4,9276.199341
1488.5,9273.147583
1488.6,9227.561951
1488.7,9212.303162
1488.8,9212.303162
1488.9,9227.561951
1489,9221.458435
1489.1,9327.697754
1489.2,9285.163879
1489.3,9285.163879
1489.4,9288.215637
1489.5,9285.163879
1489.6,9215.354919
1489.7,9227.561951
1489.8,9215.354919
1489.9,9215.354919
1490,9215.354919
1490.1,9321.594238
1490.2,9288.215637
1490.3,9285.163879
1490.4,9288.215637
1490.5,9285.163879
1490.6,9215.354919
1490.7,9227.561951
1490.8,9212.303162
1490.9,9215.354919
1491,9212.303162
1491.1,9321.594238
1491.2,9288.215637
1491.3,9288.215637
1491.4,9288.215637
1491.5,9285.163879
1491.6,9233.665466
1491.7,9224.510193
1491.8,9227.561951
1491.9,9224.510193
1492,9233.665466
1492.1,9336.853027
1492.2,9306.526184
1492.3,9291.267395
1492.4,9297.370911
1492.5,9306.526184
1492.6,9236.717224
1492.7,9236.717224
1492.8,9224.510193
1492.9,9236.717224
1493,9239.768982
1493.1,9348.869324
1493.2,9312.438965
1493.3,9303.474426
1493.4,9306.526184
1493.5,9312.438965
1493.6,9242.82074
1493.7,9239.768982
1493.8,9236.717224
1493.9,9239.768982
1494,9248.733521
1494.1,9351.921082
1494.2,9309.387207
1494.3,9324.645996
1494.4,9312.438965
1494.5,9324.645996
1494.6,9251.785278
1494.7,9254.837036
1494.8,9251.785278
1494.9,9251.785278
1495,9248.733521
1495.1,9339.904785
1495.2,9321.594238
1495.3,9321.594238
1495.4,9321.594238
1495.5,9321.594238
1495.6,9254.837036
1495.7,9257.888794
1495.8,9276.199341
1495.9,9263.99231
1496,9257.888794
1496.1,9373.283386
1496.2,9327.697754
1496.3,9327.697754
1496.4,9321.594238
1496.5,9348.869324
1496.6,9276.199341
1496.7,9282.112122
1496.8,9273.147583
1496.9,9282.112122
1497,9273.147583
1497.1,9382.247925
1497.2,9361.076355
1497.3,9345.817566
1497.4,9361.076355
1497.5,9358.024597
1497.6,9288.215637
1497.7,9300.422668
1497.8,9300.422668
1497.9,9285.163879
1498,9291.267395
1498.1,9370.231628
1498.2,9373.283386
1498.3,9367.179871
1498.4,9358.024597
1498.5,9358.024597
1498.6,9300.422668
1498.7,9297.370911
1498.8,9297.370911
1498.9,9300.422668
1499,9297.370911
1499.1,9391.403198
1499.2,9373.283386
1499.3,9370.231628
1499.4,9379.196167
1499.5,9373.283386
1499.6,9300.422668
1499.7,9300.422668
1499.8,9300.422668
1499.9,9300.422668
1500,9303.474426
1500.1,9391.403198
1500.2,9379.196167
1500.3,9385.299683
1500.4,9370.231628
1500.5,9379.196167
1500.6,9315.490723
1500.7,9321.594238
1500.8,9312.438965
1500.9,9315.490723
1501,9324.645996
1501.1,9397.506714
1501.2,9391.403198
1501.3,9382.247925
1501.4,9394.454956
1501.5,9400.558472
1501.6,9336.853027
1501.7,9330.749512
1501.8,9321.594238
1501.9,9327.697754
1502,9324.645996
1502.1,9409.52301
1502.2,9394.454956
1502.3,9409.52301
1502.4,9400.558472
1502.5,9400.558472
1502.6,9336.853027
1502.7,9333.80127
1502.8,9333.80127
1502.9,9333.80127
1503,9327.697754
1503.1,9421.730042
1503.2,9394.454956
1503.3,9412.574768
1503.4,9397.506714
1503.5,9394.454956
1503.6,9361.076355
1503.7,9354.972839
1503.8,9348.869324
1503.9,9348.869324
1504,9348.869324
1504.1,9445.953369
1504.2,9418.678284
1504.3,9421.730042
1504.4,9424.781799
1504.5,9421.730042
1504.6,9373.283386
1504.7,9373.283386
1504.8,9358.024597
1504.9,9354.972839
1505,9345.817566
1505.1,9442.901611
1505.2,9430.885315
1505.3,9418.678284
1505.4,9433.937073
1505.5,9427.833557
1505.6,9364.128113
1505.7,9373.283386
1505.8,9373.283386
1505.9,9373.283386
1506,9373.283386
1506.1,9449.005127
1506.2,9436.988831
1506.3,9436.988831
1506.4,9445.953369
1506.5,9439.849854
1506.6,9379.196167
1506.7,9376.144409
1506.8,9370.231628
1506.9,9385.299683
1507,9370.231628
1507.1,9452.056885
1507.2,9445.953369
1507.3,9442.901611
1507.4,9445.953369
1507.5,9445.953369
1507.6,9370.231628
1507.7,9370.231628
1507.8,9379.196167
1507.9,9373.283386
1508,9370.231628
1508.1,9458.1604
1508.2,9458.1604
1508.3,9445.953369
1508.4,9445.953369
1508.5,9445.953369
1508.6,9373.283386
1508.7,9370.231628
1508.8,9370.231628
1508.9,9370.231628
1509,9373.283386
1509.1,9445.953369
1509.2,9442.901611
1509.3,9445.953369
1509.4,9442.901611
1509.5,9439.849854
1509.6,9394.454956
1509.7,9391.403198
1509.8,9394.454956
1509.9,9397.506714
1510,9397.506714
1510.1,9479.33197
1510.2,9467.315674
1510.3,9461.212158
1510.4,9464.263916
1510.5,9470.367432
1510.6,9406.471252
1510.7,9406.471252
1510.8,9406.471252
1510.9,9421.730042
1511,9412.574768
1511.1,9488.487244
1511.2,9482.383728
1511.3,9479.33197
1511.4,9467.315674
1511.5,9494.590759
1511.6,9412.574768
1511.7,9409.52301
1511.8,9415.626526
1511.9,9406.471252
1512,9406.471252
1512.1,9491.539001
1512.2,9479.33197
1512.3,9479.33197
1512.4,9479.33197
1512.5,9479.33197
1512.6,9424.781799
1512.7,9433.937073
1512.8,9418.678284
1512.9,9418.678284
1513,9421.730042
1513.1,9506.607056
1513.2,9506.607056
1513.3,9500.694275
1513.4,9500.694275
1513.5,9494.590759
1513.6,9433.937073
1513.7,9427.833557
1513.8,9430.885315
1513.9,9433.937073
1514,9430.885315
1514.1,9503.555298
1514.2,9494.590759
1514.3,9506.607056
1514.4,9503.555298
1514.5,9497.642517
1514.6,9445.953369
1514.7,9436.988831
1514.8,9445.953369
1514.9,9442.901611
1515,9436.988831
1515.1,9515.762329
1515.2,9518.814087
1515.3,9515.762329
1515.4,9515.762329
1515.5,9518.814087
1515.6,9452.056885
1515.7,9449.005127
1515.8,9455.108643
1515.9,9455.108643
1516,9458.1604
1516.1,9531.021118
1516.2,9521.865845
1516.3,9543.037415
1516.4,9527.96936
1516.5,9543.037415
1516.6,9442.901611
1516.7,9445.953369
1516.8,9449.005127
1516.9,9445.953369
1517,9445.953369
1517.1,9527.96936
1517.2,9524.917603
1517.3,9531.021118
1517.4,9518.814087
1517.5,9531.021118
1517.6,9464.263916
1517.7,9470.367432
1517.8,9455.108643
1517.9,9458.1604
1518,9458.1604
1518.1,9543.037415
1518.2,9531.021118
1518.3,9536.933899
1518.4,9527.96936
1518.5,9531.021118
1518.6,9470.367432
1518.7,9470.367432
1518.8,9470.367432
1518.9,9470.367432
1519,9464.263916
1519.1,9543.037415
1519.2,9534.072876
1519.3,9534.072876
1519.4,9536.933899
1519.5,9531.021118
1519.6,9467.315674
1519.7,9470.367432
1519.8,9467.315674
1519.9,9467.315674
1520,9476.280212
1520.1,9546.089172
1520.2,9539.985657
1520.3,9539.985657
1520.4,9546.089172
1520.5,9543.037415
1520.6,9482.383728
1520.7,9482.383728
1520.8,9476.280212
1520.9,9476.280212
1521,9467.315674
1521.1,9561.347961
1521.2,9546.089172
1521.3,9546.089172
1521.4,9546.089172
1521.5,9558.296204
1521.6,9482.383728
1521.7,9482.383728
1521.8,9473.228455
1521.9,9488.487244
1522,9476.280212
1522.1,9567.451477
1522.2,9546.089172
1522.3,9558.296204
1522.4,9555.244446
1522.5,9552.192688
1522.6,9482.383728
1522.7,9482.383728
1522.8,9479.33197
1522.9,9494.590759
1523,9488.487244
1523.1,9567.451477
1523.2,9567.451477
1523.3,9552.192688
1523.4,9567.451477
1523.5,9567.451477
1523.6,9515.762329
1523.7,9506.607056
1523.8,9509.658813
1523.9,9506.607056
1524,9512.710571
1524.1,9585.571289
1524.2,9582.519531
1524.3,9582.519531
1524.4,9591.674805
1524.5,9576.416016
1524.6,9512.710571
1524.7,9512.710571
1524.8,9506.607056
1524.9,9512.710571
1525,9515.762329
1525.1,9588.623047
1525.2,9579.467773
1525.3,9576.416016
1525.4,9582.519531
1525.5,9591.674805
1525.6,9518.814087
1525.7,9515.762329
1525.8,9503.555298
1525.9,9512.710571
1526,9518.814087
1526.1,9594.726563
1526.2,9585.571289
1526.3,9585.571289
1526.4,9582.519531
1526.5,9591.674805
1526.6,9515.762329
1526.7,9518.814087
1526.8,9515.762329
1526.9,9515.762329
1527,9512.710571
1527.1,9588.623047
1527.2,9594.726563
1527.3,9591.674805
1527.4,9591.674805
1527.5,9591.674805
1527.6,9518.814087
1527.7,9518.814087
1527.8,9518.814087
1527.9,9518.814087
1528,9518.814087
1528.1,9591.674805
1528.2,9588.623047
1528.3,9591.674805
1528.4,9588.623047
1528.5,9588.623047
1528.6,9527.96936
1528.7,9531.021118
1528.8,9527.96936
1528.9,9524.917603
1529,9521.865845
1529.1,9597.77832
1529.2,9600.639343
1529.3,9603.691101
1529.4,9594.726563
1529.5,9603.691101
1529.6,9521.865845
1529.7,9527.96936
1529.8,9531.021118
1529.9,9518.814087
1530,9531.021118
1530.1,9594.726563
1530.2,9588.623047
1530.3,9597.77832
1530.4,9591.674805
1530.5,9597.77832
1530.6,9555.244446
1530.7,9543.037415
1530.8,9543.037415
1530.9,9539.985657
1531,9539.985657
1531.1,9612.846375
1531.2,9615.898132
1531.3,9606.742859
1531.4,9606.742859
1531.5,9612.846375
1531.6,9546.089172
1531.7,9567.451477
1531.8,9567.451477
1531.9,9546.089172
1532,9552.192688
1532.1,9612.846375
1532.2,9612.846375
1532.3,9612.846375
1532.4,9625.053406
1532.5,9615.898132
1532.6,9543.037415
1532.7,9549.14093
1532.8,9552.192688
1532.9,9546.089172
1533,9539.985657
1533.1,9628.105164
1533.2,9615.898132
1533.3,9612.846375
1533.4,9612.846375
1533.5,9615.898132
1533.6,9552.192688
1533.7,9561.347961
1533.8,9555.244446
1533.9,9552.192688
1534,9552.192688
1534.1,9628.105164
1534.2,9625.053406
1534.3,9625.053406
1534.4,9625.053406
1534.5,9628.105164
1534.6,9570.3125
1534.7,9558.296204
1534.8,9567.451477
1534.9,9564.399719
1535,9558.296204
1535.1,9628.105164
1535.2,9640.12146
1535.3,9637.069702
1535.4,9640.12146
1535.5,9637.069702
1535.6,9579.467773
1535.7,9579.467773
1535.8,9576.416016
1535.9,9579.467773
1536,9579.467773
1536.1,9658.432007
1536.2,9649.276733
1536.3,9664.535522
1536.4,9643.173218
1536.5,9664.535522
1536.6,9582.519531
1536.7,9591.674805
1536.8,9588.623047
1536.9,9582.519531
1537,9585.571289
1537.1,9664.535522
1537.2,9664.535522
1537.3,9658.432007
1537.4,9652.328491
1537.5,9652.328491
1537.6,9591.674805
1537.7,9591.674805
1537.8,9600.639343
1537.9,9588.623047
1538,9591.674805
1538.1,9670.448303
1538.2,9670.448303
1538.3,9664.535522
1538.4,9664.535522
1538.5,9673.500061
1538.6,9600.639343
1538.7,9600.639343
1538.8,9597.77832
1538.9,9603.691101
1539,9594.726563
1539.1,9661.483765
1539.2,9673.500061
1539.3,9670.448303
1539.4,9670.448303
1539.5,9667.396545
1539.6,9606.742859
1539.7,9612.846375
1539.8,9612.846375
1539.9,9612.846375
1540,9609.794617
1540.1,9688.75885
1540.2,9685.707092
1540.3,9673.500061
1540.4,9688.75885
1540.5,9688.75885
1540.6,9615.898132
1540.7,9606.742859
1540.8,9612.846375
1540.9,9606.742859
1541,9612.846375
1541.1,9676.551819
1541.2,9673.500061
1541.3,9676.551819
1541.4,9685.707092
1541.5,9685.707092
1541.6,9631.156921
1541.7,9634.017944
1541.8,9637.069702
1541.9,9628.105164
1542,9640.12146
1542.1,9709.93042
1542.2,9697.723389
1542.3,9706.878662
1542.4,9703.826904
1542.5,9706.878662
1542.6,9637.069702
1542.7,9652.328491
1542.8,9646.224976
1542.9,9643.173218
1543,9637.069702
1543.1,9709.93042
1543.2,9709.93042
1543.3,9709.93042
1543.4,9719.085693
1543.5,9709.93042
1543.6,9664.535522
1543.7,9652.328491
1543.8,9652.328491
1543.9,9643.173218
1544,9652.328491
1544.1,9725.189209
1544.2,9725.189209
1544.3,9725.189209
1544.4,9737.205505
1544.5,9712.982178
1544.6,9664.535522
1544.7,9649.276733
1544.8,9649.276733
1544.9,9664.535522
1545,9652.328491
1545.1,9725.189209
1545.2,9716.033936
1545.3,9737.205505
1545.4,9725.189209
1545.5,9722.137451
1545.6,9655.380249
1545.7,9664.535522
1545.8,9664.535522
1545.9,9664.535522
1546,9658.432007
1546.1,9731.10199
1546.2,9722.137451
1546.3,9737.205505
1546.4,9725.189209
1546.5,9643.173218
1546.6,9673.500061
1546.7,9676.551819
1546.8,9667.396545
1546.9,9661.483765
1547,9870.71991
1547.1,9761.619568
1547.2,9749.412537
1547.3,9743.309021
1547.4,9749.412537
1547.5,9664.535522
1547.6,9682.655334
1547.7,9682.655334
1547.8,9679.603577
1547.9,9682.655334
1548,9889.030457
1548.1,9761.619568
1548.2,9761.619568
1548.3,9761.619568
1548.4,9749.412537
1548.5,9673.500061
1548.6,9688.75885
1548.7,9673.500061
1548.8,9673.500061
1548.9,9682.655334
1549,9882.926941
1549.1,9761.619568
1549.2,9746.360779
1549.3,9740.257263
1549.4,9746.360779
1549.5,9670.448303
1549.6,9688.75885
1549.7,9679.603577
1549.8,9682.655334
1549.9,9673.500061
1550,9882.926941
1550.1,9767.532349
1550.2,9764.480591
1550.3,9746.360779
1550.4,9761.619568
1550.5,9676.551819
1550.6,9685.707092
1550.7,9679.603577
1550.8,9679.603577
1550.9,9685.707092
1551,9885.978699
1551.1,9758.56781
1551.2,9758.56781
1551.3,9758.56781
1551.4,9767.532349
1551.5,9688.75885
1551.6,9700.775146
1551.7,9712.982178
1551.8,9700.775146
1551.9,9703.826904
1552,9882.926941
1552.1,9776.687622
1552.2,9785.842896
1552.3,9758.56781
1552.4,9785.842896
1552.5,9694.862366
1552.6,9700.775146
1552.7,9712.982178
1552.8,9709.93042
1552.9,9706.878662
1553,9885.978699
1553.1,9782.791138
1553.2,9788.894653
1553.3,9782.791138
1553.4,9782.791138
1553.5,9691.810608
1553.6,9725.189209
1553.7,9716.033936
1553.8,9712.982178
1553.9,9712.982178
1554,9861.564636
1554.1,9797.859192
1554.2,9797.859192
1554.3,9785.842896
1554.4,9810.066223
1554.5,9712.982178
1554.6,9725.189209
1554.7,9722.137451
1554.8,9722.137451
1554.9,9722.137451
1555,9882.926941
1555.1,9807.014465
1555.2,9797.859192
1555.3,9807.014465
1555.4,9797.859192
1555.5,9725.189209
1555.6,9737.205505
1555.7,9734.153748
1555.8,9737.205505
1555.9,9737.205505
1556,9867.668152
1556.1,9813.117981
1556.2,9816.169739
1556.3,9807.014465
1556.4,9816.169739
1556.5,9755.516052
1556.6,9752.464294
1556.7,9761.619568
1556.8,9755.516052
1556.9,9758.56781
1557,9894.943237
1557.1,9834.289551
1557.2,9831.237793
1557.3,9831.237793
1557.4,9831.237793
1557.5,9761.619568
1557.6,9758.56781
1557.7,9752.464294
1557.8,9758.56781
1557.9,9752.464294
1558,9879.875183
1558.1,9834.289551
1558.2,9831.237793
1558.3,9834.289551
1558.4,9834.289551
1558.5,9773.635864
1558.6,9782.791138
1558.7,9773.635864
1558.8,9770.584106
1558.9,9779.73938
1559,9901.046753
1559.1,9843.444824
1559.2,9855.651855
1559.3,9843.444824
1559.4,9855.651855
1559.5,9785.842896
1559.6,9779.73938
1559.7,9770.584106
1559.8,9785.842896
1559.9,9758.56781
1560,9894.943237
1560.1,9858.703613
1560.2,9858.703613
1560.3,9858.703613
1560.4,9846.496582
1560.5,9797.859192
1560.6,9788.894653
1560.7,9788.894653
1560.8,9794.807434
1560.9,9794.807434
1561,9910.202026
1561.1,9870.71991
1561.2,9855.651855
1561.3,9870.71991
1561.4,9855.651855
1561.5,9794.807434
1561.6,9797.859192
1561.7,9782.791138
1561.8,9794.807434
1561.9,9791.946411
1562,9904.098511
1562.1,9861.564636
1562.2,9855.651855
1562.3,9855.651855
1562.4,9864.616394
1562.5,9810.066223
1562.6,9797.859192
1562.7,9800.91095
1562.8,9803.962708
1562.9,9794.807434
1563,9897.994995
1563.1,9867.668152
1563.2,9867.668152
1563.3,9870.71991
1563.4,9876.823425
1563.5,9810.066223
1563.6,9807.014465
1563.7,9822.273254
1563.8,9807.014465
1563.9,9810.066223
1564,9919.3573
1564.1,9889.030457
1564.2,9882.926941
1564.3,9876.823425
1564.4,9882.926941
1564.5,9807.014465
1564.6,9819.221497
1564.7,9822.273254
1564.8,9828.186035
1564.9,9819.221497
1565,9922.409058
1565.1,9879.875183
1565.2,9891.891479
1565.3,9885.978699
1565.4,9885.978699
1565.5,9831.237793
1565.6,9831.237793
1565.7,9846.496582
1565.8,9834.289551
1565.9,9828.186035
1566,9928.321838
1566.1,9907.150269
1566.2,9904.098511
1566.3,9913.253784
1566.4,9919.3573
1566.5,9858.703613
1566.6,9849.54834
1566.7,9840.393066
1566.8,9837.341309
1566.9,9834.289551
1567,9934.425354
1567.1,9913.253784
1567.2,9904.098511
1567.3,9907.150269
1567.4,9910.202026
1567.5,9834.289551
1567.6,9837.341309
1567.7,9846.496582
1567.8,9837.341309
1567.9,9843.444824
1568,9928.321838
1568.1,9913.253784
1568.2,9910.202026
1568.3,9910.202026
1568.4,9919.3573
1568.5,9858.703613
1568.6,9846.496582
1568.7,9852.600098
1568.8,9843.444824
1568.9,9843.444824
1569,9934.425354
1569.1,9931.373596
1569.2,9919.3573
1569.3,9931.373596
1569.4,9931.373596
1569.5,9855.651855
1569.6,9861.564636
1569.7,9870.71991
1569.8,9858.703613
1569.9,9876.823425
1570,9955.787659
1570.1,9937.477112
1570.2,9931.373596
1570.3,9937.477112
1570.4,9928.321838
1570.5,9879.875183
1570.6,9879.875183
1570.7,9879.875183
1570.8,9882.926941
1570.9,9879.875183
1571,9967.803955
1571.1,9955.787659
1571.2,9952.735901
1571.3,9952.735901
1571.4,9955.787659
1571.5,9879.875183
1571.6,9882.926941
1571.7,9879.875183
1571.8,9882.926941
1571.9,9889.030457
1572,9967.803955
1572.1,9952.735901
1572.2,9952.735901
1572.3,9955.787659
1572.4,9952.735901
1572.5,9882.926941
1572.6,9889.030457
1572.7,9894.943237
1572.8,9897.994995
1572.9,9882.926941
1573,9973.907471
1573.1,9952.735901
1573.2,9967.803955
1573.3,9958.648682
1573.4,9952.735901
1573.5,9897.994995
1573.6,9894.943237
1573.7,9904.098511
1573.8,9910.202026
1573.9,9904.098511
1574,9988.975525
1574.1,9976.959229
1574.2,9976.959229
1574.3,9967.803955
1574.4,9970.855713
1574.5,9904.098511
1574.6,9919.3573
1574.7,9919.3573
1574.8,9916.305542
1574.9,9919.3573
1575,10004.23431
1575.1,9986.114502
1575.2,9992.027283
1575.3,9980.010986
1575.4,9986.114502
1575.5,9916.305542
1575.6,9931.373596
1575.7,9919.3573
1575.8,9913.253784
1575.9,9919.3573
1576,10001.18256
1576.1,9986.114502
1576.2,9983.062744
1576.3,9988.975525
1576.4,9992.027283
1576.5,9919.3573
1576.6,9913.253784
1576.7,9913.253784
1576.8,9910.202026
1576.9,9919.3573
1577,9998.130798
1577.1,9992.027283
1577.2,9988.975525
1577.3,9992.027283
1577.4,10004.23431
1577.5,9916.305542
1577.6,9916.305542
1577.7,9919.3573
1577.8,9913.253784
1577.9,9919.3573
1578,9992.027283
1578.1,9992.027283
1578.2,9988.975525
1578.3,9992.027283
1578.4,9988.975525
1578.5,9919.3573
1578.6,9910.202026
1578.7,9931.373596
1578.8,9916.305542
1578.9,9916.305542
1579,10004.23431
1579.1,9986.114502
1579.2,9992.027283
1579.3,9983.062744
1579.4,9998.130798
1579.5,9928.321838
1579.6,9931.373596
1579.7,9928.321838
1579.8,9928.321838
1579.9,9928.321838
1580,10004.23431
1580.1,9992.027283
1580.2,9995.079041
1580.3,10004.23431
1580.4,10004.23431
1580.5,9949.684143
1580.6,9955.787659
1580.7,9934.425354
1580.8,9940.52887
1580.9,9940.52887
1581,10028.45764
1581.1,10007.28607
1581.2,10001.18256
1581.3,10001.18256
1581.4,10016.44135
1581.5,9943.580627
1581.6,9937.477112
1581.7,9934.425354
1581.8,9937.477112
1581.9,9937.477112
1582,10013.38959
1582.1,10004.23431
1582.2,10001.18256
1582.3,10010.33783
1582.4,10010.33783
1582.5,9955.787659
1582.6,9940.52887
1582.7,9943.580627
1582.8,9949.684143
1582.9,9955.787659
1583,10028.45764
1583.1,10028.45764
1583.2,10013.38959
1583.3,10016.44135
1583.4,10010.33783
1583.5,9955.787659
1583.6,9955.787659
1583.7,9952.735901
1583.8,9955.787659
1583.9,9946.632385
1584,10034.56116
1584.1,10025.40588
1584.2,10028.45764
1584.3,10028.45764
1584.4,10031.5094
1584.5,9952.735901
1584.6,9967.803955
1584.7,9973.907471
1584.8,9967.803955
1584.9,9961.700439
1585,10037.61292
1585.1,10025.40588
1585.2,10028.45764
1585.3,10040.66467
1585.4,10034.56116
1585.5,9967.803955
1585.6,9967.803955
1585.7,9967.803955
1585.8,9964.752197
1585.9,9964.752197
1586,10052.8717
1586.1,10052.8717
1586.2,10040.66467
1586.3,10037.61292
1586.4,10037.61292
1586.5,9961.700439
1586.6,9964.752197
1586.7,9967.803955
1586.8,9980.010986
1586.9,9964.752197
1587,10043.71643
1587.1,10052.8717
1587.2,10040.66467
1587.3,10034.56116
1587.4,10040.66467
1587.5,9980.010986
1587.6,9980.010986
1587.7,9967.803955
1587.8,9967.803955
1587.9,9967.803955
1588,10049.81995
1588.1,10052.8717
1588.2,10040.66467
1588.3,10052.8717
1588.4,10040.66467
1588.5,9973.907471
1588.6,9970.855713
1588.7,9983.062744
1588.8,9970.855713
1588.9,9976.959229
1589,10049.81995
1589.1,10046.76819
1589.2,10049.81995
1589.3,10049.81995
1589.4,10049.81995
1589.5,9980.010986
1589.6,9980.010986
1589.7,9988.975525
1589.8,9983.062744
1589.9,9992.027283
1590,10061.83624
1590.1,10064.888
1590.2,10064.888
1590.3,10058.78448
1590.4,10061.83624
1590.5,10013.38959
1590.6,10001.18256
1590.7,10004.23431
1590.8,10001.18256
1590.9,10016.44135
1591,10080.14679
1591.1,10074.04327
1591.2,10083.19855
1591.3,10074.04327
1591.4,10074.04327
1591.5,10016.44135
1591.6,10019.4931
1591.7,10013.38959
1591.8,10016.44135
1591.9,10013.38959
1592,10086.05957
1592.1,10101.31836
1592.2,10095.21484
1592.3,10089.11133
1592.4,10101.31836
1592.5,10013.38959
1592.6,10016.44135
1592.7,10016.44135
1592.8,10010.33783
1592.9,10016.44135
1593,10095.21484
1593.1,10089.11133
1593.2,10089.11133
1593.3,10086.05957
1593.4,10101.31836
1593.5,10025.40588
1593.6,10028.45764
1593.7,10025.40588
1593.8,10013.38959
1593.9,10022.35413
1594,10089.11133
1594.1,10104.37012
1594.2,10095.21484
1594.3,10098.2666
1594.4,10089.11133
1594.5,10034.56116
1594.6,10028.45764
1594.7,10031.5094
1594.8,10025.40588
1594.9,10037.61292
1595,10110.47363
1595.1,10101.31836
1595.2,10101.31836
1595.3,10101.31836
1595.4,10107.42188
1595.5,10037.61292
1595.6,10025.40588
1595.7,10034.56116
1595.8,10031.5094
1595.9,10034.56116
1596,10110.47363
1596.1,10110.47363
1596.2,10098.2666
1596.3,10101.31836
1596.4,10107.42188
1596.5,10040.66467
1596.6,10037.61292
1596.7,10040.66467
1596.8,10046.76819
1596.9,10040.66467
1597,10149.95575
1597.1,10110.47363
1597.2,10113.52539
1597.3,10107.42188
1597.4,10110.47363
1597.5,10049.81995
1597.6,10049.81995
1597.7,10052.8717
1597.8,10040.66467
1597.9,10052.8717
1598,10119.43817
1598.1,10125.54169
1598.2,10116.57715
1598.3,10125.54169
1598.4,10128.59344
1598.5,10052.8717
1598.6,10064.888
1598.7,10064.888
1598.8,10052.8717
1598.9,10049.81995
1599,10131.6452
1599.1,10137.74872
1599.2,10149.95575
1599.3,10128.59344
1599.4,10128.59344
1599.5,10049.81995
1599.6,10049.81995
1599.7,10052.8717
1599.8,10049.81995
1599.9,10061.83624
1600,10128.59344
1775,11848.44971
1775.1,11877.05994
1775.2,11817.93213
1775.3,12788.77258
1775.4,12454.98657
1775.5,12575.14954
1775.6,12605.66711
1775.7,12424.46899
1775.8,11756.89697
1775.9,11877.05994
1776,11787.41455
1776.1,11787.41455
1776.2,11907.57751
1776.3,12666.70227
1776.4,12666.70227
1776.5,12666.70227
1776.6,12544.63196
1776.7,12575.14954
1776.8,11787.41455
1776.9,11787.41455
1777,11848.44971
1777.1,11907.57751
1777.2,11877.05994
1777.3,12636.18469
1777.4,12575.14954
1777.5,12544.63196
1777.6,12485.50415
1777.7,12636.18469
1777.8,11817.93213
1777.9,11877.05994
1778,11817.93213
1778.1,11848.44971
1778.2,11787.41455
1778.3,12697.21985
1778.4,12636.18469
1778.5,12454.98657
1778.6,12544.63196
1778.7,12575.14954
1778.8,11787.41455
1778.9,11907.57751
1779,11877.05994
1779.1,11938.09509
1779.2,11968.61267
1779.3,12666.70227
1779.4,12636.18469
1779.5,12485.50415
1779.6,12514.11438
1779.7,12514.11438
1779.8,11907.57751
1779.9,11787.41455
1780,11787.41455
1780.1,11938.09509
1780.2,11787.41455
1780.3,12697.21985
1780.4,12544.63196
1780.5,12514.11438
1780.6,12514.11438
1780.7,12544.63196
1780.8,11938.09509
1780.9,11877.05994
1781,11817.93213
1781.1,11968.61267
1781.2,11938.09509
1781.3,12727.73743
1781.4,12636.18469
1781.5,12605.66711
1781.6,12544.63196
1781.7,12605.66711
1781.8,11877.05994
1781.9,11968.61267
1782,11968.61267
1782.1,12029.64783
1782.2,11848.44971
1782.3,12847.90039
1782.4,12666.70227
1782.5,12544.63196
1782.6,12605.66711
1782.7,12697.21985
1782.8,11877.05994
1782.9,11907.57751
1783,11938.09509
1783.1,11877.05994
1783.2,11907.57751
1783.3,12727.73743
1783.4,12666.70227
1783.5,12666.70227
1783.6,12666.70227
1783.7,12636.18469
1783.8,11968.61267
1783.9,11938.09509
1784,11877.05994
1784.1,11877.05994
1784.2,11999.13025
1784.3,12727.73743
1784.4,12666.70227
1784.5,12666.70227
1784.6,12544.63196
1784.7,12697.21985
1784.8,11999.13025
1784.9,11817.93213
1785,11907.57751
1785.1,11817.93213
1785.2,11848.44971
1785.3,12788.77258
1785.4,12544.63196
1785.5,12575.14954
1785.6,12575.14954
1785.7,12666.70227
1785.8,11817.93213
1785.9,12029.64783
1786,11848.44971
1786.1,11968.61267
1786.2,11938.09509
1786.3,12788.77258
1786.4,12636.18469
1786.5,12636.18469
1786.6,12758.255
1786.7,12544.63196
1786.8,11907.57751
1786.9,11907.57751
1787,11907.57751
1787.1,11848.44971
1787.2,11877.05994
1787.3,12636.18469
1787.4,12727.73743
1787.5,12636.18469
1787.6,12636.18469
1787.7,12605.66711
1787.8,11817.93213
1787.9,11938.09509
1788,11968.61267
1788.1,11877.05994
1788.2,11907.57751
1788.3,12788.77258
1788.4,12636.18469
1788.5,12636.18469
1788.6,12605.66711
1788.7,12636.18469
1788.8,11877.05994
1788.9,11907.57751
1789,11938.09509
1789.1,11968.61267
1789.2,11938.09509
1789.3,12636.18469
1789.4,12636.18469
1789.5,12697.21985
1789.6,12727.73743
1789.7,12544.63196
1789.8,11907.57751
1789.9,12029.64783
1790,11907.57751
1790.1,11999.13025
1790.2,11968.61267
1790.3,12666.70227
1790.4,12636.18469
1790.5,12575.14954
1790.6,12697.21985
1790.7,12636.18469
1790.8,11968.61267
1790.9,11968.61267
1791,11877.05994
1791.1,11968.61267
1791.2,11877.05994
1791.3,12788.77258
1791.4,12636.18469
1791.5,12727.73743
1791.6,12605.66711
1791.7,12697.21985
1791.8,11938.09509
1791.9,11999.13025
1792,11968.61267
1792.1,11968.61267
1792.2,11877.05994
1792.3,12697.21985
1792.4,12636.18469
1792.5,12727.73743
1792.6,12636.18469
1792.7,12636.18469
1792.8,11938.09509
1792.9,11877.05994
1793,12060.16541
1793.1,11968.61267
1793.2,11999.13025
1793.3,12788.77258
1793.4,12666.70227
1793.5,12605.66711
1793.6,12636.18469
1793.7,12727.73743
1793.8,12060.16541
1793.9,12060.16541
1794,11938.09509
1794.1,11907.57751
1794.2,11907.57751
1794.3,12758.255
1794.4,12605.66711
1794.5,12758.255
1794.6,12605.66711
1794.7,12666.70227
1794.8,12029.64783
1794.9,12060.16541
1795,12060.16541
1795.1,12060.16541
1795.2,11907.57751
1795.3,12758.255
1795.4,12605.66711
1795.5,12636.18469
1795.6,12788.77258
1795.7,12636.18469
1795.8,12029.64783
1795.9,11938.09509
1796,12060.16541
1796.1,11907.57751
1796.2,11938.09509
1796.3,12819.29016
1796.4,12697.21985
1796.5,12847.90039
1796.6,12636.18469
1796.7,12636.18469
1796.8,12090.68298
1796.9,11938.09509
1797,11999.13025
1797.1,12060.16541
1797.2,11938.09509
1797.3,12758.255
1797.4,12758.255
1797.5,12697.21985
1797.6,12847.90039
1797.7,12819.29016
1797.8,11968.61267
1797.9,12029.64783
1798,12060.16541
1798.1,12060.16541
1798.2,11968.61267
1798.3,12727.73743
1798.4,12727.73743
1798.5,12758.255
1798.6,12666.70227
1798.7,12758.255
1798.8,12060.16541
1798.9,11999.13025
1799,12060.16541
1799.1,12029.64783
1799.2,12182.23572
1799.3,12666.70227
1799.4,12788.77258
1799.5,12666.70227
1799.6,12758.255
1799.7,12847.90039
1799.8,11938.09509
1799.9,11999.13025
1800,12090.68298
1800.1,12182.23572
1800.2,11968.61267
1800.3,12788.77258
1800.4,12727.73743
1800.5,12727.73743
1800.6,12758.255
1800.7,12847.90039
1800.8,12060.16541
1800.9,12060.16541
1801,11999.13025
1801.1,12060.16541
1801.2,11968.61267
1801.3,12788.77258
1801.4,12788.77258
1801.5,12758.255
1801.6,12758.255
1801.7,12666.70227
1801.8,11999.13025
1801.9,12121.20056
1802,12210.84595
1802.1,11968.61267
1802.2,12182.23572
1802.3,12788.77258
1802.4,12847.90039
1802.5,12758.255
1802.6,12788.77258
1802.7,12666.70227
1802.8,11968.61267
1802.9,12121.20056
1803,12182.23572
1803.1,12182.23572
1803.2,12182.23572
1803.3,12908.93555
1803.4,12819.29016
1803.5,12758.255
1803.6,12666.70227
1803.7,12758.255
1803.8,12029.64783
1803.9,12029.64783
1804,12090.68298
1804.1,12182.23572
1804.2,12182.23572
1804.3,12788.77258
1804.4,12758.255
1804.5,12788.77258
1804.6,12727.73743
1804.7,12758.255
1804.8,12121.20056
1804.9,12090.68298
1805,12090.68298
1805.1,12210.84595
1805.2,12090.68298
1805.3,12697.21985
1805.4,12788.77258
1805.5,12908.93555
1805.6,12666.70227
1805.7,12788.77258
1805.8,12090.68298
1805.9,12090.68298
1806,12060.16541
1806.1,12121.20056
1806.2,12210.84595
1806.3,12847.90039
1806.4,12666.70227
1806.5,12788.77258
1806.6,12788.77258
1806.7,12788.77258
1806.8,12090.68298
1806.9,12029.64783
1807,12029.64783
1807.1,12090.68298
1807.2,12182.23572
1807.3,12878.41797
1807.4,12666.70227
1807.5,12847.90039
1807.6,12758.255
1807.7,12878.41797
1807.8,12121.20056
1807.9,11999.13025
1808,12121.20056
1808.1,12060.16541
1808.2,12060.16541
1808.3,12758.255
1808.4,12847.90039
1808.5,12819.29016
1808.6,12878.41797
1808.7,12788.77258
1808.8,12121.20056
1808.9,11999.13025
1809,12210.84595
1809.1,12060.16541
1809.2,12090.68298
1809.3,12908.93555
1809.4,12788.77258
1809.5,12847.90039
1809.6,12788.77258
1809.7,12788.77258
1809.8,12210.84595
1809.9,12029.64783
1810,12029.64783
1810.1,11999.13025
1810.2,12029.64783
1810.3,12878.41797
1810.4,12788.77258
1810.5,12788.77258
1810.6,12847.90039
1810.7,12788.77258
1810.8,12060.16541
1810.9,12060.16541
1811,12029.64783
1811.1,11999.13025
1811.2,12090.68298
1811.3,12788.77258
1811.4,12819.29016
1811.5,12878.41797
1811.6,12697.21985
1811.7,12908.93555
1811.8,12121.20056
1811.9,12121.20056
1812,12182.23572
1812.1,12210.84595
1812.2,12121.20056
1812.3,12908.93555
1812.4,12727.73743
1812.5,12878.41797
1812.6,12847.90039
1812.7,12758.255
1812.8,12271.8811
1812.9,12182.23572
1813,12182.23572
1813.1,12029.64783
1813.2,12210.84595
1813.3,12939.45313
1813.4,12878.41797
1813.5,12758.255
1813.6,12847.90039
1813.7,12969.9707
1813.8,12210.84595
1813.9,12210.84595
1814,12271.8811
1814.1,12121.20056
1814.2,12182.23572
1814.3,12788.77258
1814.4,12969.9707
1814.5,12908.93555
1814.6,13031.00586
1814.7,13031.00586
1814.8,12121.20056
1814.9,12121.20056
1815,12241.36353
1815.1,12121.20056
1815.2,12121.20056
1815.3,12908.93555
1815.4,12939.45313
1815.5,12847.90039
1815.6,13000.48828
1815.7,13000.48828
1815.8,12210.84595
1815.9,12182.23572
1816,12271.8811
1816.1,12241.36353
1816.2,12151.71814
1816.3,13031.00586
1816.4,12908.93555
1816.5,13000.48828
1816.6,12939.45313
1816.7,13000.48828
1816.8,12151.71814
1816.9,12151.71814
1817,12332.91626
1817.1,12210.84595
1817.2,12060.16541
1817.3,13000.48828
1817.4,12939.45313
1817.5,13000.48828
1817.6,12939.45313
1817.7,12878.41797
1817.8,12302.39868
1817.9,12302.39868
1818,12302.39868
1818.1,12151.71814
1818.2,12151.71814
1818.3,13031.00586
1818.4,12939.45313
1818.5,12908.93555
1818.6,12969.9707
1818.7,13000.48828
1818.8,12271.8811
1818.9,12271.8811
1819,12121.20056
1819.1,12271.8811
1819.2,12151.71814
1819.3,13000.48828
1819.4,13000.48828
1819.5,13092.04102
1819.6,12969.9707
1819.7,13000.48828
1819.8,12210.84595
1819.9,12363.43384
1820,12302.39868
1820.1,12241.36353
1820.2,12271.8811
1820.3,13031.00586
1820.4,12908.93555
1820.5,13092.04102
1820.6,12939.45313
1820.7,13031.00586
1820.8,12302.39868
1820.9,12271.8811
1821,12241.36353
1821.1,12182.23572
1821.2,12363.43384
1821.3,12908.93555
1821.4,13000.48828
1821.5,12908.93555
1821.6,13000.48828
1821.7,13000.48828
1821.8,12151.71814
1821.9,12271.8811
1822,12271.8811
1822.1,12210.84595
1822.2,12271.8811
1822.3,13031.00586
1822.4,13031.00586
1822.5,13122.55859
1822.6,12908.93555
1822.7,13031.00586
1822.8,12302.39868
1822.9,12302.39868
1823,12363.43384
1823.1,12271.8811
1823.2,12271.8811
1823.3,13031.00586
1823.4,12939.45313
1823.5,13031.00586
1823.6,12908.93555
1823.7,13092.04102
1823.8,12241.36353
1823.9,12271.8811
1824,12302.39868
1824.1,12271.8811
1824.2,12363.43384
1824.3,13031.00586
1824.4,13092.04102
1824.5,12939.45313
1824.6,12939.45313
1824.7,13031.00586
1824.8,12332.91626
1824.9,12363.43384
1825,12271.8811
1825.1,12151.71814
1825.2,12332.91626
1825.3,13031.00586
1825.4,12939.45313
1825.5,12939.45313
1825.6,13092.04102
1825.7,13031.00586
1825.8,12271.8811
1825.9,12363.43384
1826,12210.84595
1826.1,12393.95142
1826.2,12424.46899
1826.3,13031.00586
1826.4,12969.9707
1826.5,13092.04102
1826.6,13031.00586
1826.7,13061.52344
1826.8,12332.91626
1826.9,12332.91626
1827,12363.43384
1827.1,12302.39868
1827.2,12210.84595
1827.3,12939.45313
1827.4,13092.04102
1827.5,13000.48828
1827.6,13061.52344
1827.7,12060.16541
1827.8,12393.95142
1827.9,12363.43384
1828,12271.8811
1828.1,12271.8811
1828.2,14366.1499
1828.3,13122.55859
1828.4,12939.45313
1828.5,12969.9707
1828.6,13000.48828
1828.7,12302.39868
1828.8,12302.39868
1828.9,12271.8811
1829,12210.84595
1829.1,12363.43384
1829.2,14486.31287
1829.3,13000.48828
1829.4,13092.04102
1829.5,13061.52344
1829.6,13092.04102
1829.7,12210.84595
1829.8,12271.8811
1829.9,12424.46899
1830,12210.84595
1830.1,12424.46899
1830.2,14305.11475
1830.3,13031.00586
1830.4,13031.00586
1830.5,13122.55859
1830.6,13092.04102
1830.7,12121.20056
1830.8,12302.39868
1830.9,12302.39868
1831,12332.91626
1831.1,12271.8811
1831.2,14366.1499
1831.3,13122.55859
1831.4,13092.04102
1831.5,13000.48828
1831.6,13181.6864
1831.7,12363.43384
1831.8,12302.39868
1831.9,12363.43384
1832,12363.43384
1832.1,12332.91626
1832.2,14396.66748
1832.3,13122.55859
1832.4,13092.04102
1832.5,13092.04102
1832.6,13153.07617
1832.7,12241.36353
1832.8,12302.39868
1832.9,12363.43384
1833,12363.43384
1833.1,12332.91626
1833.2,14123.91663
1833.3,13122.55859
1833.4,13092.04102
1833.5,13122.55859
1833.6,13092.04102
1833.7,12241.36353
1833.8,12393.95142
1833.9,12393.95142
1834,12332.91626
1834.1,12332.91626
1834.2,14001.84631
1834.3,13122.55859
1834.4,13092.04102
1834.5,13031.00586
1834.6,13092.04102
1834.7,12393.95142
1834.8,12454.98657
1834.9,12424.46899
1835,12363.43384
1835.1,12454.98657
1835.2,13910.29358
1835.3,13153.07617
1835.4,13092.04102
1835.5,13122.55859
1835.6,13153.07617
1835.7,12302.39868
1835.8,12393.95142
1835.9,12424.46899
1836,12302.39868
1836.1,12485.50415
1836.2,13879.776
1836.3,13092.04102
1836.4,13181.6864
1836.5,13153.07617
1836.6,13153.07617
1836.7,12121.20056
1836.8,12363.43384
1836.9,12363.43384
1837,12454.98657
1837.1,12393.95142
1837.2,13879.776
1837.3,13031.00586
1837.4,13181.6864
1837.5,13122.55859
1837.6,13181.6864
1837.7,12514.11438
1837.8,12302.39868
1837.9,12302.39868
1838,12393.95142
1838.1,12424.46899
1838.2,13698.57788
1838.3,13031.00586
1838.4,13242.72156
1838.5,13242.72156
1838.6,13061.52344
1838.7,12424.46899
1838.8,12393.95142
1838.9,12393.95142
1839,12393.95142
1839.1,12302.39868
1839.2,13668.0603
1839.3,13212.20398
1839.4,13153.07617
1839.5,13092.04102
1839.6,13031.00586
1839.7,12454.98657
1839.8,12454.98657
1839.9,12424.46899
1840,12424.46899
1840.1,12332.91626
1840.2,13576.50757
1840.3,13181.6864
1840.4,13212.20398
1840.5,13122.55859
1840.6,13122.55859
1840.7,12424.46899
1840.8,12393.95142
1840.9,12332.91626
1841,12332.91626
1841.1,12544.63196
1841.2,13637.54272
1841.3,13122.55859
1841.4,13242.72156
1841.5,13122.55859
1841.6,13212.20398
1841.7,12363.43384
1841.8,12363.43384
1841.9,12544.63196
1842,12514.11438
1842.1,12363.43384
1842.2,13668.0603
1842.3,13181.6864
1842.4,13122.55859
1842.5,13061.52344
1842.6,13181.6864
1842.7,12424.46899
1842.8,12514.11438
1842.9,12514.11438
1843,12393.95142
1843.1,12393.95142
1843.2,13425.82703
1843.3,13181.6864
1843.4,13153.07617
1843.5,13181.6864
1843.6,13153.07617
1843.7,12393.95142
1843.8,12514.11438
1843.9,12514.11438
1844,12544.63196
1844.1,12454.98657
1844.2,13576.50757
1844.3,13181.6864
1844.4,13153.07617
1844.5,13181.6864
1844.6,13092.04102
1844.7,12514.11438
1844.8,12544.63196
1844.9,12393.95142
1845,12514.11438
1845.1,12544.63196
1845.2,13545.98999
1845.3,13092.04102
1845.4,13212.20398
1845.5,13273.23914
1845.6,13273.23914
1845.7,12544.63196
1845.8,12485.50415
1845.9,12514.11438
1846,12454.98657
1846.1,12393.95142
1846.2,13484.95483
1846.3,13212.20398
1846.4,13273.23914
1846.5,13122.55859
1846.6,13212.20398
1846.7,12514.11438
1846.8,12485.50415
1846.9,12485.50415
1847,12544.63196
1847.1,12514.11438
1847.2,13515.47241
1847.3,13273.23914
1847.4,13273.23914
1847.5,13153.07617
1847.6,13122.55859
1847.7,12514.11438
1847.8,12544.63196
1847.9,12485.50415
1848,12544.63196
1848.1,12544.63196
1848.2,13364.79187
1848.3,13181.6864
1848.4,13212.20398
1848.5,13242.72156
1848.6,13212.20398
1848.7,12605.66711
1848.8,12514.11438
1848.9,12424.46899
1849,12424.46899
1849.1,12514.11438
1849.2,13364.79187
1849.3,13181.6864
1849.4,13303.75671
1849.5,13242.72156
1849.6,13242.72156
1849.7,12424.46899
1849.8,12454.98657
1849.9,12424.46899
1850,12454.98657
1850.1,12514.11438
1850.2,13364.79187
1850.3,13212.20398
1850.4,13181.6864
1850.5,13242.72156
1850.6,13122.55859
1850.7,12454.98657
1850.8,12636.18469
1850.9,12393.95142
1851,12424.46899
1851.1,12605.66711
1851.2,13334.27429
1851.3,13212.20398
1851.4,13122.55859
1851.5,13273.23914
1851.6,13122.55859
1851.7,12544.63196
1851.8,12544.63196
1851.9,12424.46899
1852,12485.50415
1852.1,12424.46899
1852.2,13515.47241
1852.3,13181.6864
1852.4,13334.27429
1852.5,13242.72156
1852.6,13303.75671
1852.7,12544.63196
1852.8,12636.18469
1852.9,12544.63196
1853,12454.98657
1853.1,12424.46899
1853.2,13425.82703
1853.3,13364.79187
1853.4,13153.07617
1853.5,13153.07617
1853.6,13273.23914
1853.7,12544.63196
1853.8,12605.66711
1853.9,12575.14954
1854,12544.63196
1854.1,12424.46899
1854.2,13395.30945
1854.3,13273.23914
1854.4,13242.72156
1854.5,13303.75671
1854.6,13212.20398
1854.7,12514.11438
1854.8,12605.66711
1854.9,12605.66711
1855,12485.50415
1855.1,12544.63196
1855.2,13334.27429
1855.3,13273.23914
1855.4,13181.6864
1855.5,13303.75671
1855.6,13303.75671
1855.7,12605.66711
1855.8,12454.98657
1855.9,12485.50415
1856,12454.98657
1856.1,12575.14954
1856.2,13303.75671
1856.3,13334.27429
1856.4,13334.27429
1856.5,13181.6864
1856.6,13273.23914
1856.7,12514.11438
1856.8,12454.98657
1856.9,12575.14954
1857,12544.63196
1857.1,12454.98657
1857.2,13425.82703
1857.3,13303.75671
1857.4,13273.23914
1857.5,13273.23914
1857.6,13242.72156
1857.7,12636.18469
1857.8,12575.14954
1857.9,12454.98657
1858,12514.11438
1858.1,12485.50415
1858.2,13364.79187
1858.3,13242.72156
1858.4,13273.23914
1858.5,13181.6864
1858.6,13181.6864
1858.7,12605.66711
1858.8,12666.70227
1858.9,12544.63196
1859,12636.18469
1859.1,12514.11438
1859.2,13515.47241
1859.3,13303.75671
1859.4,13181.6864
1859.5,13334.27429
1859.6,13303.75671
1859.7,12605.66711
1859.8,12605.66711
1859.9,12605.66711
1860,12575.14954
1860.1,12485.50415
1860.2,13364.79187
1860.3,13273.23914
1860.4,13334.27429
1860.5,13303.75671
1860.6,13303.75671
1860.7,12575.14954
1860.8,12636.18469
1860.9,12575.14954
1861,12605.66711
1861.1,12636.18469
1861.2,13395.30945
1861.3,13242.72156
1861.4,13425.82703
1861.5,13334.27429
1861.6,13212.20398
1861.7,12666.70227
1861.8,12544.63196
1861.9,12636.18469
1862,12666.70227
1862.1,12636.18469
1862.2,13395.30945
1862.3,13334.27429
1862.4,13395.30945
1862.5,13273.23914
1862.6,13395.30945
1862.7,12575.14954
1862.8,12636.18469
1862.9,12666.70227
1863,12605.66711
1863.1,12544.63196
1863.2,13484.95483
1863.3,13395.30945
1863.4,13242.72156
1863.5,13212.20398
1863.6,13364.79187
1863.7,12636.18469
1863.8,12605.66711
1863.9,12544.63196
1864,12666.70227
1864.1,12544.63196
1864.2,13425.82703
1864.3,13334.27429
1864.4,13212.20398
1864.5,13395.30945
1864.6,13364.79187
1864.7,12605.66711
1864.8,12727.73743
1864.9,12666.70227
1865,12666.70227
1865.1,12697.21985
1865.2,13425.82703
1865.3,13273.23914
1865.4,13303.75671
1865.5,13242.72156
1865.6,13395.30945
1865.7,12605.66711
1865.8,12605.66711
1865.9,12666.70227
1866,12666.70227
1866.1,12575.14954
1866.2,13303.75671
1866.3,13364.79187
1866.4,13303.75671
1866.5,13242.72156
1866.6,13395.30945
1866.7,12544.63196
1866.8,12727.73743
1866.9,12666.70227
1867,12697.21985
1867.1,12666.70227
1867.2,13484.95483
1867.3,13334.27429
1867.4,13364.79187
1867.5,13334.27429
1867.6,13303.75671
1867.7,12666.70227
1867.8,12697.21985
1867.9,12666.70227
1868,12605.66711
1868.1,12605.66711
1868.2,13425.82703
1868.3,13425.82703
1868.4,13273.23914
1868.5,13395.30945
1868.6,13484.95483
1868.7,12636.18469
1868.8,12758.255
1868.9,12636.18469
1869,12636.18469
1869.1,12666.70227
1869.2,13364.79187
1869.3,13395.30945
1869.4,13303.75671
1869.5,13334.27429
1869.6,13364.79187
1869.7,12636.18469
1869.8,12636.18469
1869.9,12758.255
1870,12697.21985
1870.1,12727.73743
1870.2,13425.82703
1870.3,13303.75671
1870.4,13395.30945
1870.5,13242.72156
1870.6,13425.82703
1870.7,12605.66711
1870.8,12575.14954
1870.9,12666.70227
1871,12666.70227
1871.1,12636.18469
1871.2,13484.95483
1871.3,13364.79187
1871.4,13364.79187
1871.5,13395.30945
1871.6,13425.82703
1871.7,12666.70227
1871.8,12697.21985
1871.9,12697.21985
1872,12605.66711
1872.1,12758.255
1872.2,13364.79187
1872.3,13395.30945
1872.4,13395.30945
1872.5,13484.95483
1872.6,13425.82703
1872.7,12788.77258
1872.8,12788.77258
1872.9,12697.21985
1873,12758.255
1873.1,12636.18469
1873.2,13515.47241
1873.3,13515.47241
1873.4,13395.30945
1873.5,13334.27429
1873.6,13484.95483
1873.7,12697.21985
1873.8,12758.255
1873.9,12727.73743
1874,12697.21985
1874.1,12758.255
1874.2,13484.95483
1874.3,13395.30945
1874.4,13334.27429
1874.5,13425.82703
1874.6,13456.3446
1874.7,12697.21985
1874.8,12727.73743
1874.9,12727.73743
1875,12636.18469
1875.1,12758.255
1875.2,13515.47241
1875.3,13484.95483
1875.4,13395.30945
1875.5,13395.30945
1875.6,13334.27429
1875.7,12758.255
1875.8,12697.21985
1875.9,12636.18469
1876,12636.18469
1876.1,12697.21985
1876.2,13576.50757
1876.3,13334.27429
1876.4,13425.82703
1876.5,13515.47241
1876.6,13515.47241
1876.7,12666.70227
1876.8,12697.21985
1876.9,12636.18469
1877,12697.21985
1877.1,12788.77258
1877.2,13515.47241
1877.3,13425.82703
1877.4,13364.79187
1877.5,13515.47241
1877.6,13364.79187
1877.7,12636.18469
1877.8,12758.255
1877.9,12636.18469
1878,12727.73743
1878.1,12636.18469
1878.2,13364.79187
1878.3,13425.82703
1878.4,13334.27429
1878.5,13425.82703
1878.6,13484.95483
1878.7,12636.18469
1878.8,12697.21985
1878.9,12819.29016
1879,12636.18469
1879.1,12727.73743
1879.2,13364.79187
1879.3,13456.3446
1879.4,13395.30945
1879.5,13425.82703
1879.6,13456.3446
1879.7,12847.90039
1879.8,12758.255
1879.9,12666.70227
1880,12666.70227
1880.1,12788.77258
1880.2,13515.47241
1880.3,13395.30945
1880.4,13364.79187
1880.5,13364.79187
1880.6,13456.3446
1880.7,12697.21985
1880.8,12788.77258
1880.9,12788.77258
1881,12697.21985
1881.1,12758.255
1881.2,13484.95483
1881.3,13515.47241
1881.4,13484.95483
1881.5,13425.82703
1881.6,13484.95483
1881.7,12697.21985
1881.8,12758.255
1881.9,12636.18469
1882,12727.73743
1882.1,12727.73743
1882.2,13545.98999
1882.3,13515.47241
1882.4,13576.50757
1882.5,13425.82703
1882.6,13395.30945
1882.7,12758.255
1882.8,12847.90039
1882.9,12788.77258
1883,12788.77258
1883.1,12697.21985
1883.2,13515.47241
1883.3,13395.30945
1883.4,13364.79187
1883.5,13484.95483
1883.6,13425.82703
1883.7,12847.90039
1883.8,12758.255
1883.9,12666.70227
1884,12758.255
1884.1,12666.70227
1884.2,13515.47241
1884.3,13395.30945
1884.4,13607.02515
1884.5,13395.30945
1884.6,13515.47241
1884.7,12908.93555
1884.8,12878.41797
1884.9,12727.73743
1885,12758.255
1885.1,12758.255
1885.2,13515.47241
1885.3,13484.95483
1885.4,13395.30945
1885.5,13545.98999
1885.6,13515.47241
1885.7,12788.77258
1885.8,12666.70227
1885.9,12847.90039
1886,12727.73743
1886.1,12697.21985
1886.2,13576.50757
1886.3,13484.95483
1886.4,13395.30945
1886.5,13545.98999
1886.6,13515.47241
1886.7,12697.21985
1886.8,12788.77258
1886.9,12758.255
1887,12758.255
1887.1,12727.73743
1887.2,13395.30945
1887.3,13576.50757
1887.4,13515.47241
1887.5,13484.95483
1887.6,13576.50757
1887.7,12697.21985
1887.8,12697.21985
1887.9,12758.255
1888,12908.93555
1888.1,12788.77258
1888.2,13545.98999
1888.3,13395.30945
1888.4,13515.47241
1888.5,13515.47241
1888.6,13484.95483
1888.7,12758.255
1888.8,12819.29016
1888.9,12788.77258
1889,12727.73743
1889.1,12758.255
1889.2,13545.98999
1889.3,13395.30945
1889.4,13515.47241
1889.5,13515.47241
1889.6,13484.95483
1889.7,12878.41797
1889.8,12847.90039
1889.9,12847.90039
1890,12788.77258
1890.1,12758.255
1890.2,13545.98999
1890.3,13484.95483
1890.4,13425.82703
1890.5,13637.54272
1890.6,13425.82703
1890.7,12758.255
1890.8,12697.21985
1890.9,12788.77258
1891,12878.41797
1891.1,12878.41797
1891.2,13515.47241
1891.3,13576.50757
1891.4,13515.47241
1891.5,13515.47241
1891.6,13515.47241
1891.7,12788.77258
1891.8,12727.73743
1891.9,12878.41797
1892,12847.90039
1892.1,12788.77258
1892.2,13515.47241
1892.3,13425.82703
1892.4,13637.54272
1892.5,13545.98999
1892.6,13456.3446
1892.7,12847.90039
1892.8,12847.90039
1892.9,12758.255
1893,12819.29016
1893.1,12727.73743
1893.2,13484.95483
1893.3,13425.82703
1893.4,13637.54272
1893.5,13637.54272
1893.6,13545.98999
1893.7,12847.90039
1893.8,12788.77258
1893.9,12847.90039
1894,12819.29016
1894.1,12819.29016
1894.2,13576.50757
1894.3,13515.47241
1894.4,13607.02515
1894.5,13484.95483
1894.6,13484.95483
1894.7,12819.29016
1894.8,12788.77258
1894.9,12758.255
1895,12788.77258
1895.1,12847.90039
1895.2,13637.54272
1895.3,13607.02515
1895.4,13576.50757
1895.5,13545.98999
1895.6,13515.47241
1895.7,12758.255
1895.8,12788.77258
1895.9,12819.29016
1896,12908.93555
1896.1,12969.9707
1896.2,13515.47241
1896.3,13515.47241
1896.4,13484.95483
1896.5,13515.47241
1896.6,13576.50757
1896.7,12819.29016
1896.8,12908.93555
1896.9,12847.90039
1897,12788.77258
1897.1,12819.29016
1897.2,13456.3446
1897.3,13484.95483
1897.4,13576.50757
1897.5,13607.02515
1897.6,13576.50757
1897.7,12908.93555
1897.8,12878.41797
1897.9,12847.90039
1898,12788.77258
1898.1,12727.73743
1898.2,13484.95483
1898.3,13637.54272
1898.4,13456.3446
1898.5,13637.54272
1898.6,13637.54272
1898.7,12758.255
1898.8,12758.255
1898.9,12788.77258
1899,12819.29016
1899.1,12727.73743
1899.2,13484.95483
1899.3,13545.98999
1899.4,13637.54272
1899.5,13484.95483
1899.6,13456.3446
1899.7,12758.255
1899.8,12908.93555
1899.9,12847.90039
1900,12847.90039
1900.1,12758.255
1900.2,13637.54272
1900.3,13456.3446
1900.4,13545.98999
1900.5,13515.47241
1900.6,13607.02515
1900.7,12878.41797
1900.8,12847.90039
1900.9,12847.90039
1901,12878.41797
1901.1,12819.29016
1901.2,13607.02515
1901.3,13545.98999
1901.4,13484.95483
1901.5,13637.54272
1901.6,12727.73743
1901.7,12939.45313
1901.8,12788.77258
1901.9,12788.77258
1902,12788.77258
1902.1,12847.90039
1902.2,13668.0603
1902.3,13515.47241
1902.4,13576.50757
1902.5,13515.47241
1902.6,12758.255
1902.7,12878.41797
1902.8,12878.41797
1902.9,12819.29016
1903,12819.29016
1903.1,14881.13403
1903.2,13576.50757
1903.3,13484.95483
1903.4,13668.0603
1903.5,13698.57788
1903.6,12666.70227
1903.7,12788.77258
1903.8,12878.41797
1903.9,12878.41797
1904,12758.255
1904.1,14789.5813
1904.2,13515.47241
1904.3,13515.47241
1904.4,13637.54272
1904.5,13698.57788
1904.6,12636.18469
1904.7,12819.29016
1904.8,12788.77258
1904.9,12939.45313
1905,12878.41797
1905.1,14881.13403
1905.2,13576.50757
1905.3,13576.50757
1905.4,13515.47241
1905.5,13637.54272
1905.6,12788.77258
1905.7,12819.29016
1905.8,12788.77258
1905.9,12908.93555
1906,12878.41797
1906.1,14972.68677
1906.2,13515.47241
1906.3,13698.57788
1906.4,13515.47241
1906.5,13576.50757
1906.6,12788.77258
1906.7,12908.93555
1906.8,12819.29016
1906.9,12939.45313
1907,12847.90039
1907.1,14881.13403
1907.2,13729.09546
1907.3,13607.02515
1907.4,13637.54272
1907.5,13698.57788
1907.6,12758.255
1907.7,12908.93555
1907.8,12878.41797
1907.9,12788.77258
1908,12788.77258
1908.1,14730.45349
1908.2,13668.0603
1908.3,13515.47241
1908.4,13698.57788
1908.5,13515.47241
1908.6,12758.255
1908.7,12819.29016
1908.8,12908.93555
1908.9,12969.9707
1909,12847.90039
1909.1,14486.31287
1909.2,13698.57788
1909.3,13668.0603
1909.4,13637.54272
1909.5,13668.0603
1909.6,12697.21985
1909.7,12939.45313
1909.8,12847.90039
1909.9,12908.93555
1910,12819.29016
1910.1,14486.31287
1910.2,13607.02515
1910.3,13576.50757
1910.4,13668.0603
1910.5,13576.50757
1910.6,12727.73743
1910.7,12908.93555
1910.8,12878.41797
1910.9,12847.90039
1911,13031.00586
1911.1,14305.11475
1911.2,13637.54272
1911.3,13607.02515
1911.4,13698.57788
1911.5,13576.50757
1911.6,12727.73743
1911.7,12847.90039
1911.8,12969.9707
1911.9,12847.90039
1912,12878.41797
1912.1,14396.66748
1912.2,13637.54272
1912.3,13607.02515
1912.4,13545.98999
1912.5,13637.54272
1912.6,12847.90039
1912.7,12939.45313
1912.8,13031.00586
1912.9,12908.93555
1913,12908.93555
1913.1,14213.56201
1913.2,13637.54272
1913.3,13668.0603
1913.4,13545.98999
1913.5,13668.0603
1913.6,12939.45313
1913.7,12819.29016
1913.8,12878.41797
1913.9,12939.45313
1914,12847.90039
1914.1,14093.39905
1914.2,13637.54272
1914.3,13607.02515
1914.4,13637.54272
1914.5,13698.57788
1914.6,13031.00586
1914.7,12969.9707
1914.8,13031.00586
1914.9,12847.90039
1915,12878.41797
1915.1,14152.52686
1915.2,13576.50757
1915.3,13729.09546
1915.4,13637.54272
1915.5,13576.50757
1915.6,12969.9707
1915.7,12969.9707
1915.8,12969.9707
1915.9,12847.90039
1916,13031.00586
1916.1,14152.52686
1916.2,13759.61304
1916.3,13576.50757
1916.4,13637.54272
1916.5,13576.50757
1916.6,13000.48828
1916.7,12908.93555
1916.8,12847.90039
1916.9,12969.9707
1917,13031.00586
1917.1,14152.52686
1917.2,13576.50757
1917.3,13698.57788
1917.4,13607.02515
1917.5,13668.0603
1917.6,12908.93555
1917.7,12878.41797
1917.8,12969.9707
1917.9,13031.00586
1918,12969.9707
1918.1,14123.91663
1918.2,13637.54272
1918.3,13729.09546
1918.4,13729.09546
1918.5,13729.09546
1918.6,13031.00586
1918.7,12969.9707
1918.8,12969.9707
1918.9,13031.00586
1919,12908.93555
1919.1,14093.39905
1919.2,13668.0603
1919.3,13668.0603
1919.4,13698.57788
1919.5,13729.09546
1919.6,13061.52344
1919.7,12878.41797
1919.8,12878.41797
1919.9,12969.9707
1920,13000.48828
1920.1,13910.29358
1920.2,13668.0603
1920.3,13607.02515
1920.4,13668.0603
1920.5,13698.57788
1920.6,13092.04102
1920.7,13031.00586
1920.8,13000.48828
1920.9,13000.48828
1921,12908.93555
1921.1,14123.91663
1921.2,13790.13062
1921.3,13759.61304
1921.4,13729.09546
1921.5,13668.0603
1921.6,12969.9707
1921.7,12969.9707
1921.8,13000.48828
1921.9,13031.00586
1922,13031.00586
1922.1,14001.84631
1922.2,13729.09546
1922.3,13637.54272
1922.4,13607.02515
1922.5,13729.09546
1922.6,13122.55859
1922.7,13031.00586
1922.8,12939.45313
1922.9,13000.48828
1923,13000.48828
1923.1,13971.32874
1923.2,13759.61304
1923.3,13729.09546
1923.4,13790.13062
1923.5,13818.74084
1923.6,13092.04102
1923.7,13061.52344
1923.8,13000.48828
1923.9,12939.45313
1924,13061.52344
1924.1,14062.88147
1924.2,13729.09546
1924.3,13759.61304
1924.4,13790.13062
1924.5,13668.0603
1924.6,13000.48828
1924.7,13000.48828
1924.8,13031.00586
1924.9,13061.52344
1925,13031.00586
1925.1,14062.88147
1925.2,13668.0603
1925.3,13818.74084
1925.4,13790.13062
1925.5,13818.74084
1925.6,13031.00586
1925.7,13061.52344
1925.8,13092.04102
1925.9,12908.93555
1926,13061.52344
1926.1,14001.84631
1926.2,13759.61304
1926.3,13818.74084
1926.4,13637.54272
1926.5,13759.61304
1926.6,12939.45313
1926.7,12939.45313
1926.8,13122.55859
1926.9,13031.00586
1927,13000.48828
1927.1,13910.29358
1927.2,13818.74084
1927.3,13668.0603
1927.4,13668.0603
1927.5,13668.0603
1927.6,13000.48828
1927.7,12939.45313
1927.8,13122.55859
1927.9,12908.93555
1928,12969.9707
1928.1,13879.776
1928.2,13698.57788
1928.3,13729.09546
1928.4,13637.54272
1928.5,13637.54272
1928.6,12939.45313
1928.7,13092.04102
1928.8,13061.52344
1928.9,13061.52344
1929,13031.00586
1929.1,13940.81116
1929.2,13849.25842
1929.3,13759.61304
1929.4,13818.74084
1929.5,13729.09546
1929.6,12969.9707
1929.7,13092.04102
1929.8,13000.48828
1929.9,13153.07617
1930,12939.45313
1930.1,13818.74084
1930.2,13759.61304
1930.3,13849.25842
1930.4,13790.13062
1930.5,13759.61304
1930.6,13153.07617
1930.7,12939.45313
1930.8,13061.52344
1930.9,13122.55859
1931,12939.45313
1931.1,13940.81116
1931.2,13759.61304
1931.3,13668.0603
1931.4,13637.54272
1931.5,13668.0603
1931.6,13000.48828
1931.7,13122.55859
1931.8,13092.04102
1931.9,13092.04102
1932,13122.55859
1932.1,13818.74084
1932.2,13698.57788
1932.3,13818.74084
1932.4,13698.57788
1932.5,13759.61304
1932.6,13061.52344
1932.7,13122.55859
1932.8,13031.00586
1932.9,13092.04102
1933,13031.00586
1933.1,13879.776
1933.2,13818.74084
1933.3,13818.74084
1933.4,13849.25842
1933.5,13818.74084
1933.6,13122.55859
1933.7,13153.07617
1933.8,13153.07617
1933.9,13153.07617
1934,13122.55859
1934.1,14032.36389
1934.2,13729.09546
1934.3,13879.776
1934.4,13759.61304
1934.5,13759.61304
1934.6,13031.00586
1934.7,13122.55859
1934.8,13153.07617
1934.9,13061.52344
1935,13092.04102
1935.1,13940.81116
1935.2,13729.09546
1935.3,13849.25842
1935.4,13910.29358
1935.5,13879.776
1935.6,13061.52344
1935.7,13153.07617
1935.8,13153.07617
1935.9,13181.6864
1936,13122.55859
1936.1,13940.81116
1936.2,13818.74084
1936.3,13818.74084
1936.4,13849.25842
1936.5,13818.74084
1936.6,13122.55859
1936.7,13092.04102
1936.8,13092.04102
1936.9,13153.07617
1937,13122.55859
1937.1,13879.776
1937.2,13879.776
1937.3,13879.776
1937.4,13849.25842
1937.5,13818.74084
1937.6,13153.07617
1937.7,13061.52344
1937.8,13000.48828
1937.9,13031.00586
1938,13000.48828
1938.1,13940.81116
1938.2,13698.57788
1938.3,13910.29358
1938.4,13729.09546
1938.5,13729.09546
1938.6,13092.04102
1938.7,13153.07617
1938.8,13122.55859
1938.9,13122.55859
1939,13031.00586
1939.1,13879.776
1939.2,13759.61304
1939.3,13818.74084
1939.4,13790.13062
1939.5,13879.776
1939.6,13031.00586
1939.7,13092.04102
1939.8,13092.04102
1939.9,13242.72156
1940,13122.55859
1940.1,13971.32874
1940.2,13818.74084
1940.3,13729.09546
1940.4,13849.25842
1940.5,13849.25842
1940.6,13031.00586
1940.7,13092.04102
1940.8,13181.6864
1940.9,13122.55859
1941,13031.00586
1941.1,13971.32874
1941.2,13879.776
1941.3,13849.25842
1941.4,13818.74084
1941.5,13790.13062
1941.6,13212.20398
1941.7,13122.55859
1941.8,13212.20398
1941.9,13242.72156
1942,13122.55859
1942.1,13849.25842
1942.2,13818.74084
1942.3,13879.776
1942.4,13879.776
1942.5,13910.29358
1942.6,13181.6864
1942.7,13092.04102
1942.8,13031.00586
1942.9,13122.55859
1943,13092.04102
1943.1,13940.81116
1943.2,13790.13062
1943.3,13759.61304
1943.4,13879.776
1943.5,13790.13062
1943.6,13181.6864
1943.7,13212.20398
1943.8,13122.55859
1943.9,13061.52344
1944,13212.20398
1944.1,13910.29358
1944.2,13910.29358
1944.3,13849.25842
1944.4,13849.25842
1944.5,13910.29358
1944.6,13181.6864
1944.7,13122.55859
1944.8,13153.07617
1944.9,13212.20398
1945,13122.55859
1945.1,13940.81116
1945.2,13910.29358
1945.3,13879.776
1945.4,13971.32874
1945.5,13879.776
1945.6,13092.04102
1945.7,13092.04102
1945.8,13242.72156
1945.9,13092.04102
1946,13181.6864
1946.1,14001.84631
1946.2,14001.84631
1946.3,14001.84631
1946.4,13790.13062
1946.5,13818.74084
1946.6,13122.55859
1946.7,13122.55859
1946.8,13273.23914
1946.9,13212.20398
1947,13273.23914
1947.1,14001.84631
1947.2,13971.32874
1947.3,13910.29358
1947.4,13818.74084
1947.5,13849.25842
1947.6,13303.75671
1947.7,13242.72156
1947.8,13181.6864
1947.9,13212.20398
1948,13242.72156
1948.1,14062.88147
1948.2,13879.776
1948.3,13818.74084
1948.4,13849.25842
1948.5,13940.81116
1948.6,13122.55859
1948.7,13273.23914
1948.8,13181.6864
1948.9,13242.72156
1949,13212.20398
1949.1,14001.84631
1949.2,13971.32874
1949.3,13879.776
1949.4,13879.776
1949.5,13940.81116
1949.6,13242.72156
1949.7,13334.27429
1949.8,13212.20398
1949.9,13273.23914
1950,13212.20398
1950.1,13910.29358
1950.2,13940.81116
1950.3,14062.88147
1950.4,13910.29358
1950.5,14062.88147
1950.6,13273.23914
1950.7,13181.6864
1950.8,13153.07617
1950.9,13212.20398
1951,13242.72156
1951.1,14062.88147
1951.2,13940.81116
1951.3,14001.84631
1951.4,13940.81116
1951.5,14032.36389
1951.6,13122.55859
1951.7,13242.72156
1951.8,13242.72156
1951.9,13181.6864
1952,13181.6864
1952.1,14093.39905
1952.2,13879.776
1952.3,13940.81116
1952.4,13940.81116
1952.5,13879.776
1952.6,13153.07617
1952.7,13273.23914
1952.8,13181.6864
1952.9,13212.20398
1953,13303.75671
1953.1,13940.81116
1953.2,13940.81116
1953.3,14032.36389
1953.4,14062.88147
1953.5,13910.29358
1953.6,13212.20398
1953.7,13242.72156
1953.8,13212.20398
1953.9,13242.72156
1954,13273.23914
1954.1,13971.32874
1954.2,14123.91663
1954.3,14001.84631
1954.4,14001.84631
1954.5,13910.29358
1954.6,13273.23914
1954.7,13153.07617
1954.8,13273.23914
1954.9,13181.6864
1955,13273.23914
1955.1,13971.32874
1955.2,13971.32874
1955.3,14001.84631
1955.4,13879.776
1955.5,13879.776
1955.6,13273.23914
1955.7,13334.27429
1955.8,13242.72156
1955.9,13242.72156
1956,13334.27429
1956.1,14001.84631
1956.2,14001.84631
1956.3,14093.39905
1956.4,14001.84631
1956.5,13940.81116
1956.6,13242.72156
1956.7,13181.6864
1956.8,13273.23914
1956.9,13181.6864
1957,13334.27429
1957.1,14001.84631
1957.2,13910.29358
1957.3,14062.88147
1957.4,14062.88147
1957.5,14062.88147
1957.6,13181.6864
1957.7,13364.79187
1957.8,13242.72156
1957.9,13273.23914
1958,13181.6864
1958.1,14001.84631
1958.2,13940.81116
1958.3,13940.81116
1958.4,13879.776
1958.5,13910.29358
1958.6,13273.23914
1958.7,13364.79187
1958.8,13334.27429
1958.9,13334.27429
1959,13334.27429
1959.1,14032.36389
1959.2,14001.84631
1959.3,14093.39905
1959.4,13910.29358
1959.5,13910.29358
1959.6,13334.27429
1959.7,13334.27429
1959.8,13242.72156
1959.9,13303.75671
1960,13181.6864
1960.1,13940.81116
1960.2,14123.91663
1960.3,14123.91663
1960.4,14062.88147
1960.5,14001.84631
1960.6,13364.79187
1960.7,13303.75671
1960.8,13273.23914
1960.9,13273.23914
1961,13273.23914
1961.1,14032.36389
1961.2,14062.88147
1961.3,14123.91663
1961.4,13971.32874
1961.5,14001.84631
1961.6,13242.72156
1961.7,13395.30945
1961.8,13303.75671
1961.9,13242.72156
1962,13334.27429
1962.1,14123.91663
1962.2,13971.32874
1962.3,14123.91663
1962.4,13971.32874
1962.5,14001.84631
1962.6,13242.72156
1962.7,13334.27429
1962.8,13242.72156
1962.9,13303.75671
1963,13181.6864
1963.1,13940.81116
1963.2,14032.36389
1963.3,14001.84631
1963.4,13971.32874
1963.5,14001.84631
1963.6,13212.20398
1963.7,13212.20398
1963.8,13242.72156
1963.9,13334.27429
1964,13334.27429
1964.1,14093.39905
1964.2,14062.88147
1964.3,13971.32874
1964.4,14123.91663
1964.5,13971.32874
1964.6,13364.79187
1964.7,13395.30945
1964.8,13273.23914
1964.9,13242.72156
1965,13242.72156
1965.1,14152.52686
1965.2,14001.84631
1965.3,14062.88147
1965.4,14062.88147
1965.5,14032.36389
1965.6,13364.79187
1965.7,13242.72156
1965.8,13273.23914
1965.9,13364.79187
1966,13273.23914
1966.1,14001.84631
1966.2,14032.36389
1966.3,14062.88147
1966.4,13971.32874
1966.5,13940.81116
1966.6,13334.27429
1966.7,13242.72156
1966.8,13242.72156
1966.9,13273.23914
1967,13242.72156
1967.1,14062.88147
1967.2,13971.32874
1967.3,14152.52686
1967.4,14123.91663
1967.5,14062.88147
1967.6,13395.30945
1967.7,13212.20398
1967.8,13212.20398
1967.9,13242.72156
1968,13242.72156
1968.1,13971.32874
1968.2,14032.36389
1968.3,14062.88147
1968.4,14093.39905
1968.5,14123.91663
1968.6,13273.23914
1968.7,13364.79187
1968.8,13395.30945
1968.9,13334.27429
1969,13334.27429
1969.1,14152.52686
1969.2,14093.39905
1969.3,14093.39905
1969.4,14001.84631
1969.5,14093.39905
1969.6,13334.27429
1969.7,13334.27429
1969.8,13395.30945
1969.9,13395.30945
1970,13364.79187
1970.1,14032.36389
1970.2,14093.39905
1970.3,14152.52686
1970.4,14001.84631
1970.5,14152.52686
1970.6,13273.23914
1970.7,13425.82703
1970.8,13334.27429
1970.9,13242.72156
1971,13364.79187
1971.1,14001.84631
1971.2,14093.39905
1971.3,14183.04443
1971.4,13971.32874
1971.5,14062.88147
1971.6,13364.79187
1971.7,13273.23914
1971.8,13303.75671
1971.9,13364.79187
1972,13395.30945
1972.1,14032.36389
1972.2,14123.91663
1972.3,14123.91663
1972.4,14123.91663
1972.5,14123.91663
1972.6,13395.30945
1972.7,13364.79187
1972.8,13364.79187
1972.9,13273.23914
1973,13334.27429
1973.1,14123.91663
1973.2,14062.88147
1973.3,14123.91663
1973.4,14152.52686
1973.5,14152.52686
1973.6,13364.79187
1973.7,13364.79187
1973.8,13242.72156
1973.9,13334.27429
1974,13395.30945
1974.1,14152.52686
1974.2,14093.39905
1974.3,14001.84631
1974.4,14183.04443
1974.5,14062.88147
1974.6,13395.30945
1974.7,13425.82703
1974.8,13425.82703
1974.9,13334.27429
1975,13273.23914
1975.1,14123.91663
1975.2,14062.88147
1975.3,14213.56201
1975.4,14213.56201
1975.5,14001.84631
1975.6,13303.75671
1975.7,13364.79187
1975.8,13395.30945
1975.9,13456.3446
1976,13334.27429
1976.1,14032.36389
1976.2,14152.52686
1976.3,14152.52686
1976.4,14123.91663
1976.5,14213.56201
1976.6,13364.79187
1976.7,13425.82703
1976.8,13364.79187
1976.9,13456.3446
1977,13364.79187
1977.1,14213.56201
1977.2,14062.88147
1977.3,14213.56201
1977.4,14152.52686
1977.5,14093.39905
1977.6,13395.30945
1977.7,13395.30945
1977.8,13425.82703
1977.9,13334.27429
1978,13395.30945
1978.1,14123.91663
1978.2,14032.36389
1978.3,14032.36389
1978.4,14123.91663
1978.5,13181.6864
1978.6,13395.30945
1978.7,13334.27429
1978.8,13303.75671
1978.9,13364.79187
1979,15487.6709
1979.1,14183.04443
1979.2,14213.56201
1979.3,14062.88147
1979.4,14123.91663
1979.5,13181.6864
1979.6,13425.82703
1979.7,13395.30945
1979.8,13395.30945
1979.9,13456.3446
1980,15518.18848
1980.1,14062.88147
1980.2,14123.91663
1980.3,14123.91663
1980.4,14123.91663
1980.5,13242.72156
1980.6,13456.3446
1980.7,13395.30945
1980.8,13395.30945
1980.9,13334.27429
1981,15367.50793
1981.1,14152.52686
1981.2,14213.56201
1981.3,14244.07959
1981.4,14183.04443
1981.5,13364.79187
1981.6,13395.30945
1981.7,13425.82703
1981.8,13456.3446
1981.9,13395.30945
1982,15457.15332
1982.1,14123.91663
1982.2,14183.04443
1982.3,14062.88147
1982.4,14123.91663
1982.5,13181.6864
1982.6,13364.79187
1982.7,13334.27429
1982.8,13273.23914
1982.9,13395.30945
1983,15457.15332
1983.1,14093.39905
1983.2,14062.88147
1983.3,14123.91663
1983.4,14123.91663
1983.5,13242.72156
1983.6,13425.82703
1983.7,13425.82703
1983.8,13395.30945
1983.9,13395.30945
1984,15398.02551
1984.1,14152.52686
1984.2,14244.07959
1984.3,14062.88147
1984.4,14062.88147
1984.5,13334.27429
1984.6,13364.79187
1984.7,13425.82703
1984.8,13456.3446
1984.9,13364.79187
1985,15094.75708
1985.1,14093.39905
1985.2,14062.88147
1985.3,14152.52686
1985.4,14093.39905
1985.5,13364.79187
1985.6,13364.79187
1985.7,13364.79187
1985.8,13364.79187
1985.9,13456.3446
1986,15094.75708
1986.1,14183.04443
1986.2,14093.39905
1986.3,14213.56201
1986.4,14244.07959
1986.5,13242.72156
1986.6,13484.95483
1986.7,13484.95483
1986.8,13395.30945
1986.9,13364.79187
1987,15094.75708
1987.1,14213.56201
1987.2,14244.07959
1987.3,14244.07959
1987.4,14244.07959
1987.5,13242.72156
1987.6,13364.79187
1987.7,13484.95483
1987.8,13364.79187
1987.9,13395.30945
1988,14911.65161
1988.1,14183.04443
1988.2,14274.59717
1988.3,14244.07959
1988.4,14274.59717
1988.5,13242.72156
1988.6,13425.82703
1988.7,13395.30945
1988.8,13425.82703
1988.9,13334.27429
1989,14789.5813
1989.1,14152.52686
1989.2,14152.52686
1989.3,14213.56201
1989.4,14244.07959
1989.5,13545.98999
1989.6,13456.3446
1989.7,13425.82703
1989.8,13425.82703
1989.9,13515.47241
1990,14760.97107
1990.1,14183.04443
1990.2,14244.07959
1990.3,14093.39905
1990.4,14093.39905
1990.5,13395.30945
1990.6,13425.82703
1990.7,13456.3446
1990.8,13456.3446
1990.9,13576.50757
1991,14760.97107
1991.1,14213.56201
1991.2,14213.56201
1991.3,14213.56201
1991.4,14152.52686
1991.5,13425.82703
1991.6,13395.30945
1991.7,13515.47241
1991.8,13484.95483
1991.9,13515.47241
1992,14789.5813
1992.1,14123.91663
1992.2,14093.39905
1992.3,14305.11475
1992.4,14123.91663
1992.5,13576.50757
1992.6,13515.47241
1992.7,13484.95483
1992.8,13576.50757
1992.9,13545.98999
1993,14699.93591
1993.1,14123.91663
1993.2,14213.56201
1993.3,14152.52686
1993.4,14152.52686
1993.5,13484.95483
1993.6,13545.98999
1993.7,13515.47241
1993.8,13395.30945
1993.9,13545.98999
1994,14547.34802
1994.1,14152.52686
1994.2,14335.63232
1994.3,14213.56201
1994.4,14366.1499
1994.5,13515.47241
1994.6,13425.82703
1994.7,13425.82703
1994.8,13515.47241
1994.9,13395.30945
1995,14608.38318
1995.1,14152.52686
1995.2,14213.56201
1995.3,14213.56201
1995.4,14305.11475
1995.5,13484.95483
1995.6,13515.47241
1995.7,13515.47241
1995.8,13515.47241
1995.9,13637.54272
1996,14669.41833
1996.1,14366.1499
1996.2,14244.07959
1996.3,14244.07959
1996.4,14244.07959
1996.5,13515.47241
1996.6,13515.47241
1996.7,13515.47241
1996.8,13484.95483
1996.9,13515.47241
1997,14577.8656
1997.1,14335.63232
1997.2,14244.07959
1997.3,14366.1499
1997.4,14305.11475
1997.5,13425.82703
1997.6,13456.3446
1997.7,13576.50757
1997.8,13425.82703
1997.9,13637.54272
1998,14577.8656
1998.1,14366.1499
1998.2,14305.11475
1998.3,14274.59717
1998.4,14335.63232
1998.5,13484.95483
1998.6,13456.3446
1998.7,13545.98999
1998.8,13576.50757
1998.9,13515.47241
1999,14608.38318
1999.1,14183.04443
1999.2,14305.11475
1999.3,14305.11475
1999.4,14244.07959
1999.5,13545.98999
1999.6,13545.98999
1999.7,13576.50757
1999.8,13607.02515
1999.9,13484.95483
2000,14577.8656
2000.1,14244.07959
2000.2,14244.07959
2000.3,14213.56201
2000.4,14305.11475
2000.5,13456.3446
2000.6,13576.50757
2000.7,13607.02515
2000.8,13484.95483
2000.9,13545.98999
2001,14455.79529
2001.1,14366.1499
2001.2,14274.59717
2001.3,14213.56201
2001.4,14305.11475
2001.5,13576.50757
2001.6,13637.54272
2001.7,13607.02515
2001.8,13668.0603
2001.9,13637.54272
2002,14608.38318
2002.1,14335.63232
2002.2,14335.63232
2002.3,14305.11475
2002.4,14305.11475
2002.5,13576.50757
2002.6,13515.47241
2002.7,13607.02515
2002.8,13484.95483
2002.9,13484.95483
2003,14516.83044
2003.1,14335.63232
2003.2,14335.63232
2003.3,14396.66748
2003.4,14366.1499
2003.5,13637.54272
2003.6,13515.47241
2003.7,13515.47241
2003.8,13607.02515
2003.9,13515.47241
2004,14366.1499
2004.1,14335.63232
2004.2,14213.56201
2004.3,14396.66748
2004.4,14213.56201
2004.5,13607.02515
2004.6,13515.47241
2004.7,13637.54272
2004.8,13607.02515
2004.9,13637.54272
2005,14396.66748
2005.1,14305.11475
2005.2,14396.66748
2005.3,14396.66748
2005.4,14335.63232
2005.5,13668.0603
2005.6,13637.54272
2005.7,13576.50757
2005.8,13637.54272
2005.9,13607.02515
2006,14577.8656
2006.1,14244.07959
2006.2,14366.1499
2006.3,14455.79529
2006.4,14335.63232
2006.5,13668.0603
2006.6,13637.54272
2006.7,13545.98999
2006.8,13637.54272
2006.9,13607.02515
2007,14547.34802
2007.1,14244.07959
2007.2,14244.07959
2007.3,14335.63232
2007.4,14366.1499
2007.5,13759.61304
2007.6,13637.54272
2007.7,13637.54272
2007.8,13668.0603
2007.9,13576.50757
2008,14577.8656
2008.1,14366.1499
2008.2,14427.18506
2008.3,14274.59717
2008.4,14244.07959
2008.5,13698.57788
2008.6,13637.54272
2008.7,13637.54272
2008.8,13607.02515
2008.9,13668.0603
2009,14455.79529
2009.1,14305.11475
2009.2,14366.1499
2009.3,14335.63232
2009.4,14396.66748
2009.5,13729.09546
2009.6,13545.98999
2009.7,13576.50757
2009.8,13515.47241
2009.9,13545.98999
2010,14396.66748
2010.1,14305.11475
2010.2,14274.59717
2010.3,14366.1499
2010.4,14305.11475
2010.5,13759.61304
2010.6,13668.0603
2010.7,13637.54272
2010.8,13668.0603
2010.9,13607.02515
2011,14427.18506
2011.1,14427.18506
2011.2,14366.1499
2011.3,14335.63232
2011.4,14366.1499
2011.5,13576.50757
2011.6,13607.02515
2011.7,13698.57788
2011.8,13637.54272
2011.9,13576.50757
2012,14427.18506
2012.1,14455.79529
2012.2,14366.1499
2012.3,14335.63232
2012.4,14335.63232
2012.5,13668.0603
2012.6,13607.02515
2012.7,13698.57788
2012.8,13607.02515
2012.9,13576.50757
2013,14455.79529
2013.1,14305.11475
2013.2,14335.63232
2013.3,14427.18506
2013.4,14366.1499
2013.5,13698.57788
2013.6,13607.02515
2013.7,13668.0603
2013.8,13668.0603
2013.9,13729.09546
2014,14455.79529
2014.1,14486.31287
2014.2,14396.66748
2014.3,14486.31287
2014.4,14335.63232
2014.5,13637.54272
2014.6,13729.09546
2014.7,13637.54272
2014.8,13698.57788
2014.9,13698.57788
2015,14577.8656
2015.1,14335.63232
2015.2,14335.63232
2015.3,14516.83044
2015.4,14366.1499
2015.5,13729.09546
2015.6,13729.09546
2015.7,13698.57788
2015.8,13729.09546
2015.9,13729.09546
2016,14516.83044
2016.1,14486.31287
2016.2,14366.1499
2016.3,14396.66748
2016.4,14396.66748
2016.5,13759.61304
2016.6,13790.13062
2016.7,13759.61304
2016.8,13637.54272
2016.9,13698.57788
2017,14577.8656
2017.1,14427.18506
2017.2,14455.79529
2017.3,14427.18506
2017.4,14366.1499
2017.5,13668.0603
2017.6,13790.13062
2017.7,13637.54272
2017.8,13790.13062
2017.9,13668.0603
2018,14396.66748
2018.1,14486.31287
2018.2,14486.31287
2018.3,14547.34802
2018.4,14547.34802
2018.5,13759.61304
2018.6,13818.74084
2018.7,13698.57788
2018.8,13668.0603
2018.9,13759.61304
2019,14516.83044
2019.1,14547.34802
2019.2,14366.1499
2019.3,14547.34802
2019.4,14455.79529
2019.5,13818.74084
2019.6,13759.61304
2019.7,13790.13062
2019.8,13849.25842
2019.9,13790.13062
2020,14608.38318
2020.1,14455.79529
2020.2,14335.63232
2020.3,14366.1499
2020.4,14427.18506
2020.5,13637.54272
2020.6,13698.57788
2020.7,13698.57788
2020.8,13668.0603
2020.9,13668.0603
2021,14486.31287
2021.1,14486.31287
2021.2,14427.18506
2021.3,14486.31287
2021.4,14486.31287
2021.5,13759.61304
2021.6,13790.13062
2021.7,13698.57788
2021.8,13637.54272
2021.9,13637.54272
2022,14486.31287
2022.1,14455.79529
2022.2,14486.31287
2022.3,14455.79529
2022.4,14366.1499
2022.5,13698.57788
2022.6,13729.09546
2022.7,13759.61304
2022.8,13729.09546
2022.9,13698.57788
2023,14516.83044
2023.1,14396.66748
2023.2,14516.83044
2023.3,14516.83044
2023.4,14455.79529
2023.5,13759.61304
2023.6,13759.61304
2023.7,13668.0603
2023.8,13818.74084
2023.9,13698.57788
2024,14577.8656
2024.1,14486.31287
2024.2,14486.31287
2024.3,14516.83044
2024.4,14427.18506
2024.5,13729.09546
2024.6,13759.61304
2024.7,13759.61304
2024.8,13759.61304
2024.9,13698.57788
2025,14608.38318
2025.1,14396.66748
2025.2,14608.38318
2025.3,14455.79529
2025.4,14486.31287
2025.5,13879.776
2025.6,13759.61304
2025.7,13698.57788
2025.8,13790.13062
2025.9,13729.09546
2026,14516.83044
2026.1,14577.8656
2026.2,14608.38318
2026.3,14396.66748
2026.4,14608.38318
2026.5,13818.74084
2026.6,13759.61304
2026.7,13729.09546
2026.8,13729.09546
2026.9,13729.09546
2027,14608.38318
2027.1,14486.31287
2027.2,14608.38318
2027.3,14577.8656
2027.4,14516.83044
2027.5,13759.61304
2027.6,13790.13062
2027.7,13879.776
2027.8,13729.09546
2027.9,13729.09546
2028,14547.34802
2028.1,14396.66748
2028.2,14577.8656
2028.3,14577.8656
2028.4,14427.18506
2028.5,13729.09546
2028.6,13668.0603
2028.7,13759.61304
2028.8,13729.09546
2028.9,13849.25842
2029,14547.34802
2029.1,14455.79529
2029.2,14516.83044
2029.3,14577.8656
2029.4,14547.34802
2029.5,13729.09546
2029.6,13818.74084
2029.7,13759.61304
2029.8,13759.61304
2029.9,13759.61304
2030,14608.38318
2030.1,14516.83044
2030.2,14547.34802
2030.3,14547.34802
2030.4,14516.83044
2030.5,13729.09546
2030.6,13818.74084
2030.7,13790.13062
2030.8,13790.13062
2030.9,13849.25842
2031,14577.8656
2031.1,14547.34802
2031.2,14547.34802
2031.3,14516.83044
2031.4,14547.34802
2031.5,13910.29358
2031.6,13818.74084
2031.7,13879.776
2031.8,13698.57788
2031.9,13759.61304
2032,14608.38318
2032.1,14547.34802
2032.2,14455.79529
2032.3,14608.38318
2032.4,14577.8656
2032.5,13790.13062
2032.6,13790.13062
2032.7,13759.61304
2032.8,13879.776
2032.9,13759.61304
2033,14577.8656
2033.1,14577.8656
2033.2,14669.41833
2033.3,14547.34802
2033.4,14547.34802
2033.5,13910.29358
2033.6,13849.25842
2033.7,13818.74084
2033.8,13729.09546
2033.9,13790.13062
2034,14638.90076
2034.1,14516.83044
2034.2,14516.83044
2034.3,14486.31287
2034.4,14547.34802
2034.5,13879.776
2034.6,13759.61304
2034.7,13790.13062
2034.8,13759.61304
2034.9,13849.25842
2035,14516.83044
2035.1,14547.34802
2035.2,14577.8656
2035.3,14455.79529
2035.4,14455.79529
2035.5,13910.29358
2035.6,13818.74084
2035.7,13910.29358
2035.8,13729.09546
2035.9,13818.74084
2036,14516.83044
2036.1,14669.41833
2036.2,14577.8656
2036.3,14486.31287
2036.4,14638.90076
2036.5,13759.61304
2036.6,13849.25842
2036.7,13849.25842
2036.8,13759.61304
2036.9,13849.25842
2037,14608.38318
2037.1,14486.31287
2037.2,14669.41833
2037.3,14455.79529
2037.4,14577.8656
2037.5,13849.25842
2037.6,13879.776
2037.7,13759.61304
2037.8,13849.25842
2037.9,13849.25842
2038,14669.41833
2038.1,14608.38318
2038.2,14608.38318
2038.3,14608.38318
2038.4,14516.83044
2038.5,13879.776
2038.6,13790.13062
2038.7,13879.776
2038.8,13879.776
2038.9,13879.776
2039,14577.8656
2039.1,14516.83044
2039.2,14547.34802
2039.3,14577.8656
2039.4,14516.83044
2039.5,13910.29358
2039.6,13910.29358
2039.7,13879.776
2039.8,13849.25842
2039.9,13940.81116
2040,14669.41833
2040.1,14547.34802
2040.2,14577.8656
2040.3,14516.83044
2040.4,14577.8656
2040.5,14001.84631
2040.6,13940.81116
2040.7,13849.25842
2040.8,13879.776
2040.9,13910.29358
2041,14577.8656
2041.1,14547.34802
2041.2,14547.34802
2041.3,14730.45349
2041.4,14608.38318
2041.5,13879.776
2041.6,13971.32874
2041.7,13910.29358
2041.8,13879.776
2041.9,13879.776
2042,14608.38318
2042.1,14516.83044
2042.2,14699.93591
2042.3,14608.38318
2042.4,14516.83044
2042.5,13849.25842
2042.6,13971.32874
2042.7,13910.29358
2042.8,13971.32874
2042.9,13818.74084
2043,14608.38318
2043.1,14547.34802
2043.2,14608.38318
2043.3,14486.31287
2043.4,14608.38318
2043.5,13818.74084
2043.6,13910.29358
2043.7,13910.29358
2043.8,13849.25842
2043.9,13849.25842
2044,14547.34802
2044.1,14669.41833
2044.2,14547.34802
2044.3,14608.38318
2044.4,14608.38318
2044.5,14001.84631
2044.6,14001.84631
2044.7,13879.776
2044.8,13849.25842
2044.9,13940.81116
2045,14638.90076
2045.1,14577.8656
2045.2,14547.34802
2045.3,14730.45349
2045.4,14730.45349
2045.5,13879.776
2045.6,13910.29358
2045.7,13879.776
2045.8,13849.25842
2045.9,13849.25842
2046,14699.93591
2046.1,14730.45349
2046.2,14638.90076
2046.3,14608.38318
2046.4,14638.90076
2046.5,13818.74084
2046.6,13971.32874
2046.7,13849.25842
2046.8,13879.776
2046.9,13879.776
2047,14699.93591
2047.1,14577.8656
2047.2,14730.45349
2047.3,14577.8656
2047.4,14730.45349
2047.5,13971.32874
2047.6,13940.81116
2047.7,13910.29358
2047.8,13879.776
2047.9,13940.81116
2048,14699.93591
2048.1,14730.45349
2048.2,14638.90076
2048.3,14608.38318
2048.4,14730.45349
2048.5,13971.32874
2048.6,13971.32874
2048.7,13940.81116
2048.8,13971.32874
2048.9,13971.32874
2049,14699.93591
2049.1,14789.5813
2049.2,14577.8656
2049.3,14669.41833
2049.4,14669.41833
2049.5,14062.88147
2049.6,13971.32874
2049.7,13971.32874
2049.8,14001.84631
2049.9,14001.84631
2050,14608.38318
2050.1,14699.93591
2050.2,14820.09888
2050.3,14730.45349
2050.4,14608.38318
2050.5,14032.36389
2050.6,13910.29358
2050.7,13940.81116
2050.8,14001.84631
2050.9,14001.84631
2051,14699.93591
2051.1,14638.90076
2051.2,14699.93591
2051.3,14730.45349
2051.4,14669.41833
2051.5,14001.84631
2051.6,13910.29358
2051.7,13879.776
2051.8,14001.84631
2051.9,13879.776
2052,14789.5813
2052.1,14820.09888
2052.2,14760.97107
2052.3,14820.09888
2052.4,14730.45349
2052.5,13910.29358
2052.6,14001.84631
2052.7,14001.84631
2052.8,13910.29358
2052.9,14032.36389
2053,14669.41833
2053.1,14850.61646
2053.2,14699.93591
2053.3,14730.45349
2053.4,13879.776
2053.5,14062.88147
2053.6,14032.36389
2053.7,13940.81116
2053.8,14123.91663
2053.9,16246.79565
2054,14669.41833
2054.1,14699.93591
2054.2,14760.97107
2054.3,14789.5813
2054.4,13790.13062
2054.5,14032.36389
2054.6,14152.52686
2054.7,13971.32874
2054.8,14062.88147
2054.9,16155.24292
2055,14789.5813
2055.1,14789.5813
2055.2,14789.5813
2055.3,14881.13403
2055.4,13818.74084
2055.5,14001.84631
2055.6,14001.84631
2055.7,13971.32874
2055.8,13940.81116
2055.9,16185.7605
2056,14730.45349
2056.1,14760.97107
2056.2,14850.61646
2056.3,14850.61646
2056.4,14032.36389
2056.5,14032.36389
2056.6,14001.84631
2056.7,14001.84631
2056.8,13971.32874
2056.9,16277.31323
2057,14760.97107
2057.1,14881.13403
2057.2,14820.09888
2057.3,14789.5813
2057.4,13849.25842
2057.5,14062.88147
2057.6,14001.84631
2057.7,14062.88147
2057.8,13971.32874
2057.9,16094.20776
2058,14789.5813
2058.1,14850.61646
2058.2,14850.61646
2058.3,14820.09888
2058.4,13971.32874
2058.5,14093.39905
2058.6,14032.36389
2058.7,14123.91663
2058.8,14062.88147
2058.9,16065.59753
2059,14820.09888
2059.1,14850.61646
2059.2,14850.61646
2059.3,14881.13403
2059.4,13879.776
2059.5,14062.88147
2059.6,14123.91663
2059.7,14032.36389
2059.8,14001.84631
2059.9,15913.00964
2060,14881.13403
2060.1,14911.65161
2060.2,14730.45349
2060.3,14820.09888
2060.4,13879.776
2060.5,14032.36389
2060.6,14001.84631
2060.7,14001.84631
2060.8,14093.39905
2060.9,15640.25879
2061,14820.09888
2061.1,14881.13403
2061.2,14730.45349
2061.3,14850.61646
2061.4,14001.84631
2061.5,14123.91663
2061.6,13971.32874
2061.7,14123.91663
2061.8,14183.04443
2061.9,15760.42175
2062,14942.16919
2062.1,14881.13403
2062.2,14850.61646
2062.3,14789.5813
2062.4,14001.84631
2062.5,14062.88147
2062.6,14183.04443
2062.7,14062.88147
2062.8,14123.91663
2062.9,15640.25879
2063,14820.09888
2063.1,14881.13403
2063.2,14942.16919
2063.3,14911.65161
2063.4,13940.81116
2063.5,14152.52686
2063.6,14152.52686
2063.7,14032.36389
2063.8,14123.91663
2063.9,15457.15332
2064,14972.68677
2064.1,14942.16919
2064.2,14911.65161
2064.3,14850.61646
2064.4,14032.36389
2064.5,14032.36389
2064.6,14062.88147
2064.7,14062.88147
2064.8,14152.52686
2064.9,15457.15332
2065,14881.13403
2065.1,14911.65161
2065.2,14881.13403
2065.3,14820.09888
2065.4,14093.39905
2065.5,14032.36389
2065.6,14001.84631
2065.7,14093.39905
2065.8,14123.91663
2065.9,15336.99036
2066,15003.20435
2066.1,14911.65161
2066.2,14881.13403
2066.3,14881.13403
2066.4,14183.04443
2066.5,14093.39905
2066.6,14183.04443
2066.7,14152.52686
2066.8,14244.07959
2066.9,15367.50793
2067,14820.09888
2067.1,14942.16919
2067.2,14850.61646
2067.3,14972.68677
2067.4,14183.04443
2067.5,14123.91663
2067.6,14093.39905
2067.7,14183.04443
2067.8,14152.52686
2067.9,15245.43762
2068,14942.16919
2068.1,14911.65161
2068.2,14942.16919
2068.3,14972.68677
2068.4,14123.91663
2068.5,14152.52686
2068.6,14093.39905
2068.7,14123.91663
2068.8,14093.39905
2068.9,15184.40247
2069,14820.09888
2069.1,14881.13403
2069.2,14820.09888
2069.3,15003.20435
2069.4,14213.56201
2069.5,14062.88147
2069.6,14093.39905
2069.7,14062.88147
2069.8,14123.91663
2069.9,15275.9552
2070,14820.09888
2070.1,14942.16919
2070.2,14972.68677
2070.3,14881.13403
2070.4,14123.91663
2070.5,14274.59717
2070.6,14152.52686
2070.7,14305.11475
2070.8,14093.39905
2070.9,15275.9552
2071,14881.13403
2071.1,15033.72192
2071.2,14942.16919
2071.3,15003.20435
2071.4,14244.07959
2071.5,14244.07959
2071.6,14152.52686
2071.7,14305.11475
2071.8,14093.39905
2071.9,15336.99036
2072,14850.61646
2072.1,14850.61646
2072.2,14942.16919
2072.3,14820.09888
2072.4,14305.11475
2072.5,14183.04443
2072.6,14213.56201
2072.7,14152.52686
2072.8,14183.04443
2072.9,15275.9552
2073,14972.68677
2073.1,14942.16919
2073.2,14911.65161
2073.3,15033.72192
2073.4,14274.59717
2073.5,14213.56201
2073.6,14183.04443
2073.7,14244.07959
2073.8,14152.52686
2073.9,15214.92004
2074,15003.20435
2074.1,14972.68677
2074.2,14972.68677
2074.3,14881.13403
2074.4,14183.04443
2074.5,14213.56201
2074.6,14183.04443
2074.7,14213.56201
2074.8,14183.04443
2074.9,15245.43762
2075,14881.13403
2075.1,14942.16919
2075.2,14942.16919
2075.3,14942.16919
2075.4,14152.52686
2075.5,14152.52686
2075.6,14213.56201
2075.7,14152.52686
2075.8,14183.04443
2075.9,15153.88489
2076,14972.68677
2076.1,15033.72192
2076.2,14942.16919
2076.3,14850.61646
2076.4,14152.52686
2076.5,14213.56201
2076.6,14213.56201
2076.7,14305.11475
2076.8,14244.07959
2076.9,15123.36731
2077,14881.13403
2077.1,14850.61646
2077.2,15003.20435
2077.3,14972.68677
2077.4,14152.52686
2077.5,14274.59717
2077.6,14213.56201
2077.7,14152.52686
2077.8,14335.63232
2077.9,15094.75708
2078,15064.2395
2078.1,15064.2395
2078.2,15003.20435
2078.3,14942.16919
2078.4,14335.63232
2078.5,14213.56201
2078.6,14366.1499
2078.7,14335.63232
2078.8,14335.63232
2078.9,15064.2395
2079,15094.75708
2079.1,15064.2395
2079.2,15003.20435
2079.3,15094.75708
2079.4,14152.52686
2079.5,14183.04443
2079.6,14244.07959
2079.7,14244.07959
2079.8,14244.07959
2079.9,15184.40247
2080,15094.75708
2080.1,15003.20435
2080.2,14911.65161
2080.3,15064.2395
2080.4,14213.56201
2080.5,14152.52686
2080.6,14183.04443
2080.7,14244.07959
2080.8,14213.56201
2080.9,15064.2395
2081,15094.75708
2081.1,15003.20435
2081.2,14942.16919
2081.3,15094.75708
2081.4,14274.59717
2081.5,14305.11475
2081.6,14183.04443
2081.7,14244.07959
2081.8,14274.59717
2081.9,15153.88489
2082,15094.75708
2082.1,15033.72192
2082.2,14972.68677
2082.3,14972.68677
2082.4,14244.07959
2082.5,14274.59717
2082.6,14305.11475
2082.7,14244.07959
2082.8,14274.59717
2082.9,15064.2395
2083,15094.75708
2083.1,14942.16919
2083.2,15003.20435
2083.3,15033.72192
2083.4,14396.66748
2083.5,14244.07959
2083.6,14213.56201
2083.7,14366.1499
2083.8,14244.07959
2083.9,15064.2395
2084,15094.75708
2084.1,15064.2395
2084.2,15123.36731
2084.3,15033.72192
2084.4,14213.56201
2084.5,14244.07959
2084.6,14366.1499
2084.7,14366.1499
2084.8,14305.11475
2084.9,15153.88489
2085,15094.75708
2085.1,15123.36731
2085.2,14972.68677
2085.3,15064.2395
2085.4,14213.56201
2085.5,14366.1499
2085.6,14213.56201
2085.7,14366.1499
2085.8,14274.59717
2085.9,15153.88489
2086,15003.20435
2086.1,15033.72192
2086.2,15184.40247
2086.3,15123.36731
2086.4,14213.56201
2086.5,14244.07959
2086.6,14213.56201
2086.7,14335.63232
2086.8,14335.63232
2086.9,15123.36731
2087,15033.72192
2087.1,14972.68677
2087.2,15094.75708
2087.3,15094.75708
2087.4,14396.66748
2087.5,14366.1499
2087.6,14305.11475
2087.7,14213.56201
2087.8,14213.56201
2087.9,15123.36731
2088,15064.2395
2088.1,15123.36731
2088.2,15153.88489
2088.3,15003.20435
2088.4,14213.56201
2088.5,14335.63232
2088.6,14274.59717
2088.7,14213.56201
2088.8,14274.59717
2088.9,15214.92004
2089,15094.75708
2089.1,15184.40247
2089.2,15003.20435
2089.3,15123.36731
2089.4,14305.11475
2089.5,14396.66748
2089.6,14274.59717
2089.7,14244.07959
2089.8,14305.11475
2089.9,15123.36731
2090,14972.68677
2090.1,15033.72192
2090.2,14972.68677
2090.3,14972.68677
2090.4,14335.63232
2090.5,14335.63232
2090.6,14335.63232
2090.7,14244.07959
2090.8,14366.1499
2090.9,15184.40247
2091,15033.72192
2091.1,15094.75708
2091.2,15153.88489
2091.3,15153.88489
2091.4,14244.07959
2091.5,14274.59717
2091.6,14366.1499
2091.7,14427.18506
2091.8,14396.66748
2091.9,15094.75708
2092,15003.20435
2092.1,15153.88489
2092.2,15123.36731
2092.3,15064.2395
2092.4,14335.63232
2092.5,14335.63232
2092.6,14274.59717
2092.7,14366.1499
2092.8,14335.63232
2092.9,15184.40247
2093,15064.2395
2093.1,15184.40247
2093.2,15033.72192
2093.3,15033.72192
2093.4,14335.63232
2093.5,14305.11475
2093.6,14427.18506
2093.7,14335.63232
2093.8,14305.11475
2093.9,15064.2395
2094,15214.92004
2094.1,15123.36731
2094.2,15064.2395
2094.3,15033.72192
2094.4,14396.66748
2094.5,14486.31287
2094.6,14486.31287
2094.7,14396.66748
2094.8,14366.1499
2094.9,15245.43762
2095,15153.88489
2095.1,15064.2395
2095.2,15094.75708
2095.3,15184.40247
2095.4,14455.79529
2095.5,14427.18506
2095.6,14366.1499
2095.7,14427.18506
2095.8,14396.66748
2095.9,15275.9552
2096,15214.92004
2096.1,15184.40247
2096.2,15064.2395
2096.3,15214.92004
2096.4,14335.63232
2096.5,14305.11475
2096.6,14366.1499
2096.7,14366.1499
2096.8,14455.79529
2096.9,15184.40247
2097,15184.40247
2097.1,15214.92004
2097.2,15153.88489
2097.3,15123.36731
2097.4,14396.66748
2097.5,14305.11475
2097.6,14366.1499
2097.7,14335.63232
2097.8,14335.63232
2097.9,15094.75708
2098,15123.36731
2098.1,15033.72192
2098.2,15153.88489
2098.3,15064.2395
2098.4,14455.79529
2098.5,14305.11475
2098.6,14335.63232
2098.7,14366.1499
2098.8,14335.63232
2098.9,15184.40247
2099,15123.36731
2099.1,15064.2395
2099.2,15033.72192
2099.3,15153.88489
2099.4,14335.63232
2099.5,14427.18506
2099.6,14366.1499
2099.7,14366.1499
2099.8,14427.18506
2099.9,15184.40247
2100,15123.36731
2100.1,15184.40247
2100.2,15184.40247
2100.3,15184.40247
2100.4,14335.63232
2100.5,14486.31287
2100.6,14455.79529
2100.7,14427.18506
2100.8,14396.66748
2100.9,15275.9552
2101,15184.40247
2101.1,15064.2395
2101.2,15153.88489
2101.3,15153.88489
2101.4,14305.11475
2101.5,14486.31287
2101.6,14427.18506
2101.7,14455.79529
2101.8,14396.66748
2101.9,15153.88489
2102,15064.2395
2102.1,15214.92004
2102.2,15094.75708
2102.3,15184.40247
2102.4,14335.63232
2102.5,14335.63232
2102.6,14516.83044
2102.7,14516.83044
2102.8,14366.1499
2102.9,15306.47278
2103,15306.47278
2103.1,15184.40247
2103.2,15245.43762
2103.3,15245.43762
2103.4,14366.1499
2103.5,14335.63232
2103.6,14335.63232
2103.7,14516.83044
2103.8,14335.63232
2103.9,15214.92004
2104,15184.40247
2104.1,15184.40247
2104.2,15184.40247
2104.3,15184.40247
2104.4,14366.1499
2104.5,14516.83044
2104.6,14427.18506
2104.7,14427.18506
2104.8,14366.1499
2104.9,15275.9552
2105,15214.92004
2105.1,15123.36731
2105.2,15094.75708
2105.3,15123.36731
2105.4,14486.31287
2105.5,14396.66748
2105.6,14427.18506
2105.7,14455.79529
2105.8,14335.63232
2105.9,15275.9552
2106,15275.9552
2106.1,15184.40247
2106.2,15184.40247
2106.3,15094.75708
2106.4,14486.31287
2106.5,14547.34802
2106.6,14486.31287
2106.7,14366.1499
2106.8,14486.31287
2106.9,15214.92004
2107,15094.75708
2107.1,15214.92004
2107.2,15123.36731
2107.3,15184.40247
2107.4,14486.31287
2107.5,14396.66748
2107.6,14486.31287
2107.7,14335.63232
2107.8,14366.1499
2107.9,15184.40247
2108,15306.47278
2108.1,15336.99036
2108.2,15184.40247
2108.3,15336.99036
2108.4,14366.1499
2108.5,14396.66748
2108.6,14486.31287
2108.7,14366.1499
2108.8,14516.83044
2108.9,15184.40247
2109,15306.47278
2109.1,15153.88489
2109.2,15214.92004
2109.3,15336.99036
2109.4,14547.34802
2109.5,14547.34802
2109.6,14577.8656
2109.7,14516.83044
2109.8,14577.8656
2109.9,15275.9552
2110,15275.9552
2110.1,15275.9552
2110.2,15275.9552
2110.3,15275.9552
2110.4,14608.38318
2110.5,14396.66748
2110.6,14366.1499
2110.7,14547.34802
2110.8,14396.66748
2110.9,15275.9552
2111,15123.36731
2111.1,15184.40247
2111.2,15336.99036
2111.3,15153.88489
2111.4,14547.34802
2111.5,14547.34802
2111.6,14516.83044
2111.7,14396.66748
2111.8,14516.83044
2111.9,15306.47278
2112,15275.9552
2112.1,15275.9552
2112.2,15336.99036
2112.3,15153.88489
2112.4,14486.31287
2112.5,14516.83044
2112.6,14455.79529
2112.7,14396.66748
2112.8,14516.83044
2112.9,15245.43762
2113,15184.40247
2113.1,15306.47278
2113.2,15184.40247
2113.3,15336.99036
2113.4,14486.31287
2113.5,14486.31287
2113.6,14396.66748
2113.7,14608.38318
2113.8,14486.31287
2113.9,15184.40247
2114,15184.40247
2114.1,15153.88489
2114.2,15275.9552
2114.3,15184.40247
2114.4,14547.34802
2114.5,14455.79529
2114.6,14577.8656
2114.7,14455.79529
2114.8,14486.31287
2114.9,15245.43762
2115,15184.40247
2115.1,15245.43762
2115.2,15336.99036
2115.3,15275.9552
2115.4,14608.38318
2115.5,14516.83044
2115.6,14427.18506
2115.7,14396.66748
2115.8,14608.38318
2115.9,15184.40247
2116,15336.99036
2116.1,15367.50793
2116.2,15306.47278
2116.3,15245.43762
2116.4,14516.83044
2116.5,14547.34802
2116.6,14455.79529
2116.7,14486.31287
2116.8,14486.31287
2116.9,15184.40247
2117,15275.9552
2117.1,15336.99036
2117.2,15306.47278
2117.3,15306.47278
2117.4,14577.8656
2117.5,14427.18506
2117.6,14516.83044
2117.7,14577.8656
2117.8,14516.83044
2117.9,15184.40247
2118,15398.02551
2118.1,15184.40247
2118.2,15336.99036
2118.3,15367.50793
2118.4,14608.38318
2118.5,14516.83044
2118.6,14638.90076
2118.7,14608.38318
2118.8,14455.79529
2118.9,15275.9552
2119,15245.43762
2119.1,15398.02551
2119.2,15184.40247
2119.3,15367.50793
2119.4,14577.8656
2119.5,14486.31287
2119.6,14455.79529
2119.7,14516.83044
2119.8,14577.8656
2119.9,15275.9552
2120,15306.47278
2120.1,15306.47278
2120.2,15398.02551
2120.3,15306.47278
2120.4,14608.38318
2120.5,14608.38318
2120.6,14577.8656
2120.7,14516.83044
2120.8,14608.38318
2120.9,15336.99036
2121,15245.43762
2121.1,15275.9552
2121.2,15336.99036
2121.3,15245.43762
2121.4,14669.41833
2121.5,14577.8656
2121.6,14486.31287
2121.7,14608.38318
2121.8,14577.8656
2121.9,15306.47278
2122,15214.92004
2122.1,15336.99036
2122.2,15336.99036
2122.3,15275.9552
2122.4,14516.83044
2122.5,14608.38318
2122.6,14486.31287
2122.7,14577.8656
2122.8,14486.31287
2122.9,15336.99036
2123,15245.43762
2123.1,15306.47278
2123.2,15306.47278
2123.3,15367.50793
2123.4,14516.83044
2123.5,14547.34802
2123.6,14577.8656
2123.7,14608.38318
2123.8,14608.38318
2123.9,15336.99036
2124,15306.47278
2124.1,15367.50793
2124.2,15306.47278
2124.3,15275.9552
2124.4,14547.34802
2124.5,14577.8656
2124.6,14486.31287
2124.7,14608.38318
2124.8,14699.93591
2124.9,15336.99036
2125,15245.43762
2125.1,15245.43762
2125.2,15336.99036
2125.3,15398.02551
2125.4,14608.38318
2125.5,14699.93591
2125.6,14577.8656
2125.7,14608.38318
2125.8,14577.8656
2125.9,15306.47278
2126,15398.02551
2126.1,15275.9552
2126.2,15336.99036
2126.3,15367.50793
2126.4,14577.8656
2126.5,14516.83044
2126.6,14577.8656
2126.7,14608.38318
2126.8,14577.8656
2126.9,15367.50793
2127,15275.9552
2127.1,15306.47278
2127.2,15457.15332
2127.3,15336.99036
2127.4,14608.38318
2127.5,14669.41833
2127.6,14547.34802
2127.7,14669.41833
2127.8,14638.90076
2127.9,15367.50793
2128,15367.50793
2128.1,15398.02551
2128.2,15275.9552
2128.3,15275.9552
2128.4,14608.38318
2128.5,14577.8656
2128.6,14608.38318
2128.7,14638.90076
2128.8,14699.93591
2128.9,15367.50793
2129,15367.50793
2129.1,15398.02551
2129.2,15275.9552
2129.3,14608.38318
2129.4,14608.38318
2129.5,14730.45349
2129.6,14699.93591
2129.7,14547.34802
2129.8,16641.61682
2129.9,15367.50793
2130,15398.02551
2130.1,15457.15332
2130.2,15367.50793
2130.3,14396.66748
2130.4,14608.38318
2130.5,14730.45349
2130.6,14669.41833
2130.7,14608.38318
2130.8,16883.8501
2130.9,15457.15332
2131,15398.02551
2131.1,15306.47278
2131.2,15367.50793
2131.3,14427.18506
2131.4,14547.34802
2131.5,14547.34802
2131.6,14547.34802
2131.7,14577.8656
2131.8,16883.8501
2131.9,15487.6709
2132,15426.63574
2132.1,15457.15332
2132.2,15426.63574
2132.3,14427.18506
2132.4,14638.90076
2132.5,14547.34802
2132.6,14577.8656
2132.7,14577.8656
2132.8,16731.26221
2132.9,15367.50793
2133,15336.99036
2133.1,15426.63574
2133.2,15487.6709
2133.3,14516.83044
2133.4,14789.5813
2133.5,14577.8656
2133.6,14577.8656
2133.7,14577.8656
2133.8,16731.26221
2133.9,15367.50793
2134,15426.63574
2134.1,15426.63574
2134.2,15398.02551
2134.3,14547.34802
2134.4,14638.90076
2134.5,14638.90076
2134.6,14638.90076
2134.7,14638.90076
2134.8,16672.1344
2134.9,15426.63574
2135,15457.15332
2135.1,15367.50793
2135.2,15487.6709
2135.3,14455.79529
2135.4,14577.8656
2135.5,14699.93591
2135.6,14638.90076
2135.7,14577.8656
2135.8,16611.09924
2135.9,15426.63574
2136,15398.02551
2136.1,15426.63574
2136.2,15457.15332
2136.3,14427.18506
2136.4,14608.38318
2136.5,14577.8656
2136.6,14699.93591
2136.7,14699.93591
2136.8,16427.99377
2136.9,15487.6709
2137,15336.99036
2137.1,15426.63574
2137.2,15367.50793
2137.3,14577.8656
2137.4,14760.97107
2137.5,14730.45349
2137.6,14699.93591
2137.7,14730.45349
2137.8,16338.34839
2137.9,15398.02551
2138,15336.99036
2138.1,15336.99036
2138.2,15426.63574
2138.3,14577.8656
2138.4,14638.90076
2138.5,14608.38318
2138.6,14638.90076
2138.7,14789.5813
2138.8,16307.83081
2138.9,15398.02551
2139,15336.99036
2139.1,15487.6709
2139.2,15306.47278
2139.3,14547.34802
2139.4,14730.45349
2139.5,14577.8656
2139.6,14669.41833
2139.7,14789.5813
2139.8,16155.24292
2139.9,15457.15332
2140,15336.99036
2140.1,15367.50793
2140.2,15306.47278
2140.3,14699.93591
2140.4,14789.5813
2140.5,14730.45349
2140.6,14608.38318
2140.7,14699.93591
2140.8,15974.0448
2140.9,15548.70605
2141,15398.02551
2141.1,15579.22363
2141.2,15367.50793
2141.3,14730.45349
2141.4,14699.93591
2141.5,14638.90076
2141.6,14638.90076
2141.7,14789.5813
2141.8,15882.49207
2141.9,15487.6709
2142,15398.02551
2142.1,15398.02551
2142.2,15457.15332
2142.3,14669.41833
2142.4,14699.93591
2142.5,14730.45349
2142.6,14760.97107
2142.7,14638.90076
2142.8,16065.59753
2142.9,15457.15332
2143,15426.63574
2143.1,15457.15332
2143.2,15487.6709
2143.3,14699.93591
2143.4,14669.41833
2143.5,14730.45349
2143.6,14608.38318
2143.7,14730.45349
2143.8,15943.52722
2143.9,15367.50793
2144,15548.70605
2144.1,15426.63574
2144.2,15367.50793
2144.3,14789.5813
2144.4,14699.93591
2144.5,14789.5813
2144.6,14669.41833
2144.7,14699.93591
2144.8,15943.52722
2144.9,15487.6709
2145,15457.15332
2145.1,15579.22363
2145.2,15548.70605
2145.3,14699.93591
2145.4,14789.5813
2145.5,14730.45349
2145.6,14850.61646
2145.7,14699.93591
2145.8,15851.97449
2145.9,15609.74121
2146,15487.6709
2146.1,15609.74121
2146.2,15398.02551
2146.3,14760.97107
2146.4,14699.93591
2146.5,14699.93591
2146.6,14820.09888
2146.7,14699.93591
2146.8,15790.93933
2146.9,15548.70605
2147,15426.63574
2147.1,15398.02551
2147.2,15398.02551
2147.3,14850.61646
2147.4,14669.41833
2147.5,14789.5813
2147.6,14789.5813
2147.7,14760.97107
2147.8,15851.97449
2147.9,15518.18848
2148,15518.18848
2148.1,15518.18848
2148.2,15487.6709
2148.3,14760.97107
2148.4,14850.61646
2148.5,14730.45349
2148.6,14699.93591
2148.7,14820.09888
2148.8,15790.93933
2148.9,15548.70605
2149,15609.74121
2149.1,15518.18848
2149.2,15426.63574
2149.3,14760.97107
2149.4,14669.41833
2149.5,14850.61646
2149.6,14699.93591
2149.7,14760.97107
2149.8,15821.45691
2149.9,15609.74121
2150,15548.70605
2150.1,15457.15332
2150.2,15579.22363
2150.3,14699.93591
2150.4,14699.93591
2150.5,14789.5813
2150.6,14789.5813
2150.7,14850.61646
2150.8,15821.45691
2150.9,15457.15332
2151,15487.6709
2151.1,15518.18848
2151.2,15518.18848
2151.3,14820.09888
2151.4,14820.09888
2151.5,14699.93591
2151.6,14730.45349
2151.7,14911.65161
2151.8,15790.93933
2151.9,15579.22363
2152,15457.15332
2152.1,15457.15332
2152.2,15457.15332
2152.3,14789.5813
2152.4,14730.45349
2152.5,14699.93591
2152.6,14760.97107
2152.7,14820.09888
2152.8,15701.29395
2152.9,15457.15332
2153,15579.22363
2153.1,15670.77637
2153.2,15579.22363
2153.3,14850.61646
2153.4,14911.65161
2153.5,14789.5813
2153.6,14789.5813
2153.7,14820.09888
2153.8,15882.49207
2153.9,15579.22363
2154,15579.22363
2154.1,15579.22363
2154.2,15518.18848
2154.3,14820.09888
2154.4,14881.13403
2154.5,14850.61646
2154.6,14820.09888
2154.7,14850.61646
2154.8,15731.81152
2154.9,15518.18848
2155,15640.25879
2155.1,15670.77637
2155.2,15701.29395
2155.3,14820.09888
2155.4,14881.13403
2155.5,14850.61646
2155.6,14789.5813
2155.7,14760.97107
2155.8,15851.97449
2155.9,15579.22363
2156,15579.22363
2156.1,15609.74121
2156.2,15487.6709
2156.3,14850.61646
2156.4,14820.09888
2156.5,14730.45349
2156.6,14850.61646
2156.7,14820.09888
2156.8,15609.74121
2156.9,15579.22363
2157,15579.22363
2157.1,15579.22363
2157.2,15548.70605
2157.3,14820.09888
2157.4,14760.97107
2157.5,14760.97107
2157.6,14730.45349
2157.7,14789.5813
2157.8,15731.81152
2157.9,15609.74121
2158,15518.18848
2158.1,15670.77637
2158.2,15579.22363
2158.3,14881.13403
2158.4,14820.09888
2158.5,14760.97107
2158.6,14850.61646
2158.7,14789.5813
2158.8,15760.42175
2158.9,15609.74121
2159,15579.22363
2159.1,15487.6709
2159.2,15579.22363
2159.3,14789.5813
2159.4,14972.68677
2159.5,14881.13403
2159.6,14942.16919
2159.7,14850.61646
2159.8,15790.93933
2159.9,15701.29395
2160,15670.77637
2160.1,15609.74121
2160.2,15548.70605
2160.3,14911.65161
2160.4,14881.13403
2160.5,14820.09888
2160.6,14850.61646
2160.7,14881.13403
2160.8,15701.29395
2160.9,15609.74121
2161,15579.22363
2161.1,15670.77637
2161.2,15518.18848
2161.3,14942.16919
2161.4,14942.16919
2161.5,14820.09888
2161.6,14881.13403
2161.7,14942.16919
2161.8,15609.74121
2161.9,15670.77637
2162,15670.77637
2162.1,15518.18848
2162.2,15548.70605
2162.3,14942.16919
2162.4,14850.61646
2162.5,14911.65161
2162.6,14850.61646
2162.7,14850.61646
2162.8,15640.25879
2162.9,15548.70605
2163,15670.77637
2163.1,15701.29395
2163.2,15701.29395
2163.3,14820.09888
2163.4,14820.09888
2163.5,14911.65161
2163.6,14942.16919
2163.7,14911.65161
2163.8,15731.81152
2163.9,15548.70605
2164,15640.25879
2164.1,15579.22363
2164.2,15670.77637
2164.3,14972.68677
2164.4,14850.61646
2164.5,14942.16919
2164.6,14850.61646
2164.7,14911.65161
2164.8,15670.77637
2164.9,15701.29395
2165,15579.22363
2165.1,15640.25879
2165.2,15670.77637
2165.3,15033.72192
2165.4,15003.20435
2165.5,14911.65161
2165.6,14972.68677
2165.7,15033.72192
2165.8,15760.42175
2165.9,15760.42175
2166,15579.22363
2166.1,15701.29395
2166.2,15670.77637
2166.3,14972.68677
2166.4,14942.16919
2166.5,14972.68677
2166.6,14911.65161
2166.7,14972.68677
2166.8,15731.81152
2166.9,15609.74121
2167,15579.22363
2167.1,15701.29395
2167.2,15670.77637
2167.3,15003.20435
2167.4,14850.61646
2167.5,14850.61646
2167.6,14972.68677
2167.7,14942.16919
2167.8,15790.93933
2167.9,15670.77637
2168,15670.77637
2168.1,15579.22363
2168.2,15701.29395
2168.3,14972.68677
2168.4,14850.61646
2168.5,15003.20435
2168.6,14972.68677
2168.7,14850.61646
2168.8,15670.77637
2168.9,15760.42175
2169,15640.25879
2169.1,15670.77637
2169.2,15701.29395
2169.3,14972.68677
2169.4,14911.65161
2169.5,15064.2395
2169.6,15033.72192
2169.7,14881.13403
2169.8,15760.42175
2169.9,15701.29395
2170,15701.29395
2170.1,15731.81152
2170.2,15670.77637
2170.3,14942.16919
2170.4,14972.68677
2170.5,14972.68677
2170.6,14972.68677
2170.7,14942.16919
2170.8,15701.29395
2170.9,15701.29395
2171,15609.74121
2171.1,15640.25879
2171.2,15579.22363
2171.3,14972.68677
2171.4,14881.13403
2171.5,14850.61646
2171.6,14881.13403
2171.7,14972.68677
2171.8,15790.93933
2171.9,15670.77637
2172,15670.77637
2172.1,15701.29395
2172.2,15701.29395
2172.3,15033.72192
2172.4,15094.75708
2172.5,14972.68677
2172.6,14911.65161
2172.7,15033.72192
2172.8,15760.42175
2172.9,15640.25879
2173,15701.29395
2173.1,15790.93933
2173.2,15790.93933
2173.3,15003.20435
2173.4,14911.65161
2173.5,15003.20435
2173.6,15033.72192
2173.7,15003.20435
2173.8,15731.81152
2173.9,15640.25879
2174,15609.74121
2174.1,15731.81152
2174.2,15821.45691
2174.3,14881.13403
2174.4,14972.68677
2174.5,15094.75708
2174.6,15094.75708
2174.7,14911.65161
2174.8,15790.93933
2174.9,15731.81152
2175,15821.45691
2175.1,15701.29395
2175.2,15731.81152
2175.3,15064.2395
2175.4,14972.68677
2175.5,15033.72192
2175.6,14942.16919
2175.7,14972.68677
2175.8,15760.42175
2175.9,15670.77637
2176,15640.25879
2176.1,15670.77637
2176.2,15701.29395
2176.3,14942.16919
2176.4,15033.72192
2176.5,15033.72192
2176.6,15033.72192
2176.7,15094.75708
2176.8,15790.93933
2176.9,15701.29395
2177,15731.81152
2177.1,15760.42175
2177.2,15640.25879
2177.3,15003.20435
2177.4,14911.65161
2177.5,15033.72192
2177.6,14911.65161
2177.7,15064.2395
2177.8,15882.49207
2177.9,15760.42175
2178,15790.93933
2178.1,15731.81152
2178.2,15790.93933
2178.3,14942.16919
2178.4,15094.75708
2178.5,15003.20435
2178.6,15003.20435
2178.7,14972.68677
2178.8,15851.97449
2178.9,15670.77637
2179,15701.29395
2179.1,15670.77637
2179.2,15851.97449
2179.3,14972.68677
2179.4,14942.16919
2179.5,15094.75708
2179.6,15064.2395
2179.7,15094.75708
2179.8,15821.45691
2179.9,15760.42175
2180,15821.45691
2180.1,15701.29395
2180.2,15760.42175
2180.3,15094.75708
2180.4,15094.75708
2180.5,15033.72192
2180.6,15003.20435
2180.7,14942.16919
2180.8,15790.93933
2180.9,15790.93933
2181,15760.42175
2181.1,15670.77637
2181.2,15851.97449
2181.3,14972.68677
2181.4,14972.68677
2181.5,15033.72192
2181.6,15064.2395
2181.7,15033.72192
2181.8,15731.81152
2181.9,15882.49207
2182,15821.45691
2182.1,15760.42175
2182.2,15821.45691
2182.3,15153.88489
2182.4,15094.75708
2182.5,15123.36731
2182.6,15094.75708
2182.7,14972.68677
2182.8,15913.00964
2182.9,15851.97449
2183,15760.42175
2183.1,15790.93933
2183.2,15821.45691
2183.3,15064.2395
2183.4,15094.75708
2183.5,15094.75708
2183.6,15003.20435
2183.7,15064.2395
2183.8,15821.45691
2183.9,15851.97449
2184,15790.93933
2184.1,15731.81152
2184.2,15731.81152
2184.3,15153.88489
2184.4,15123.36731
2184.5,15094.75708
2184.6,15064.2395
2184.7,14972.68677
2184.8,15821.45691
2184.9,15821.45691
2185,15701.29395
2185.1,15670.77637
2185.2,15760.42175
2185.3,15123.36731
2185.4,15064.2395
2185.5,15094.75708
2185.6,15033.72192
2185.7,14972.68677
2185.8,15760.42175
2185.9,15760.42175
2186,15821.45691
2186.1,15821.45691
2186.2,15790.93933
2186.3,15153.88489
2186.4,14972.68677
2186.5,15003.20435
2186.6,15064.2395
2186.7,15094.75708
2186.8,15913.00964
2186.9,15851.97449
2187,15851.97449
2187.1,15731.81152
2187.2,15821.45691
2187.3,15123.36731
2187.4,15064.2395
2187.5,15003.20435
2187.6,15123.36731
2187.7,15033.72192
2187.8,15760.42175
2187.9,15943.52722
2188,15731.81152
2188.1,15821.45691
2188.2,15821.45691
2188.3,15123.36731
2188.4,15064.2395
2188.5,15123.36731
2188.6,15064.2395
2188.7,15094.75708
2188.8,15760.42175
2188.9,15851.97449
2189,15821.45691
2189.1,15913.00964
2189.2,15760.42175
2189.3,15184.40247
2189.4,15184.40247
2189.5,15094.75708
2189.6,15123.36731
2189.7,15094.75708
2189.8,15913.00964
2189.9,15790.93933
2190,15943.52722
2190.1,15760.42175
2190.2,15760.42175
2190.3,15064.2395
2190.4,15153.88489
2190.5,15064.2395
2190.6,15033.72192
2190.7,15094.75708
2190.8,15943.52722
2190.9,15790.93933
2191,15851.97449
2191.1,15790.93933
2191.2,15851.97449
2191.3,15094.75708
2191.4,15094.75708
2191.5,15033.72192
2191.6,15094.75708
2191.7,15094.75708
2191.8,15851.97449
2191.9,15882.49207
2192,15913.00964
2192.1,15851.97449
2192.2,15821.45691
2192.3,15184.40247
2192.4,15094.75708
2192.5,15094.75708
2192.6,15123.36731
2192.7,15123.36731
2192.8,15851.97449
2192.9,15821.45691
2193,15882.49207
2193.1,16065.59753
2193.2,15821.45691
2193.3,15153.88489
2193.4,15214.92004
2193.5,15123.36731
2193.6,15153.88489
2193.7,15094.75708
2193.8,16065.59753
2193.9,15821.45691
2194,16065.59753
2194.1,15790.93933
2194.2,15790.93933
2194.3,15184.40247
2194.4,15184.40247
2194.5,15064.2395
2194.6,15184.40247
2194.7,15064.2395
2194.8,15821.45691
2194.9,15821.45691
2195,16065.59753
2195.1,15943.52722
2195.2,16065.59753
2195.3,15184.40247
2195.4,15184.40247
2195.5,15184.40247
2195.6,15184.40247
2195.7,15123.36731
2195.8,15974.0448
2195.9,15821.45691
2196,15882.49207
2196.1,15943.52722
2196.2,16065.59753
2196.3,15094.75708
2196.4,15184.40247
2196.5,15214.92004
2196.6,15184.40247
2196.7,15123.36731
2196.8,16065.59753
2196.9,15790.93933
2197,16065.59753
2197.1,15943.52722
2197.2,15974.0448
2197.3,15214.92004
2197.4,15245.43762
2197.5,15306.47278
2197.6,15184.40247
2197.7,15094.75708
2197.8,16065.59753
2197.9,15913.00964
2198,15943.52722
2198.1,15821.45691
2198.2,15821.45691
2198.3,15153.88489
2198.4,15245.43762
2198.5,15123.36731
2198.6,15184.40247
2198.7,15153.88489
2198.8,15943.52722
2198.9,15943.52722
2199,15943.52722
2199.1,16004.56238
2199.2,15943.52722
2199.3,15214.92004
2199.4,15094.75708
2199.5,15094.75708
2199.6,15214.92004
2199.7,15214.92004
2199.8,16065.59753
2199.9,15851.97449
2200,15851.97449
2200.1,15943.52722
2200.2,15943.52722
2200.3,15094.75708
2200.4,15123.36731
2200.5,15153.88489
2200.6,15094.75708
2200.7,15245.43762
2200.8,15821.45691
2200.9,15943.52722
2201,15943.52722
2201.1,15851.97449
2201.2,15913.00964
2201.3,15275.9552
2201.4,15184.40247
2201.5,15153.88489
2201.6,15214.92004
2201.7,15094.75708
2201.8,15851.97449
2201.9,16065.59753
2202,15913.00964
2202.1,15943.52722
2202.2,15821.45691
2202.3,15214.92004
2202.4,15123.36731
2202.5,15306.47278
2202.6,15245.43762
2202.7,15184.40247
2202.8,15882.49207
2202.9,16065.59753
2203,16065.59753
2203.1,16094.20776
2203.2,15974.0448
2203.3,15184.40247
2203.4,15123.36731
2203.5,15123.36731
2203.6,15123.36731
2203.7,15184.40247
2203.8,16094.20776
2203.9,16065.59753
2204,15974.0448
2204.1,15913.00964
2204.2,15851.97449
2204.3,15336.99036
2204.4,15184.40247
2204.5,15123.36731
2204.6,15184.40247
2204.7,15214.92004
2204.8,15851.97449
2204.9,15882.49207
2205,15943.52722
2205.1,15943.52722
2205.2,15974.0448
2205.3,15214.92004
2205.4,15275.9552
2205.5,15184.40247
2205.6,15245.43762
2205.7,15245.43762
2205.8,16065.59753
2205.9,16155.24292
2206,16065.59753
2206.1,15913.00964
2206.2,16124.72534
2206.3,15275.9552
2206.4,15184.40247
2206.5,15306.47278
2206.6,15153.88489
2206.7,15306.47278
2206.8,16065.59753
2206.9,16155.24292
2207,16124.72534
2207.1,16065.59753
2207.2,15123.36731
2207.3,15336.99036
2207.4,15214.92004
2207.5,15153.88489
2207.6,15184.40247
2207.7,17398.83423
2207.8,16004.56238
2207.9,15943.52722
2208,16065.59753
2208.1,16124.72534
2208.2,15094.75708
2208.3,15306.47278
2208.4,15214.92004
2208.5,15184.40247
2208.6,15214.92004
2208.7,17490.38696
2208.8,16004.56238
2208.9,15913.00964
2209,15943.52722
2209.1,15943.52722
2209.2,15123.36731
2209.3,15306.47278
2209.4,15214.92004
2209.5,15275.9552
2209.6,15214.92004
2209.7,17398.83423
2209.8,16155.24292
2209.9,16094.20776
2210,16124.72534
2210.1,16124.72534
2210.2,15094.75708
2210.3,15184.40247
2210.4,15306.47278
2210.5,15275.9552
2210.6,15184.40247
2210.7,17520.90454
2210.8,15943.52722
2210.9,16185.7605
2211,15943.52722
2211.1,16094.20776
2211.2,15064.2395
2211.3,15275.9552
2211.4,15275.9552
2211.5,15275.9552
2211.6,15336.99036
2211.7,17429.35181
2211.8,16155.24292
2211.9,15943.52722
2212,15913.00964
2212.1,16155.24292
2212.2,15064.2395
2212.3,15275.9552
2212.4,15306.47278
2212.5,15275.9552
2212.6,15245.43762
2212.7,17248.15369
2212.8,16004.56238
2212.9,16124.72534
2213,16155.24292
2213.1,15943.52722
2213.2,15214.92004
2213.3,15367.50793
2213.4,15457.15332
2213.5,15336.99036
2213.6,15336.99036
2213.7,17217.63611
2213.8,15974.0448
2213.9,16155.24292
2214,16004.56238
2214.1,16094.20776
2214.2,15214.92004
2214.3,15275.9552
2214.4,15426.63574
2214.5,15275.9552
2214.6,15214.92004
2214.7,17156.60095
2214.8,16035.07996
2214.9,16094.20776
2215,16246.79565
2215.1,15974.0448
2215.2,15245.43762
2215.3,15336.99036
2215.4,15306.47278
2215.5,15336.99036
2215.6,15367.50793
2215.7,17005.92041
2215.8,16185.7605
2215.9,16065.59753
2216,16246.79565
2216.1,16246.79565
2216.2,15184.40247
2216.3,15426.63574
2216.4,15457.15332
2216.5,15426.63574
2216.6,15426.63574
2216.7,17036.43799
2216.8,16185.7605
2216.9,16124.72534
2217,16246.79565
2217.1,16307.83081
2217.2,15184.40247
2217.3,15426.63574
2217.4,15487.6709
2217.5,15457.15332
2217.6,15306.47278
2217.7,16792.29736
2217.8,16155.24292
2217.9,16185.7605
2218,16277.31323
2218.1,16155.24292
2218.2,15457.15332
2218.3,15518.18848
2218.4,15367.50793
2218.5,15518.18848
2218.6,15367.50793
2218.7,16883.8501
2218.8,16216.27808
2218.9,16277.31323
2219,16124.72534
2219.1,16246.79565
2219.2,15426.63574
2219.3,15398.02551
2219.4,15367.50793
2219.5,15426.63574
2219.6,15426.63574
2219.7,16883.8501
2219.8,16216.27808
2219.9,16185.7605
2220,16155.24292
2220.1,16155.24292
2220.2,15336.99036
2220.3,15426.63574
2220.4,15457.15332
2220.5,15426.63574
2220.6,15367.50793
2220.7,16792.29736
2220.8,16124.72534
2220.9,16155.24292
2221,16307.83081
2221.1,16124.72534
2221.2,15457.15332
2221.3,15457.15332
2221.4,15367.50793
2221.5,15457.15332
2221.6,15548.70605
2221.7,16672.1344
2221.8,16185.7605
2221.9,16155.24292
2222,16307.83081
2222.1,16155.24292
2222.2,15367.50793
2222.3,15426.63574
2222.4,15548.70605
2222.5,15457.15332
2222.6,15487.6709
2222.7,16731.26221
2222.8,16246.79565
2222.9,16155.24292
2223,16185.7605
2223.1,16246.79565
2223.2,15518.18848
2223.3,15457.15332
2223.4,15367.50793
2223.5,15426.63574
2223.6,15579.22363
2223.7,16731.26221
2223.8,16277.31323
2223.9,16185.7605
2224,16338.34839
2224.1,16277.31323
2224.2,15426.63574
2224.3,15457.15332
2224.4,15367.50793
2224.5,15367.50793
2224.6,15426.63574
2224.7,16611.09924
2224.8,16307.83081
2224.9,16155.24292
2225,16338.34839
2225.1,16246.79565
2225.2,15367.50793
2225.3,15457.15332
2225.4,15457.15332
2225.5,15367.50793
2225.6,15487.6709
2225.7,16550.06409
2225.8,16307.83081
2225.9,16216.27808
2226,16277.31323
2226.1,16338.34839
2226.2,15367.50793
2226.3,15426.63574
2226.4,15457.15332
2226.5,15457.15332
2226.6,15398.02551
2226.7,16611.09924
2226.8,16277.31323
2226.9,16246.79565
2227,16216.27808
2227.1,16277.31323
2227.2,15548.70605
2227.3,15548.70605
2227.4,15457.15332
2227.5,15518.18848
2227.6,15518.18848
2227.7,16550.06409
2227.8,16185.7605
2227.9,16216.27808
2228,16277.31323
2228.1,16307.83081
2228.2,15457.15332
2228.3,15367.50793
2228.4,15487.6709
2228.5,15457.15332
2228.6,15487.6709
2228.7,16427.99377
2228.8,16277.31323
2228.9,16216.27808
2229,16338.34839
2229.1,16307.83081
2229.2,15579.22363
2229.3,15487.6709
2229.4,15398.02551
2229.5,15426.63574
2229.6,15518.18848
2229.7,16580.58167
2229.8,16307.83081
2229.9,16216.27808
2230,16368.86597
2230.1,16307.83081
2230.2,15548.70605
2230.3,15518.18848
2230.4,15487.6709
2230.5,15398.02551
2230.6,15457.15332
2230.7,16550.06409
2230.8,16427.99377
2230.9,16277.31323
2231,16277.31323
2231.1,16427.99377
2231.2,15579.22363
2231.3,15457.15332
2231.4,15548.70605
2231.5,15518.18848
2231.6,15518.18848
2231.7,16550.06409
2231.8,16338.34839
2231.9,16246.79565
2232,16307.83081
2232.1,16307.83081
2232.2,15579.22363
2232.3,15457.15332
2232.4,15579.22363
2232.5,15548.70605
2232.6,15487.6709
2232.7,16519.54651
2232.8,16368.86597
2232.9,16277.31323
2233,16368.86597
2233.1,16277.31323
2233.2,15518.18848
2233.3,15426.63574
2233.4,15548.70605
2233.5,15457.15332
2233.6,15457.15332
2233.7,16550.06409
2233.8,16246.79565
2233.9,16397.4762
2234,16277.31323
2234.1,16338.34839
2234.2,15518.18848
2234.3,15457.15332
2234.4,15457.15332
2234.5,15457.15332
2234.6,15457.15332
2234.7,16550.06409
2234.8,16427.99377
2234.9,16397.4762
2235,16397.4762
2235.1,16338.34839
2235.2,15579.22363
2235.3,15518.18848
2235.4,15609.74121
2235.5,15487.6709
2235.6,15457.15332
2235.7,16550.06409
2235.8,16277.31323
2235.9,16277.31323
2236,16397.4762
2236.1,16397.4762
2236.2,15609.74121
2236.3,15457.15332
2236.4,15548.70605
2236.5,15487.6709
2236.6,15579.22363
2236.7,16580.58167
2236.8,16368.86597
2236.9,16397.4762
2237,16277.31323
2237.1,16397.4762
2237.2,15518.18848
2237.3,15579.22363
2237.4,15579.22363
2237.5,15548.70605
2237.6,15457.15332
2237.7,16427.99377
2237.8,16489.02893
2237.9,16338.34839
2238,16277.31323
2238.1,16307.83081
2238.2,15457.15332
2238.3,15640.25879
2238.4,15579.22363
2238.5,15548.70605
2238.6,15579.22363
2238.7,16519.54651
2238.8,16397.4762
2238.9,16427.99377
2239,16427.99377
2239.1,16307.83081
2239.2,15457.15332
2239.3,15579.22363
2239.4,15579.22363
2239.5,15457.15332
2239.6,15518.18848
2239.7,16489.02893
2239.8,16397.4762
2239.9,16307.83081
2240,16277.31323
2240.1,16307.83081
2240.2,15640.25879
2240.3,15548.70605
2240.4,15640.25879
2240.5,15640.25879
2240.6,15579.22363
2240.7,16611.09924
2240.8,16427.99377
2240.9,16397.4762
2241,16397.4762
2241.1,16489.02893
2241.2,15701.29395
2241.3,15670.77637
2241.4,15609.74121
2241.5,15609.74121
2241.6,15670.77637
2241.7,16427.99377
2241.8,16458.51135
2241.9,16458.51135
2242,16427.99377
2242.1,16397.4762
2242.2,15548.70605
2242.3,15640.25879
2242.4,15487.6709
2242.5,15609.74121
2242.6,15579.22363
2242.7,16580.58167
2242.8,16397.4762
2242.9,16397.4762
2243,16368.86597
2243.1,16458.51135
2243.2,15579.22363
2243.3,15640.25879
2243.4,15609.74121
2243.5,15609.74121
2243.6,15579.22363
2243.7,16427.99377
2243.8,16519.54651
2243.9,16368.86597
2244,16489.02893
2244.1,16397.4762
2244.2,15640.25879
2244.3,15701.29395
2244.4,15579.22363
2244.5,15670.77637
2244.6,15640.25879
2244.7,16519.54651
2244.8,16397.4762
2244.9,16519.54651
2245,16397.4762
2245.1,16368.86597
2245.2,15701.29395
2245.3,15579.22363
2245.4,15548.70605
2245.5,15579.22363
2245.6,15609.74121
2245.7,16427.99377
2245.8,16338.34839
2245.9,16427.99377
2246,16338.34839
2246.1,16458.51135
2246.2,15670.77637
2246.3,15609.74121
2246.4,15731.81152
2246.5,15609.74121
2246.6,15640.25879
2246.7,16427.99377
2246.8,16397.4762
2246.9,16397.4762
2247,16368.86597
2247.1,16397.4762
2247.2,15609.74121
2247.3,15701.29395
2247.4,15579.22363
2247.5,15609.74121
2247.6,15640.25879
2247.7,16611.09924
2247.8,16427.99377
2247.9,16550.06409
2248,16458.51135
2248.1,16550.06409
2248.2,15821.45691
2248.3,15760.42175
2248.4,15640.25879
2248.5,15670.77637
2248.6,15579.22363
2248.7,16550.06409
2248.8,16519.54651
2248.9,16550.06409
2249,16489.02893
2249.1,16397.4762
2249.2,15609.74121
2249.3,15670.77637
2249.4,15579.22363
2249.5,15579.22363
2249.6,15609.74121
2249.7,16550.06409
2249.8,16519.54651
2249.9,16397.4762
2250,16519.54651
2250.1,16519.54651
2250.2,15701.29395
2250.3,15579.22363
2250.4,15760.42175
2250.5,15640.25879
2250.6,15790.93933
2250.7,16550.06409
2250.8,16519.54651
2250.9,16580.58167
2251,16489.02893
2251.1,16427.99377
2251.2,15640.25879
2251.3,15760.42175
2251.4,15670.77637
2251.5,15760.42175
2251.6,15790.93933
2251.7,16519.54651
2251.8,16519.54651
2251.9,16580.58167
2252,16519.54651
2252.1,16489.02893
2252.2,15731.81152
2252.3,15640.25879
2252.4,15609.74121
2252.5,15609.74121
2252.6,15731.81152
2252.7,16580.58167
2252.8,16519.54651
2252.9,16580.58167
2253,16458.51135
2253.1,16489.02893
2253.2,15760.42175
2253.3,15670.77637
2253.4,15731.81152
2253.5,15609.74121
2253.6,15701.29395
2253.7,16580.58167
2253.8,16427.99377
2253.9,16427.99377
2254,16611.09924
2254.1,16611.09924
2254.2,15731.81152
2254.3,15670.77637
2254.4,15670.77637
2254.5,15670.77637
2254.6,15790.93933
2254.7,16519.54651
2254.8,16489.02893
2254.9,16580.58167
2255,16489.02893
2255.1,16489.02893
2255.2,15670.77637
2255.3,15760.42175
2255.4,15821.45691
2255.5,15701.29395
2255.6,15790.93933
2255.7,16519.54651
2255.8,16519.54651
2255.9,16550.06409
2256,16550.06409
2256.1,16550.06409
2256.2,15670.77637
2256.3,15790.93933
2256.4,15731.81152
2256.5,15670.77637
2256.6,15640.25879
2256.7,16580.58167
2256.8,16489.02893
2256.9,16550.06409
2257,16550.06409
2257.1,16641.61682
2257.2,15731.81152
2257.3,15790.93933
2257.4,15640.25879
2257.5,15670.77637
2257.6,15670.77637
2257.7,16580.58167
2257.8,16550.06409
2257.9,16519.54651
2258,16550.06409
2258.1,16580.58167
2258.2,15670.77637
2258.3,15701.29395
2258.4,15701.29395
2258.5,15790.93933
2258.6,15731.81152
2258.7,16580.58167
2258.8,16580.58167
2258.9,16550.06409
2259,16550.06409
2259.1,16489.02893
2259.2,15760.42175
2259.3,15760.42175
2259.4,15731.81152
2259.5,15670.77637
2259.6,15701.29395
2259.7,16550.06409
2259.8,16550.06409
2259.9,16580.58167
2260,16580.58167
2260.1,16641.61682
2260.2,15790.93933
2260.3,15882.49207
2260.4,15670.77637
2260.5,15760.42175
2260.6,15851.97449
2260.7,16672.1344
2260.8,16519.54651
2260.9,16580.58167
2261,16519.54651
2261.1,16641.61682
2261.2,15760.42175
2261.3,15670.77637
2261.4,15701.29395
2261.5,15760.42175
2261.6,15790.93933
2261.7,16519.54651
2261.8,16580.58167
2261.9,16489.02893
2262,16519.54651
2262.1,16519.54651
2262.2,15670.77637
2262.3,15760.42175
2262.4,15760.42175
2262.5,15821.45691
2262.6,15790.93933
2262.7,16641.61682
2262.8,16580.58167
2262.9,16672.1344
2263,16611.09924
2263.1,16489.02893
2263.2,15670.77637
2263.3,15790.93933
2263.4,15701.29395
2263.5,15790.93933
2263.6,15670.77637
2263.7,16580.58167
2263.8,16641.61682
2263.9,16641.61682
2264,16641.61682
2264.1,16519.54651
2264.2,15760.42175
2264.3,15731.81152
2264.4,15670.77637
2264.5,15821.45691
2264.6,15882.49207
2264.7,16519.54651
2264.8,16580.58167
2264.9,16550.06409
2265,16519.54651
2265.1,16519.54651
2265.2,15790.93933
2265.3,15851.97449
2265.4,15913.00964
2265.5,15701.29395
2265.6,15790.93933
2265.7,16580.58167
2265.8,16672.1344
2265.9,16641.61682
2266,16641.61682
2266.1,16519.54651
2266.2,15790.93933
2266.3,15731.81152
2266.4,15821.45691
2266.5,15882.49207
2266.6,15790.93933
2266.7,16702.65198
2266.8,16641.61682
2266.9,16550.06409
2267,16519.54651
2267.1,16550.06409
2267.2,15731.81152
2267.3,15851.97449
2267.4,15760.42175
2267.5,15851.97449
2267.6,15760.42175
2267.7,16641.61682
2267.8,16641.61682
2267.9,16519.54651
2268,16550.06409
2268.1,16519.54651
2268.2,15851.97449
2268.3,15790.93933
2268.4,15851.97449
2268.5,15851.97449
2268.6,15760.42175
2268.7,16580.58167
2268.8,16672.1344
2268.9,16672.1344
2269,16641.61682
2269.1,16641.61682
2269.2,15943.52722
2269.3,15821.45691
2269.4,15760.42175
2269.5,15943.52722
2269.6,15821.45691
2269.7,16641.61682
2269.8,16641.61682
2269.9,16672.1344
2270,16641.61682
2270.1,16580.58167
2270.2,15851.97449
2270.3,15913.00964
2270.4,15882.49207
2270.5,15882.49207
2270.6,15790.93933
2270.7,16731.26221
2270.8,16641.61682
2270.9,16761.77979
2271,16580.58167
2271.1,16672.1344
2271.2,15913.00964
2271.3,15943.52722
2271.4,15790.93933
2271.5,15851.97449
2271.6,15882.49207
2271.7,16702.65198
2271.8,16702.65198
2271.9,16672.1344
2272,16731.26221
2272.1,16580.58167
2272.2,15913.00964
2272.3,15974.0448
2272.4,15913.00964
2272.5,15821.45691
2272.6,15790.93933
2272.7,16792.29736
2272.8,16672.1344
2272.9,16550.06409
2273,16611.09924
2273.1,16641.61682
2273.2,15821.45691
2273.3,15913.00964
2273.4,15882.49207
2273.5,15821.45691
2273.6,15851.97449
2273.7,16702.65198
2273.8,16672.1344
2273.9,16672.1344
2274,16641.61682
2274.1,16580.58167
2274.2,15790.93933
2274.3,15821.45691
2274.4,15913.00964
2274.5,15851.97449
2274.6,15913.00964
2274.7,16641.61682
2274.8,16731.26221
2274.9,16580.58167
2275,16641.61682
2275.1,16672.1344
2275.2,15790.93933
2275.3,15882.49207
2275.4,15943.52722
2275.5,15943.52722
2275.6,15790.93933
2275.7,16611.09924
2275.8,16731.26221
2275.9,16731.26221
2276,16641.61682
2276.1,16580.58167
2276.2,15943.52722
2276.3,15790.93933
2276.4,15882.49207
2276.5,15790.93933
2276.6,15943.52722
2276.7,16702.65198
2276.8,16792.29736
2276.9,16611.09924
2277,16580.58167
2277.1,16792.29736
2277.2,15913.00964
2277.3,15821.45691
2277.4,15882.49207
2277.5,15943.52722
2277.6,15851.97449
2277.7,16731.26221
2277.8,16672.1344
2277.9,16611.09924
2278,16702.65198
2278.1,16792.29736
2278.2,15790.93933
2278.3,15790.93933
2278.4,15790.93933
2278.5,15821.45691
2278.6,15913.00964
2278.7,16731.26221
2278.8,16580.58167
2278.9,16761.77979
2279,16672.1344
2279.1,16761.77979
2279.2,15790.93933
2279.3,15821.45691
2279.4,15821.45691
2279.5,15821.45691
2279.6,15943.52722
2279.7,16611.09924
2279.8,16792.29736
2279.9,16702.65198
2280,16702.65198
2280.1,16731.26221
2280.2,15882.49207
2280.3,15821.45691
2280.4,15943.52722
2280.5,15851.97449
2280.6,15913.00964
2280.7,16731.26221
2280.8,16641.61682
2280.9,16702.65198
2281,16792.29736
2281.1,16611.09924
2281.2,15821.45691
2281.3,16065.59753
2281.4,15943.52722
2281.5,15882.49207
2281.6,15913.00964
2281.7,16702.65198
2281.8,16672.1344
2281.9,16702.65198
2282,16641.61682
2282.1,16761.77979
2282.2,15943.52722
2282.3,15943.52722
2282.4,15943.52722
2282.5,15790.93933
2282.6,15790.93933
2282.7,16761.77979
2282.8,16641.61682
2282.9,16611.09924
2283,16731.26221
2283.1,16641.61682
2283.2,15943.52722
2283.3,15821.45691
2283.4,16065.59753
2283.5,15851.97449
2283.6,15851.97449
2283.7,16731.26221
2283.8,16792.29736
2283.9,16731.26221
2284,16731.26221
2284.1,16641.61682
2284.2,15943.52722
2284.3,15851.97449
2284.4,15913.00964
2284.5,16065.59753
2284.6,15821.45691
2284.7,16731.26221
2284.8,16761.77979
2284.9,16641.61682
2285,16822.81494
2285.1,16611.09924
2285.2,15943.52722
2285.3,15821.45691
2285.4,15882.49207
2285.5,15913.00964
2285.6,15882.49207
2285.7,16731.26221
2285.8,16792.29736
2285.9,16641.61682
2286,16822.81494
2286.1,15851.97449
2286.2,15851.97449
2286.3,15974.0448
2286.4,15913.00964
2286.5,15913.00964
2286.6,15851.97449
2286.7,16641.61682
2286.8,16672.1344
2286.9,16792.29736
2287,16672.1344
2287.1,15790.93933
2287.2,16065.59753
2287.3,15913.00964
2287.4,15943.52722
2287.5,16065.59753
2287.6,18096.92383
2287.7,16761.77979
2287.8,16853.33252
2287.9,16822.81494
2288,16792.29736
2288.1,15701.29395
2288.2,16065.59753
2288.3,15943.52722
2288.4,15913.00964
2288.5,15974.0448
2288.6,18096.92383
2288.7,16883.8501
2288.8,16853.33252
2288.9,16853.33252
2289,16702.65198
2289.1,15851.97449
2289.2,15913.00964
2289.3,16155.24292
2289.4,15943.52722
2289.5,16065.59753
2289.6,18066.40625
2289.7,16761.77979
2289.8,16792.29736
2289.9,16822.81494
2290,16822.81494
2290.1,15882.49207
2290.2,15974.0448
2290.3,15974.0448
2290.4,15851.97449
2290.5,15913.00964
2290.6,18035.88867
2290.7,16761.77979
2290.8,16792.29736
2290.9,16672.1344
2291,16792.29736
2291.1,15760.42175
2291.2,16065.59753
2291.3,15943.52722
2291.4,16155.24292
2291.5,16094.20776
2291.6,17976.76086
2291.7,16792.29736
2291.8,16853.33252
2291.9,16792.29736
2292,16883.8501
2292.1,15821.45691
2292.2,15943.52722
2292.3,15913.00964
2292.4,15851.97449
2292.5,16065.59753
2292.6,17946.24329
2292.7,16792.29736
2292.8,16702.65198
2292.9,16672.1344
2293,16761.77979
2293.1,15821.45691
2293.2,16065.59753
2293.3,16065.59753
2293.4,15974.0448
2293.5,16065.59753
2293.6,17763.13782
2293.7,16883.8501
2293.8,16761.77979
2293.9,16822.81494
2294,16822.81494
2294.1,15882.49207
2294.2,16065.59753
2294.3,15882.49207
2294.4,15943.52722
2294.5,16155.24292
2294.6,17763.13782
2294.7,16853.33252
2294.8,16761.77979
2294.9,16792.29736
2295,16883.8501
2295.1,15790.93933
2295.2,15882.49207
2295.3,16124.72534
2295.4,15943.52722
2295.5,15913.00964
2295.6,17673.49243
2295.7,16914.36768
2295.8,16822.81494
2295.9,16853.33252
2296,16672.1344
2296.1,15790.93933
2296.2,15943.52722
2296.3,16185.7605
2296.4,15943.52722
2296.5,16065.59753
2296.6,17520.90454
2296.7,16914.36768
2296.8,16914.36768
2296.9,16792.29736
2297,16822.81494
2297.1,15882.49207
2297.2,16065.59753
2297.3,16065.59753
2297.4,15943.52722
2297.5,16065.59753
2297.6,17368.31665
2297.7,16822.81494
2297.8,16731.26221
2297.9,16761.77979
2298,16914.36768
2298.1,16065.59753
2298.2,15943.52722
2298.3,16004.56238
2298.4,16004.56238
2298.5,15943.52722
2298.6,17339.70642
2298.7,16792.29736
2298.8,16914.36768
2298.9,16914.36768
2299,16792.29736
2299.1,16004.56238
2299.2,16094.20776
2299.3,15943.52722
2299.4,15943.52722
2299.5,16155.24292
2299.6,17368.31665
2299.7,16761.77979
2299.8,16822.81494
2299.9,16914.36768
2300,16944.88525
2300.1,16094.20776
2300.2,16094.20776
2300.3,16094.20776
2300.4,16065.59753
2300.5,15943.52722
2300.6,17398.83423
2300.7,16853.33252
2300.8,16792.29736
2300.9,16914.36768
2301,16944.88525
2301.1,15943.52722
2301.2,15943.52722
2301.3,16065.59753
2301.4,16094.20776
2301.5,15974.0448
2301.6,17278.67126
2301.7,16914.36768
2301.8,16883.8501
2301.9,16792.29736
2302,16822.81494
2302.1,16004.56238
2302.2,16094.20776
2302.3,16094.20776
2302.4,16065.59753
2302.5,16094.20776
2302.6,17278.67126
2302.7,16883.8501
2302.8,16914.36768
2302.9,16853.33252
2303,16914.36768
2303.1,16216.27808
2303.2,16155.24292
2303.3,16246.79565
2303.4,16065.59753
2303.5,16216.27808
2303.6,17309.18884
2303.7,16975.40283
2303.8,16914.36768
2303.9,16761.77979
2304,16822.81494
2304.1,16124.72534
2304.2,16004.56238
2304.3,16185.7605
2304.4,16246.79565
2304.5,16246.79565
2304.6,17217.63611
2304.7,16883.8501
2304.8,16853.33252
2304.9,16792.29736
2305,16883.8501
2305.1,16094.20776
2305.2,16246.79565
2305.3,15974.0448
2305.4,16185.7605
2305.5,16216.27808
2305.6,17095.5658
2305.7,16792.29736
2305.8,16883.8501
2305.9,16883.8501
2306,16853.33252
2306.1,16246.79565
2306.2,16185.7605
2306.3,15943.52722
2306.4,16094.20776
2306.5,16094.20776
2306.6,17187.11853
2306.7,16944.88525
2306.8,16792.29736
2306.9,16792.29736
2307,16883.8501
2307.1,16155.24292
2307.2,16155.24292
2307.3,16004.56238
2307.4,16065.59753
2307.5,16094.20776
2307.6,17156.60095
2307.7,16822.81494
2307.8,16914.36768
2307.9,16883.8501
2308,16822.81494
2308.1,16246.79565
2308.2,16185.7605
2308.3,16124.72534
2308.4,16004.56238
2308.5,16124.72534
2308.6,17187.11853
2308.7,16883.8501
2308.8,16944.88525
2308.9,16792.29736
2309,16914.36768
2309.1,16004.56238
2309.2,16185.7605
2309.3,16004.56238
2309.4,16004.56238
2309.5,16155.24292
2309.6,17095.5658
2309.7,16914.36768
2309.8,16792.29736
2309.9,16914.36768
2310,16883.8501
2310.1,16246.79565
2310.2,16185.7605
2310.3,16216.27808
2310.4,16094.20776
2310.5,16185.7605
2310.6,17156.60095
2310.7,16914.36768
2310.8,16944.88525
2310.9,16914.36768
2311,16853.33252
2311.1,16246.79565
2311.2,16155.24292
2311.3,16246.79565
2311.4,16246.79565
2311.5,16185.7605
2311.6,17065.04822
2311.7,16914.36768
2311.8,16853.33252
2311.9,16914.36768
2312,16883.8501
2312.1,16094.20776
2312.2,16124.72534
2312.3,16216.27808
2312.4,16124.72534
2312.5,16307.83081
2312.6,17126.08337
2312.7,16883.8501
2312.8,16914.36768
2312.9,17036.43799
2313,16975.40283
2313.1,16155.24292
2313.2,16246.79565
2313.3,16155.24292
2313.4,16185.7605
2313.5,16216.27808
2313.6,17126.08337
2313.7,16914.36768
2313.8,17005.92041
2313.9,16975.40283
2314,16822.81494
2314.1,16216.27808
2314.2,16246.79565
2314.3,16185.7605
2314.4,16307.83081
2314.5,16216.27808
2314.6,17065.04822
2314.7,16944.88525
2314.8,16914.36768
2314.9,16883.8501
2315,16975.40283
2315.1,16307.83081
2315.2,16155.24292
2315.3,16246.79565
2315.4,16155.24292
2315.5,16307.83081
2315.6,17156.60095
2315.7,16944.88525
2315.8,16975.40283
2315.9,16853.33252
2316,16914.36768
2316.1,16246.79565
2316.2,16155.24292
2316.3,16124.72534
2316.4,16155.24292
2316.5,16155.24292
2316.6,17005.92041
2316.7,16975.40283
2316.8,16914.36768
2316.9,16883.8501
2317,16883.8501
2317.1,16185.7605
2317.2,16277.31323
2317.3,16216.27808
2317.4,16216.27808
2317.5,16307.83081
2317.6,17005.92041
2317.7,16883.8501
2317.8,16914.36768
2317.9,16883.8501
2318,17036.43799
2318.1,16307.83081
2318.2,16246.79565
2318.3,16216.27808
2318.4,16307.83081
2318.5,16307.83081
2318.6,17005.92041
2318.7,17005.92041
2318.8,16944.88525
2318.9,16883.8501
2319,16853.33252
2319.1,16124.72534
2319.2,16338.34839
2319.3,16124.72534
2319.4,16216.27808
2319.5,16124.72534
2319.6,17095.5658
2319.7,17005.92041
2319.8,16975.40283
2319.9,17036.43799
2320,16944.88525
2320.1,16155.24292
2320.2,16185.7605
2320.3,16246.79565
2320.4,16338.34839
2320.5,16307.83081
2320.6,17126.08337
2320.7,16944.88525
2320.8,16914.36768
2320.9,16944.88525
2321,16944.88525
2321.1,16277.31323
2321.2,16277.31323
2321.3,16216.27808
2321.4,16155.24292
2321.5,16246.79565
2321.6,17036.43799
2321.7,17036.43799
2321.8,17126.08337
2321.9,17065.04822
2322,16944.88525
2322.1,16277.31323
2322.2,16277.31323
2322.3,16277.31323
2322.4,16246.79565
2322.5,16307.83081
2322.6,17126.08337
2322.7,16914.36768
2322.8,17065.04822
2322.9,17005.92041
2323,16944.88525
2323.1,16277.31323
2323.2,16185.7605
2323.3,16277.31323
2323.4,16307.83081
2323.5,16307.83081
2323.6,17065.04822
2323.7,17126.08337
2323.8,17065.04822
2323.9,17036.43799
2324,16944.88525
2324.1,16246.79565
2324.2,16307.83081
2324.3,16246.79565
2324.4,16307.83081
2324.5,16246.79565
2324.6,17065.04822
2324.7,17036.43799
2324.8,16975.40283
2324.9,17036.43799
2325,17065.04822
2325.1,16338.34839
2325.2,16246.79565
2325.3,16307.83081
2325.4,16277.31323
2325.5,16277.31323
2325.6,17156.60095
2325.7,16944.88525
2325.8,16975.40283
2325.9,17036.43799
2326,17005.92041
2326.1,16216.27808
2326.2,16277.31323
2326.3,16155.24292
2326.4,16307.83081
2326.5,16185.7605
2326.6,17156.60095
2326.7,17156.60095
2326.8,17005.92041
2326.9,17005.92041
2327,17036.43799
2327.1,16277.31323
2327.2,16277.31323
2327.3,16368.86597
2327.4,16368.86597
2327.5,16185.7605
2327.6,17095.5658
2327.7,17126.08337
2327.8,17005.92041
2327.9,17156.60095
2328,17065.04822
2328.1,16307.83081
2328.2,16155.24292
2328.3,16277.31323
2328.4,16368.86597
2328.5,16277.31323
2328.6,17156.60095
2328.7,16944.88525
2328.8,17036.43799
2328.9,17095.5658
2329,17005.92041
2329.1,16216.27808
2329.2,16277.31323
2329.3,16246.79565
2329.4,16277.31323
2329.5,16307.83081
2329.6,17005.92041
2329.7,17065.04822
2329.8,17036.43799
2329.9,16944.88525
2330,17065.04822
2330.1,16246.79565
2330.2,16338.34839
2330.3,16277.31323
2330.4,16216.27808
2330.5,16185.7605
2330.6,17126.08337
2330.7,17036.43799
2330.8,17005.92041
2330.9,17095.5658
2331,17126.08337
2331.1,16277.31323
2331.2,16185.7605
2331.3,16307.83081
2331.4,16277.31323
2331.5,16397.4762
2331.6,17187.11853
2331.7,17095.5658
2331.8,17126.08337
2331.9,16914.36768
2332,16944.88525
2332.1,16307.83081
2332.2,16338.34839
2332.3,16216.27808
2332.4,16216.27808
2332.5,16246.79565
2332.6,17005.92041
2332.7,17036.43799
2332.8,17005.92041
2332.9,16975.40283
2333,16975.40283
2333.1,16307.83081
2333.2,16155.24292
2333.3,16246.79565
2333.4,16368.86597
2333.5,16185.7605
2333.6,17065.04822
2333.7,17036.43799
2333.8,17005.92041
2333.9,17065.04822
2334,17036.43799
2334.1,16185.7605
2334.2,16277.31323
2334.3,16277.31323
2334.4,16277.31323
2334.5,16307.83081
2334.6,17156.60095
2334.7,17156.60095
2334.8,16944.88525
2334.9,17005.92041
2335,17156.60095
2335.1,16307.83081
2335.2,16277.31323
2335.3,16216.27808
2335.4,16368.86597
2335.5,16277.31323
2335.6,17126.08337
2335.7,17065.04822
2335.8,16975.40283
2335.9,17005.92041
2336,16975.40283
2336.1,16307.83081
2336.2,16216.27808
2336.3,16185.7605
2336.4,16307.83081
2336.5,16246.79565
2336.6,17095.5658
2336.7,17036.43799
2336.8,17065.04822
2336.9,17065.04822
2337,17156.60095
2337.1,16307.83081
2337.2,16338.34839
2337.3,16246.79565
2337.4,16307.83081
2337.5,16307.83081
2337.6,17065.04822
2337.7,17095.5658
2337.8,17065.04822
2337.9,17005.92041
2338,17156.60095
2338.1,16338.34839
2338.2,16338.34839
2338.3,16216.27808
2338.4,16368.86597
2338.5,16368.86597
2338.6,17036.43799
2338.7,17095.5658
2338.8,17095.5658
2338.9,17187.11853
2339,17005.92041
2339.1,16427.99377
2339.2,16277.31323
2339.3,16277.31323
2339.4,16277.31323
2339.5,16246.79565
2339.6,17156.60095
2339.7,17217.63611
2339.8,17005.92041
2339.9,17095.5658
2340,17156.60095
2340.1,16307.83081
2340.2,16368.86597
2340.3,16277.31323
2340.4,16397.4762
2340.5,16368.86597
2340.6,17217.63611
2340.7,17065.04822
2340.8,17065.04822
2340.9,17095.5658
2341,17126.08337
2341.1,16427.99377
2341.2,16427.99377
2341.3,16307.83081
2341.4,16277.31323
2341.5,16397.4762
2341.6,17065.04822
2341.7,17005.92041
2341.8,17095.5658
2341.9,17065.04822
2342,17217.63611
2342.1,16368.86597
2342.2,16458.51135
2342.3,16397.4762
2342.4,16397.4762
2342.5,16458.51135
2342.6,17248.15369
2342.7,17126.08337
2342.8,17187.11853
2342.9,17187.11853
2343,17036.43799
2343.1,16277.31323
2343.2,16397.4762
2343.3,16458.51135
2343.4,16277.31323
2343.5,16368.86597
2343.6,17095.5658
2343.7,17036.43799
2343.8,17126.08337
2343.9,17095.5658
2344,17126.08337
2344.1,16397.4762
2344.2,16368.86597
2344.3,16427.99377
2344.4,16368.86597
2344.5,16368.86597
2344.6,17126.08337
2344.7,17095.5658
2344.8,17095.5658
2344.9,17005.92041
2345,17126.08337
2345.1,16368.86597
2345.2,16338.34839
2345.3,16277.31323
2345.4,16397.4762
2345.5,16277.31323
2345.6,17126.08337
2345.7,17005.92041
2345.8,17187.11853
2345.9,17126.08337
2346,17095.5658
2346.1,16307.83081
2346.2,16427.99377
2346.3,16307.83081
2346.4,16458.51135
2346.5,16489.02893
2346.6,17065.04822
2346.7,17217.63611
2346.8,17065.04822
2346.9,17126.08337
2347,17217.63611
2347.1,16307.83081
2347.2,16277.31323
2347.3,16397.4762
2347.4,16338.34839
2347.5,16427.99377
2347.6,17187.11853
2347.7,17065.04822
2347.8,17126.08337
2347.9,17126.08337
2348,17156.60095
2348.1,16307.83081
2348.2,16397.4762
2348.3,16427.99377
2348.4,16427.99377
2348.5,16489.02893
2348.6,17156.60095
2348.7,17005.92041
2348.8,17126.08337
2348.9,17156.60095
2349,17217.63611
2349.1,16307.83081
2349.2,16338.34839
2349.3,16397.4762
2349.4,16427.99377
2349.5,16277.31323
2349.6,17156.60095
2349.7,17217.63611
2349.8,17248.15369
2349.9,17217.63611
2350,17065.04822
2350.1,16519.54651
2350.2,16368.86597
2350.3,16338.34839
2350.4,16427.99377
2350.5,16427.99377
2350.6,17187.11853
2350.7,17095.5658
2350.8,17217.63611
2350.9,17126.08337
2351,17248.15369
2351.1,16397.4762
2351.2,16338.34839
2351.3,16338.34839
2351.4,16397.4762
2351.5,16397.4762
2351.6,17248.15369
2351.7,17156.60095
2351.8,17126.08337
2351.9,17248.15369
2352,17126.08337
2352.1,16427.99377
2352.2,16427.99377
2352.3,16427.99377
2352.4,16427.99377
2352.5,16427.99377
2352.6,17187.11853
2352.7,17248.15369
2352.8,17248.15369
2352.9,17065.04822
2353,17095.5658
2353.1,16307.83081
2353.2,16427.99377
2353.3,16427.99377
2353.4,16427.99377
2353.5,16397.4762
2353.6,17217.63611
2353.7,17065.04822
2353.8,17126.08337
2353.9,17126.08337
2354,17248.15369
2354.1,16519.54651
2354.2,16427.99377
2354.3,16489.02893
2354.4,16427.99377
2354.5,16427.99377
2354.6,17278.67126
2354.7,17156.60095
2354.8,17187.11853
2354.9,17126.08337
2355,17217.63611
2355.1,16489.02893
2355.2,16427.99377
2355.3,16427.99377
2355.4,16427.99377
2355.5,16427.99377
2355.6,17248.15369
2355.7,17156.60095
2355.8,17187.11853
2355.9,17248.15369
2356,17187.11853
2356.1,16397.4762
2356.2,16489.02893
2356.3,16458.51135
2356.4,16489.02893
2356.5,16368.86597
2356.6,17278.67126
2356.7,17126.08337
2356.8,17126.08337
2356.9,17187.11853
2357,17156.60095
2357.1,16338.34839
2357.2,16458.51135
2357.3,16338.34839
2357.4,16427.99377
2357.5,16397.4762
2357.6,17248.15369
2357.7,17217.63611
2357.8,17217.63611
2357.9,17217.63611
2358,17217.63611
2358.1,16368.86597
2358.2,16397.4762
2358.3,16368.86597
2358.4,16489.02893
2358.5,16368.86597
2358.6,17309.18884
2358.7,17278.67126
2358.8,17126.08337
2358.9,17248.15369
2359,17248.15369
2359.1,16427.99377
2359.2,16489.02893
2359.3,16489.02893
2359.4,16458.51135
2359.5,16489.02893
2359.6,17187.11853
2359.7,17278.67126
2359.8,17278.67126
2359.9,17187.11853
2360,17217.63611
2360.1,16458.51135
2360.2,16489.02893
2360.3,16397.4762
2360.4,16489.02893
2360.5,16550.06409
2360.6,17187.11853
2360.7,17217.63611
2360.8,17248.15369
2360.9,17339.70642
2361,17217.63611
2361.1,16397.4762
2361.2,16458.51135
2361.3,16489.02893
2361.4,16397.4762
2361.5,16519.54651
2361.6,17217.63611
2361.7,17126.08337
2361.8,17156.60095
2361.9,17248.15369
2362,17187.11853
2362.1,16458.51135
2362.2,16580.58167
2362.3,16550.06409
2362.4,16611.09924
2362.5,16489.02893
2362.6,17217.63611
2362.7,17248.15369
2362.8,17248.15369
2362.9,17248.15369
2363,17187.11853
2363.1,16611.09924
2363.2,16427.99377
2363.3,16519.54651
2363.4,16580.58167
2363.5,16519.54651
2363.6,17368.31665
2363.7,17126.08337
2363.8,17126.08337
2363.9,17156.60095
2364,17309.18884
2364.1,16427.99377
2364.2,16580.58167
2364.3,16519.54651
2364.4,16641.61682
2364.5,16519.54651
2364.6,17217.63611
2364.7,17248.15369
2364.8,17187.11853
2364.9,17398.83423
2365,17278.67126
2365.1,16458.51135
2365.2,16641.61682
2365.3,16427.99377
2365.4,16611.09924
2365.5,16641.61682
2365.6,17187.11853
2365.7,17309.18884
2365.8,17248.15369
2365.9,17217.63611
2366,17339.70642
2366.1,16550.06409
2366.2,16458.51135
2366.3,16580.58167
2366.4,16427.99377
2366.5,16519.54651
2366.6,17278.67126
2366.7,17248.15369
2366.8,17248.15369
2366.9,17278.67126
2367,16397.4762
2367.1,16611.09924
2367.2,16519.54651
2367.3,16580.58167
2367.4,16550.06409
2367.5,18552.78015
2367.6,17339.70642
2367.7,17368.31665
2367.8,17309.18884
2367.9,17398.83423
2368,16307.83081
2368.1,16489.02893
2368.2,16672.1344
2368.3,16580.58167
2368.4,16550.06409
2368.5,18733.97827
2368.6,17217.63611
2368.7,17398.83423
2368.8,17217.63611
2368.9,17278.67126
2369,16458.51135
2369.1,16458.51135
2369.2,16550.06409
2369.3,16489.02893
2369.4,16519.54651
2369.5,18733.97827
2369.6,17339.70642
2369.7,17309.18884
2369.8,17217.63611
2369.9,17309.18884
2370,16489.02893
2370.1,16580.58167
2370.2,16580.58167
2370.3,16489.02893
2370.4,16611.09924
2370.5,18644.33289
2370.6,17278.67126
2370.7,17398.83423
2370.8,17248.15369
2370.9,17309.18884
2371,16368.86597
2371.1,16580.58167
2371.2,16672.1344
2371.3,16580.58167
2371.4,16519.54651
2371.5,18672.94312
2371.6,17248.15369
2371.7,17339.70642
2371.8,17278.67126
2371.9,17248.15369
2372,16519.54651
2372.1,16641.61682
2372.2,16519.54651
2372.3,16611.09924
2372.4,16641.61682
2372.5,18613.81531
2372.6,17248.15369
2372.7,17398.83423
2372.8,17398.83423
2372.9,17398.83423
2373,16397.4762
2373.1,16519.54651
2373.2,16519.54651
2373.3,16611.09924
2373.4,16672.1344
2373.5,18430.70984
2373.6,17459.86938
2373.7,17368.31665
2373.8,17278.67126
2373.9,17309.18884
2374,16458.51135
2374.1,16519.54651
2374.2,16519.54651
2374.3,16580.58167
2374.4,16672.1344
2374.5,18249.51172
2374.6,17398.83423
2374.7,17248.15369
2374.8,17339.70642
2374.9,17248.15369
2375,16550.06409
2375.1,16611.09924
2375.2,16580.58167
2375.3,16580.58167
2375.4,16519.54651
2375.5,18188.47656
2375.6,17398.83423
2375.7,17278.67126
2375.8,17368.31665
2375.9,17398.83423
2376,16489.02893
2376.1,16580.58167
2376.2,16519.54651
2376.3,16550.06409
2376.4,16550.06409
2376.5,18066.40625
2376.6,17398.83423
2376.7,17309.18884
2376.8,17459.86938
2376.9,17368.31665
2377,16427.99377
2377.1,16519.54651
2377.2,16519.54651
2377.3,16550.06409
2377.4,16489.02893
2377.5,18007.27844
2377.6,17368.31665
2377.7,17368.31665
2377.8,17398.83423
2377.9,17459.86938
2378,16731.26221
2378.1,16672.1344
2378.2,16611.09924
2378.3,16550.06409
2378.4,16641.61682
2378.5,18007.27844
2378.6,17429.35181
2378.7,17248.15369
2378.8,17278.67126
2378.9,17339.70642
2379,16731.26221
2379.1,16580.58167
2379.2,16641.61682
2379.3,16580.58167
2379.4,16550.06409
2379.5,17824.17297
2379.6,17429.35181
2379.7,17309.18884
2379.8,17368.31665
2379.9,17398.83423
2380,16641.61682
2380.1,16641.61682
2380.2,16641.61682
2380.3,16672.1344
2380.4,16641.61682
2380.5,17854.69055
2380.6,17368.31665
2380.7,17429.35181
2380.8,17429.35181
2380.9,17398.83423
2381,16580.58167
2381.1,16672.1344
2381.2,16641.61682
2381.3,16611.09924
2381.4,16672.1344
2381.5,17854.69055
2381.6,17278.67126
2381.7,17520.90454
2381.8,17398.83423
2381.9,17278.67126
2382,16550.06409
2382.1,16672.1344
2382.2,16580.58167
2382.3,16702.65198
2382.4,16580.58167
2382.5,17793.6554
2382.6,17309.18884
2382.7,17398.83423
2382.8,17398.83423
2382.9,17398.83423
2383,16641.61682
2383.1,16702.65198
2383.2,16672.1344
2383.3,16702.65198
2383.4,16641.61682
2383.5,17732.62024
2383.6,17429.35181
2383.7,17398.83423
2383.8,17520.90454
2383.9,17398.83423
2384,16731.26221
2384.1,16731.26221
2384.2,16731.26221
2384.3,16641.61682
2384.4,16672.1344
2384.5,17763.13782
2384.6,17520.90454
2384.7,17429.35181
2384.8,17339.70642
2384.9,17520.90454
2385,16611.09924
2385.1,16731.26221
2385.2,16761.77979
2385.3,16731.26221
2385.4,16761.77979
2385.5,17824.17297
2385.6,17520.90454
2385.7,17520.90454
2385.8,17490.38696
2385.9,17551.42212
2386,16792.29736
2386.1,16641.61682
2386.2,16672.1344
2386.3,16731.26221
2386.4,16702.65198
2386.5,17642.97485
2386.6,17368.31665
2386.7,17459.86938
2386.8,17520.90454
2386.9,17368.31665
2387,16672.1344
2387.1,16731.26221
2387.2,16672.1344
2387.3,16672.1344
2387.4,16672.1344
2387.5,17763.13782
2387.6,17339.70642
2387.7,17520.90454
2387.8,17520.90454
2387.9,17520.90454
2388,16672.1344
2388.1,16580.58167
2388.2,16611.09924
2388.3,16641.61682
2388.4,16580.58167
2388.5,17551.42212
2388.6,17459.86938
2388.7,17398.83423
2388.8,17398.83423
2388.9,17339.70642
2389,16702.65198
2389.1,16672.1344
2389.2,16702.65198
2389.3,16702.65198
2389.4,16672.1344
2389.5,17673.49243
2389.6,17490.38696
2389.7,17459.86938
2389.8,17368.31665
2389.9,17520.90454
2390,16672.1344
2390.1,16641.61682
2390.2,16702.65198
2390.3,16792.29736
2390.4,16672.1344
2390.5,17702.10266
2390.6,17490.38696
2390.7,17520.90454
2390.8,17429.35181
2390.9,17429.35181
2391,16641.61682
2391.1,16792.29736
2391.2,16761.77979
2391.3,16641.61682
2391.4,16761.77979
2391.5,17673.49243
2391.6,17490.38696
2391.7,17398.83423
2391.8,17490.38696
2391.9,17581.9397
2392,16853.33252
2392.1,16822.81494
2392.2,16731.26221
2392.3,16792.29736
2392.4,16672.1344
2392.5,17612.45728
2392.6,17612.45728
2392.7,17490.38696
2392.8,17642.97485
2392.9,17642.97485
2393,16731.26221
2393.1,16702.65198
2393.2,16822.81494
2393.3,16731.26221
2393.4,16822.81494
2393.5,17642.97485
2393.6,17581.9397
2393.7,17581.9397
2393.8,17642.97485
2393.9,17612.45728
2394,16792.29736
2394.1,16883.8501
2394.2,16731.26221
2394.3,16702.65198
2394.4,16731.26221
2394.5,17612.45728
2394.6,17612.45728
2394.7,17490.38696
2394.8,17490.38696
2394.9,17581.9397
2395,16883.8501
2395.1,16914.36768
2395.2,16792.29736
2395.3,16914.36768
2395.4,16914.36768
2395.5,17673.49243
2395.6,17673.49243
2395.7,17551.42212
2395.8,17702.10266
2395.9,17642.97485
2396,16761.77979
2396.1,16914.36768
2396.2,16731.26221
2396.3,16792.29736
2396.4,16822.81494
2396.5,17732.62024
2396.6,17581.9397
2396.7,17581.9397
2396.8,17551.42212
2396.9,17642.97485
2397,16883.8501
2397.1,16761.77979
2397.2,16883.8501
2397.3,16853.33252
2397.4,16792.29736
2397.5,17732.62024
2397.6,17673.49243
2397.7,17490.38696
2397.8,17490.38696
2397.9,17642.97485
2398,16944.88525
2398.1,16914.36768
2398.2,16792.29736
2398.3,16761.77979
2398.4,16944.88525
2398.5,17732.62024
2398.6,17551.42212
2398.7,17612.45728
2398.8,17520.90454
2398.9,17702.10266
2399,16914.36768
2399.1,16975.40283
2399.2,16914.36768
2399.3,16822.81494
2399.4,16883.8501
2399.5,17702.10266
2399.6,17520.90454
2399.7,17612.45728
2399.8,17763.13782
2399.9,17642.97485
2400,16944.88525
2400.1,16883.8501
2400.2,16822.81494
2400.3,16853.33252
2400.4,16883.8501
2400.5,17763.13782
2400.6,17702.10266
2400.7,17732.62024
2400.8,17612.45728
2400.9,17732.62024
2401,16792.29736
2401.1,16975.40283
2401.2,16883.8501
2401.3,16914.36768
2401.4,16914.36768
2401.5,17702.10266
2401.6,17732.62024
2401.7,17551.42212
2401.8,17642.97485
2401.9,17581.9397
2402,16853.33252
2402.1,16914.36768
2402.2,16975.40283
2402.3,16975.40283
2402.4,16975.40283
2402.5,17854.69055
2402.6,17732.62024
2402.7,17702.10266
2402.8,17763.13782
2402.9,17763.13782
2403,16975.40283
2403.1,16914.36768
2403.2,16914.36768
2403.3,17065.04822
2403.4,17036.43799
2403.5,17732.62024
2403.6,17732.62024
2403.7,17673.49243
2403.8,17763.13782
2403.9,17642.97485
2404,16975.40283
2404.1,17005.92041
2404.2,16853.33252
2404.3,16975.40283
2404.4,16914.36768
2404.5,17763.13782
2404.6,17732.62024
2404.7,17702.10266
2404.8,17732.62024
2404.9,17612.45728
2405,17005.92041
2405.1,16914.36768
2405.2,16914.36768
2405.3,16975.40283
2405.4,16975.40283
2405.5,17732.62024
2405.6,17763.13782
2405.7,17732.62024
2405.8,17732.62024
2405.9,17732.62024
2406,17005.92041
2406.1,16914.36768
2406.2,16914.36768
2406.3,17036.43799
2406.4,16944.88525
2406.5,17793.6554
2406.6,17763.13782
2406.7,17732.62024
2406.8,17702.10266
2406.9,17763.13782
2407,17005.92041
2407.1,17065.04822
2407.2,16975.40283
2407.3,17005.92041
2407.4,17126.08337
2407.5,17854.69055
2407.6,17763.13782
2407.7,17673.49243
2407.8,17763.13782
2407.9,17732.62024
2408,17036.43799
2408.1,17005.92041
2408.2,16975.40283
2408.3,17005.92041
2408.4,17005.92041
2408.5,17763.13782
2408.6,17702.10266
2408.7,17793.6554
2408.8,17824.17297
2408.9,17732.62024
2409,16975.40283
2409.1,16975.40283
2409.2,17065.04822
2409.3,17126.08337
2409.4,17126.08337
2409.5,17793.6554
2409.6,17793.6554
2409.7,17763.13782
2409.8,17793.6554
2409.9,17824.17297
2410,17156.60095
2410.1,17036.43799
2410.2,17126.08337
2410.3,17095.5658
2410.4,17126.08337
2410.5,17824.17297
2410.6,17854.69055
2410.7,17824.17297
2410.8,17885.20813
2410.9,17885.20813
2411,17036.43799
2411.1,17036.43799
2411.2,17126.08337
2411.3,17065.04822
2411.4,17065.04822
2411.5,17824.17297
2411.6,17763.13782
2411.7,17946.24329
2411.8,17885.20813
2411.9,17763.13782
2412,17187.11853
2412.1,17156.60095
2412.2,17156.60095
2412.3,17217.63611
2412.4,17126.08337
2412.5,17946.24329
2412.6,17763.13782
2412.7,17854.69055
2412.8,17854.69055
2412.9,17854.69055
2413,17187.11853
2413.1,17126.08337
2413.2,17217.63611
2413.3,17187.11853
2413.4,17217.63611
2413.5,17885.20813
2413.6,17976.76086
2413.7,17824.17297
2413.8,17976.76086
2413.9,17915.72571
2414,17126.08337
2414.1,17126.08337
2414.2,17126.08337
2414.3,17248.15369
2414.4,17036.43799
2414.5,17946.24329
2414.6,18007.27844
2414.7,17946.24329
2414.8,17946.24329
2414.9,17946.24329
2415,17248.15369
2415.1,17278.67126
2415.2,17156.60095
2415.3,17248.15369
2415.4,17217.63611
2415.5,17976.76086
2415.6,17976.76086
2415.7,17915.72571
2415.8,17915.72571
2415.9,17915.72571
2416,17217.63611
2416.1,17126.08337
2416.2,17217.63611
2416.3,17126.08337
2416.4,17217.63611
2416.5,18007.27844
2416.6,17885.20813
2416.7,17915.72571
2416.8,17946.24329
2416.9,18007.27844
2417,17248.15369
2417.1,17126.08337
2417.2,17187.11853
2417.3,17248.15369
2417.4,17187.11853
2417.5,18007.27844
2417.6,18007.27844
2417.7,17885.20813
2417.8,17946.24329
2417.9,17946.24329
2418,17217.63611
2418.1,17309.18884
2418.2,17339.70642
2418.3,17217.63611
2418.4,17248.15369
2418.5,18035.88867
2418.6,17976.76086
2418.7,17946.24329
2418.8,18035.88867
2418.9,17976.76086
2419,17217.63611
2419.1,17278.67126
2419.2,17309.18884
2419.3,17278.67126
2419.4,17248.15369
2419.5,17946.24329
2419.6,17915.72571
2419.7,18035.88867
2419.8,18007.27844
2419.9,17915.72571
2420,17278.67126
2420.1,17278.67126
2420.2,17309.18884
2420.3,17248.15369
2420.4,17187.11853
2420.5,18096.92383
2420.6,18007.27844
2420.7,18007.27844
2420.8,17976.76086
2420.9,18096.92383
2421,17248.15369
2421.1,17248.15369
2421.2,17248.15369
2421.3,17368.31665
2421.4,17248.15369
2421.5,18096.92383
2421.6,17946.24329
2421.7,18007.27844
2421.8,18127.44141
2421.9,17976.76086
2422,17309.18884
2422.1,17248.15369
2422.2,17368.31665
2422.3,17278.67126
2422.4,17248.15369
2422.5,18157.95898
2422.6,17976.76086
2422.7,17976.76086
2422.8,17976.76086
2422.9,18066.40625
2423,17278.67126
2423.1,17248.15369
2423.2,17398.83423
2423.3,17368.31665
2423.4,17339.70642
2423.5,18096.92383
2423.6,18007.27844
2423.7,18035.88867
2423.8,18127.44141
2423.9,18096.92383
2424,17429.35181
2424.1,17339.70642
2424.2,17248.15369
2424.3,17309.18884
2424.4,17248.15369
2424.5,18096.92383
2424.6,18188.47656
2424.7,17976.76086
2424.8,18127.44141
2424.9,18096.92383
2425,17339.70642
2425.1,17459.86938
2425.2,17339.70642
2425.3,17278.67126
2425.4,17368.31665
2425.5,18035.88867
2425.6,18127.44141
2425.7,18157.95898
2425.8,18007.27844
2425.9,18035.88867
2426,17429.35181
2426.1,17368.31665
2426.2,17368.31665
2426.3,17278.67126
2426.4,17309.18884
2426.5,18218.99414
2426.6,18249.51172
2426.7,18127.44141
2426.8,18157.95898
2426.9,18188.47656
2427,17398.83423
2427.1,17398.83423
2427.2,17278.67126
2427.3,17398.83423
2427.4,17398.83423
2427.5,18218.99414
2427.6,18127.44141
2427.7,18035.88867
2427.8,18035.88867
2427.9,18127.44141
2428,17490.38696
2428.1,17309.18884
2428.2,17398.83423
2428.3,17368.31665
2428.4,17368.31665
2428.5,18157.95898
2428.6,18218.99414
2428.7,18157.95898
2428.8,18066.40625
2428.9,18035.88867
2429,17429.35181
2429.1,17309.18884
2429.2,17398.83423
2429.3,17459.86938
2429.4,17398.83423
2429.5,18218.99414
2429.6,18157.95898
2429.7,18249.51172
2429.8,18249.51172
2429.9,18188.47656
2430,17520.90454
2430.1,17339.70642
2430.2,17368.31665
2430.3,17368.31665
2430.4,17429.35181
2430.5,18096.92383
2430.6,18127.44141
2430.7,18249.51172
2430.8,18127.44141
2430.9,18127.44141
2431,17551.42212
2431.1,17520.90454
2431.2,17459.86938
2431.3,17398.83423
2431.4,17459.86938
2431.5,18249.51172
2431.6,18218.99414
2431.7,18188.47656
2431.8,18188.47656
2431.9,18249.51172
2432,17520.90454
2432.1,17459.86938
2432.2,17429.35181
2432.3,17581.9397
2432.4,17459.86938
2432.5,18249.51172
2432.6,18188.47656
2432.7,18280.0293
2432.8,18127.44141
2432.9,18280.0293
2433,17520.90454
2433.1,17520.90454
2433.2,17551.42212
2433.3,17490.38696
2433.4,17429.35181
2433.5,18280.0293
2433.6,18369.67468
2433.7,18218.99414
2433.8,18310.54688
2433.9,18188.47656
2434,17459.86938
2434.1,17520.90454
2434.2,17520.90454
2434.3,17612.45728
2434.4,17520.90454
2434.5,18280.0293
2434.6,18249.51172
2434.7,18249.51172
2434.8,18369.67468
2434.9,18280.0293
2435,17581.9397
2435.1,17520.90454
2435.2,17459.86938
2435.3,17642.97485
2435.4,17642.97485
2435.5,18369.67468
2435.6,18218.99414
2435.7,18339.1571
2435.8,18280.0293
2435.9,18280.0293
2436,17551.42212
2436.1,17612.45728
2436.2,17551.42212
2436.3,17490.38696
2436.4,17581.9397
2436.5,18249.51172
2436.6,18339.1571
2436.7,18218.99414
2436.8,18400.19226
2436.9,18369.67468
2437,17612.45728
2437.1,17490.38696
2437.2,17612.45728
2437.3,17612.45728
2437.4,17551.42212
2437.5,18339.1571
2437.6,18249.51172
2437.7,18430.70984
2437.8,18369.67468
2437.9,18369.67468
2438,17551.42212
2438.1,17642.97485
2438.2,17551.42212
2438.3,17642.97485
2438.4,17459.86938
2438.5,18310.54688
2438.6,18188.47656
2438.7,18280.0293
2438.8,18280.0293
2438.9,18280.0293
2439,17612.45728
2439.1,17581.9397
2439.2,17612.45728
2439.3,17642.97485
2439.4,17551.42212
2439.5,18369.67468
2439.6,18400.19226
2439.7,18339.1571
2439.8,18310.54688
2439.9,18339.1571
2440,17612.45728
2440.1,17642.97485
2440.2,17612.45728
2440.3,17520.90454
2440.4,17520.90454
2440.5,18369.67468
2440.6,18400.19226
2440.7,18280.0293
2440.8,18430.70984
2440.9,18249.51172
2441,17702.10266
2441.1,17612.45728
2441.2,17551.42212
2441.3,17732.62024
2441.4,17642.97485
2441.5,18430.70984
2441.6,18491.745
2441.7,18310.54688
2441.8,18339.1571
2441.9,18430.70984
2442,17702.10266
2442.1,17581.9397
2442.2,17702.10266
2442.3,17581.9397
2442.4,17673.49243
2442.5,18369.67468
2442.6,18369.67468
2442.7,18400.19226
2442.8,18491.745
2442.9,18461.22742
2443,17673.49243
2443.1,17793.6554
2443.2,17612.45728
2443.3,17793.6554
2443.4,17732.62024
2443.5,18400.19226
2443.6,18461.22742
2443.7,18369.67468
2443.8,18369.67468
2443.9,18369.67468
2444,17702.10266
2444.1,17642.97485
2444.2,17673.49243
2444.3,17612.45728
2444.4,17642.97485
2444.5,18430.70984
2444.6,18400.19226
2444.7,18369.67468
2444.8,18491.745
2444.9,17551.42212
2445,17702.10266
2445.1,17732.62024
2445.2,17793.6554
2445.3,17702.10266
2445.4,17763.13782
2445.5,18430.70984
2445.6,18461.22742
2445.7,18461.22742
2445.8,18491.745
2445.9,17673.49243
2446,17702.10266
2446.1,17612.45728
2446.2,17763.13782
2446.3,17702.10266
2446.4,19826.88904
2446.5,18461.22742
2446.6,18491.745
2446.7,18491.745
2446.8,18522.26257
2446.9,17551.42212
2447,17763.13782
2447.1,17793.6554
2447.2,17702.10266
2447.3,17732.62024
2447.4,19796.37146
2447.5,18491.745
2447.6,18491.745
2447.7,18491.745
2447.8,18400.19226
2447.9,17642.97485
2448,17702.10266
2448.1,17702.10266
2448.2,17732.62024
2448.3,17763.13782
2448.4,20008.08716
2448.5,18491.745
2448.6,18430.70984
2448.7,18583.29773
2448.8,18400.19226
2448.9,17551.42212
2449,17732.62024
2449.1,17612.45728
2449.2,17732.62024
2449.3,17732.62024
2449.4,19948.95935
2449.5,18522.26257
2449.6,18491.745
2449.7,18522.26257
2449.8,18461.22742
2449.9,17581.9397
2450,17793.6554
2450.1,17702.10266
2450.2,17793.6554
2450.3,17793.6554
2450.4,19887.92419
2450.5,18491.745
2450.6,18461.22742
2450.7,18613.81531
2450.8,18461.22742
2450.9,17612.45728
2451,17702.10266
2451.1,17763.13782
2451.2,17885.20813
2451.3,17793.6554
2451.4,19704.81873
2451.5,18583.29773
2451.6,18644.33289
2451.7,18461.22742
2451.8,18461.22742
2451.9,17702.10266
2452,17673.49243
2452.1,17702.10266
2452.2,17793.6554
2452.3,17824.17297
2452.4,19554.13818
2452.5,18613.81531
2452.6,18583.29773
2452.7,18491.745
2452.8,18522.26257
2452.9,17824.17297
2453,17824.17297
2453.1,17854.69055
2453.2,18007.27844
2453.3,17854.69055
2453.4,19523.62061
2453.5,18552.78015
2453.6,18672.94312
2453.7,18733.97827
2453.8,18733.97827
2453.9,17854.69055
2454,17793.6554
2454.1,17885.20813
2454.2,17854.69055
2454.3,17763.13782
2454.4,19401.55029
2454.5,18672.94312
2454.6,18583.29773
2454.7,18613.81531
2454.8,18672.94312
2454.9,17915.72571
2455,17885.20813
2455.1,17854.69055
2455.2,17915.72571
2455.3,18007.27844
2455.4,19250.86975
2455.5,18583.29773
2455.6,18583.29773
2455.7,18583.29773
2455.8,18703.46069
2455.9,17946.24329
2456,17946.24329
2456.1,17915.72571
2456.2,17976.76086
2456.3,17854.69055
2456.4,19401.55029
2456.5,18583.29773
2456.6,18644.33289
2456.7,18795.01343
2456.8,18672.94312
2456.9,18007.27844
2457,18007.27844
2457.1,18007.27844
2457.2,17946.24329
2457.3,17946.24329
2457.4,19250.86975
2457.5,18613.81531
2457.6,18795.01343
2457.7,18764.49585
2457.8,18613.81531
2457.9,18007.27844
2458,17976.76086
2458.1,17976.76086
2458.2,17915.72571
2458.3,18007.27844
2458.4,19340.51514
2458.5,18733.97827
2458.6,18613.81531
2458.7,18672.94312
2458.8,18644.33289
2458.9,17885.20813
2459,17976.76086
2459.1,18007.27844
2459.2,18066.40625
2459.3,17946.24329
2459.4,19309.99756
2459.5,18703.46069
2459.6,18733.97827
2459.7,18733.97827
2459.8,18613.81531
2459.9,17976.76086
2460,18007.27844
2460.1,18007.27844
2460.2,18035.88867
2460.3,17915.72571
2460.4,19189.83459
2460.5,18795.01343
2460.6,18703.46069
2460.7,18764.49585
2460.8,18703.46069
2460.9,18007.27844
2461,17976.76086
2461.1,18007.27844
2461.2,18007.27844
2461.3,18007.27844
2461.4,19128.79944
2461.5,18733.97827
2461.6,18856.04858
2461.7,18703.46069
2461.8,18795.01343
2461.9,18035.88867
2462,17915.72571
2462.1,17915.72571
2462.2,18007.27844
2462.3,17946.24329
2462.4,19250.86975
2462.5,18856.04858
2462.6,18856.04858
2462.7,18733.97827
2462.8,18795.01343
2462.9,17976.76086
2463,18007.27844
2463.1,18096.92383
2463.2,18127.44141
2463.3,18007.27844
2463.4,19220.35217
2463.5,18856.04858
2463.6,18733.97827
2463.7,18703.46069
2463.8,18795.01343
2463.9,18127.44141
2464,18096.92383
2464.1,18007.27844
2464.2,17976.76086
2464.3,18157.95898
2464.4,19220.35217
2464.5,18917.08374
2464.6,18764.49585
2464.7,18856.04858
2464.8,18733.97827
2464.9,17976.76086
2465,18096.92383
2465.1,18096.92383
2465.2,17976.76086
2465.3,17976.76086
2465.4,19098.28186
2465.5,18825.53101
2465.6,18764.49585
2465.7,18886.56616
2465.8,18825.53101
2465.9,18127.44141
2466,18096.92383
2466.1,18157.95898
2466.2,18007.27844
2466.3,18007.27844
2466.4,19098.28186
2466.5,18917.08374
2466.6,18764.49585
2466.7,18978.1189
2466.8,18795.01343
2466.9,18127.44141
2467,18035.88867
2467.1,18007.27844
2467.2,17976.76086
2467.3,18127.44141
2467.4,19220.35217
2467.5,18825.53101
2467.6,18856.04858
2467.7,18795.01343
2467.8,18917.08374
2467.9,18127.44141
2468,18096.92383
2468.1,17976.76086
2468.2,18127.44141
2468.3,18035.88867
2468.4,19159.31702
2468.5,18917.08374
2468.6,18764.49585
2468.7,18733.97827
2468.8,18825.53101
2468.9,18188.47656
2469,18157.95898
2469.1,18096.92383
2469.2,18096.92383
2469.3,18007.27844
2469.4,19098.28186
2469.5,18856.04858
2469.6,18856.04858
2469.7,18856.04858
2469.8,18886.56616
2469.9,18096.92383
2470,18035.88867
2470.1,18096.92383
2470.2,18035.88867
2470.3,18127.44141
2470.4,19128.79944
2470.5,18917.08374
2470.6,18764.49585
2470.7,18795.01343
2470.8,18764.49585
2470.9,18035.88867
2471,18096.92383
2471.1,18127.44141
2471.2,18218.99414
2471.3,18127.44141
2471.4,18978.1189
2471.5,18947.60132
2471.6,18886.56616
2471.7,18978.1189
2471.8,18917.08374
2471.9,18188.47656
2472,18218.99414
2472.1,18096.92383
2472.2,18218.99414
2472.3,18096.92383
2472.4,19098.28186
2472.5,18917.08374
2472.6,18978.1189
2472.7,18825.53101
2472.8,18978.1189
2472.9,18096.92383
2473,18096.92383
2473.1,18188.47656
2473.2,18188.47656
2473.3,18096.92383
2473.4,19006.72913
2473.5,18978.1189
2473.6,18917.08374
2473.7,18856.04858
2473.8,19037.2467
2473.9,18157.95898
2474,18096.92383
2474.1,18188.47656
2474.2,18066.40625
2474.3,18188.47656
2474.4,19128.79944
2474.5,18978.1189
2474.6,18917.08374
2474.7,18978.1189
2474.8,18917.08374
2474.9,18127.44141
2475,18218.99414
2475.1,18157.95898
2475.2,18188.47656
2475.3,18249.51172
2475.4,19067.76428
2475.5,18978.1189
2475.6,18825.53101
2475.7,18978.1189
2475.8,18917.08374
2475.9,18157.95898
2476,18218.99414
2476.1,18249.51172
2476.2,18127.44141
2476.3,18188.47656
2476.4,19037.2467
2476.5,18917.08374
2476.6,18825.53101
2476.7,18886.56616
2476.8,18978.1189
2476.9,18096.92383
2477,18157.95898
2477.1,18066.40625
2477.2,18127.44141
2477.3,18188.47656
2477.4,19006.72913
2477.5,18856.04858
2477.6,18856.04858
2477.7,18947.60132
2477.8,18947.60132
2477.9,18218.99414
2478,18157.95898
2478.1,18218.99414
2478.2,18249.51172
2478.3,18249.51172
2478.4,19006.72913
2478.5,18886.56616
2478.6,18917.08374
2478.7,18978.1189
2478.8,18978.1189
2478.9,18280.0293
2479,18310.54688
2479.1,18249.51172
2479.2,18280.0293
2479.3,18127.44141
2479.4,19189.83459
2479.5,18978.1189
2479.6,18978.1189
2479.7,19037.2467
2479.8,18886.56616
2479.9,18339.1571
2480,18218.99414
2480.1,18280.0293
2480.2,18188.47656
2480.3,18280.0293
2480.4,19159.31702
2480.5,18917.08374
2480.6,19006.72913
2480.7,18917.08374
2480.8,18978.1189
2480.9,18249.51172
2481,18218.99414
2481.1,18188.47656
2481.2,18188.47656
2481.3,18157.95898
2481.4,19098.28186
2481.5,19098.28186
2481.6,19098.28186
2481.7,19006.72913
2481.8,18947.60132
2481.9,18249.51172
2482,18218.99414
2482.1,18218.99414
2482.2,18157.95898
2482.3,18188.47656
2482.4,19067.76428
2482.5,18947.60132
2482.6,19006.72913
2482.7,18947.60132
2482.8,19067.76428
2482.9,18157.95898
2483,18127.44141
2483.1,18249.51172
2483.2,18157.95898
2483.3,18249.51172
2483.4,19098.28186
2483.5,18917.08374
2483.6,18978.1189
2483.7,18978.1189
2483.8,19067.76428
2483.9,18280.0293
2484,18280.0293
2484.1,18280.0293
2484.2,18369.67468
2484.3,18280.0293
2484.4,19159.31702
2484.5,19006.72913
2484.6,18917.08374
2484.7,19006.72913
2484.8,18947.60132
2484.9,18369.67468
2485,18218.99414
2485.1,18339.1571
2485.2,18310.54688
2485.3,18369.67468
2485.4,19220.35217
2485.5,19006.72913
2485.6,19098.28186
2485.7,19006.72913
2485.8,19067.76428
2485.9,18280.0293
2486,18310.54688
2486.1,18339.1571
2486.2,18218.99414
2486.3,18249.51172
2486.4,19067.76428
2486.5,19037.2467
2486.6,19067.76428
2486.7,19067.76428
2486.8,18978.1189
2486.9,18310.54688
2487,18369.67468
2487.1,18310.54688
2487.2,18280.0293
2487.3,18249.51172
2487.4,19098.28186
2487.5,18978.1189
2487.6,19128.79944
2487.7,19098.28186
2487.8,19037.2467
2487.9,18339.1571
2488,18280.0293
2488.1,18310.54688
2488.2,18310.54688
2488.3,18218.99414
2488.4,19128.79944
2488.5,19159.31702
2488.6,19037.2467
2488.7,19098.28186
2488.8,19037.2467
2488.9,18310.54688
2489,18339.1571
2489.1,18339.1571
2489.2,18280.0293
2489.3,18369.67468
2489.4,19067.76428
2489.5,19159.31702
2489.6,19189.83459
2489.7,19067.76428
2489.8,19098.28186
2489.9,18369.67468
2490,18339.1571
2490.1,18310.54688
2490.2,18400.19226
2490.3,18249.51172
2490.4,19098.28186
2490.5,19128.79944
2490.6,19067.76428
2490.7,19098.28186
2490.8,19159.31702
2490.9,18430.70984
2491,18461.22742
2491.1,18430.70984
2491.2,18369.67468
2491.3,18369.67468
2491.4,19250.86975
2491.5,19159.31702
2491.6,19189.83459
2491.7,19159.31702
2491.8,19250.86975
2491.9,18583.29773
2492,18522.26257
2492.1,18430.70984
2492.2,18430.70984
2492.3,18400.19226
2492.4,19220.35217
2492.5,19098.28186
2492.6,19250.86975
2492.7,19128.79944
2492.8,19098.28186
2492.9,18369.67468
2493,18491.745
2493.1,18461.22742
2493.2,18583.29773
2493.3,18430.70984
2493.4,19189.83459
2493.5,19098.28186
2493.6,19159.31702
2493.7,19128.79944
2493.8,19250.86975
2493.9,18461.22742
2494,18583.29773
2494.1,18491.745
2494.2,18461.22742
2494.3,18491.745
2494.4,19250.86975
2494.5,19340.51514
2494.6,19309.99756
2494.7,19159.31702
2494.8,19340.51514
2494.9,18430.70984
2495,18461.22742
2495.1,18430.70984
2495.2,18522.26257
2495.3,18430.70984
2495.4,19371.03271
2495.5,19189.83459
2495.6,19159.31702
2495.7,19281.38733
2495.8,19309.99756
2495.9,18430.70984
2496,18491.745
2496.1,18430.70984
2496.2,18430.70984
2496.3,18461.22742
2496.4,19309.99756
2496.5,19250.86975
2496.6,19309.99756
2496.7,19281.38733
2496.8,19309.99756
2496.9,18430.70984
2497,18583.29773
2497.1,18583.29773
2497.2,18522.26257
2497.3,18522.26257
2497.4,19281.38733
2497.5,19281.38733
2497.6,19250.86975
2497.7,19340.51514
2497.8,19220.35217
2497.9,18430.70984
2498,18461.22742
2498.1,18461.22742
2498.2,18461.22742
2498.3,18461.22742
2498.4,19309.99756
2498.5,19189.83459
2498.6,19250.86975
2498.7,19281.38733
2498.8,19309.99756
2498.9,18552.78015
2499,18522.26257
2499.1,18613.81531
2499.2,18583.29773
2499.3,18583.29773
2499.4,19371.03271
2499.5,19220.35217
2499.6,19371.03271
2499.7,19220.35217
2499.8,19250.86975
2499.9,18644.33289
2500,18552.78015
2500.1,18522.26257
2500.2,18491.745
2500.3,18552.78015
2500.4,19340.51514
2500.5,19309.99756
2500.6,19340.51514
2500.7,19250.86975
2500.8,19220.35217
2500.9,18644.33289
2501,18583.29773
2501.1,18672.94312
2501.2,18522.26257
2501.3,18613.81531
2501.4,19462.58545
2501.5,19340.51514
2501.6,19401.55029
2501.7,19340.51514
2501.8,19340.51514
2501.9,18583.29773
2502,18583.29773
2502.1,18583.29773
2502.2,18491.745
2502.3,18552.78015
2502.4,19462.58545
2502.5,19340.51514
2502.6,19371.03271
2502.7,19309.99756
2502.8,19281.38733
2502.9,18672.94312
2503,18583.29773
2503.1,18583.29773
2503.2,18672.94312
2503.3,18583.29773
2503.4,19309.99756
2503.5,19462.58545
2503.6,19462.58545
2503.7,19401.55029
2503.8,19432.06787
2503.9,18733.97827
2504,18672.94312
2504.1,18613.81531
2504.2,18644.33289
2504.3,18703.46069
2504.4,19432.06787
2504.5,19462.58545
2504.6,19493.10303
2504.7,19462.58545
2504.8,19309.99756
2504.9,18703.46069
2505,18733.97827
2505.1,18583.29773
2505.2,18733.97827
2505.3,18764.49585
2505.4,19432.06787
2505.5,19371.03271
2505.6,19432.06787
2505.7,19523.62061
2505.8,19432.06787
2505.9,18733.97827
2506,18644.33289
2506.1,18764.49585
2506.2,18644.33289
2506.3,18703.46069
2506.4,19493.10303
2506.5,19493.10303
2506.6,19340.51514
2506.7,19493.10303
2506.8,19493.10303
2506.9,18672.94312
2507,18672.94312
2507.1,18613.81531
2507.2,18795.01343
2507.3,18764.49585
2507.4,19462.58545
2507.5,19493.10303
2507.6,19432.06787
2507.7,19615.17334
2507.8,19493.10303
2507.9,18733.97827
2508,18644.33289
2508.1,18764.49585
2508.2,18795.01343
2508.3,18764.49585
2508.4,19615.17334
2508.5,19523.62061
2508.6,19554.13818
2508.7,19584.65576
2508.8,19401.55029
2508.9,18764.49585
2509,18644.33289
2509.1,18644.33289
2509.2,18703.46069
2509.3,18764.49585
2509.4,19462.58545
2509.5,19554.13818
2509.6,19493.10303
2509.7,19493.10303
2509.8,19432.06787
2509.9,18795.01343
2510,18764.49585
2510.1,18795.01343
2510.2,18703.46069
2510.3,18672.94312
2510.4,19554.13818
2510.5,19584.65576
2510.6,19523.62061
2510.7,19493.10303
2510.8,19462.58545
2510.9,18644.33289
2511,18733.97827
2511.1,18703.46069
2511.2,18764.49585
2511.3,18856.04858
2511.4,19523.62061
2511.5,19432.06787
2511.6,19493.10303
2511.7,19493.10303
2511.8,19523.62061
2511.9,18825.53101
2512,18733.97827
2512.1,18764.49585
2512.2,18764.49585
2512.3,18644.33289
2512.4,19584.65576
2512.5,19462.58545
2512.6,19432.06787
2512.7,19493.10303
2512.8,19554.13818
2512.9,18856.04858
2513,18825.53101
2513.1,18733.97827
2513.2,18764.49585
2513.3,18764.49585
2513.4,19554.13818
2513.5,19643.78357
2513.6,19462.58545
2513.7,19615.17334
2513.8,19554.13818
2513.9,18764.49585
2514,18733.97827
2514.1,18856.04858
2514.2,18703.46069
2514.3,18825.53101
2514.4,19643.78357
2514.5,19554.13818
2514.6,19554.13818
2514.7,19462.58545
2514.8,19523.62061
2514.9,18795.01343
2515,18795.01343
2515.1,18733.97827
2515.2,18825.53101
2515.3,18703.46069
2515.4,19643.78357
2515.5,19493.10303
2515.6,19554.13818
2515.7,19523.62061
2515.8,19554.13818
2515.9,18733.97827
2516,18825.53101
2516.1,18856.04858
2516.2,18825.53101
2516.3,18795.01343
2516.4,19643.78357
2516.5,19523.62061
2516.6,19674.30115
2516.7,19462.58545
2516.8,19554.13818
2516.9,18917.08374
2517,18795.01343
2517.1,18795.01343
2517.2,18856.04858
2517.3,18856.04858
2517.4,19704.81873
2517.5,19643.78357
2517.6,19462.58545
2517.7,19462.58545
2517.8,19462.58545
2517.9,18886.56616
2518,18795.01343
2518.1,18764.49585
2518.2,18886.56616
2518.3,18764.49585
2518.4,19643.78357
2518.5,19493.10303
2518.6,19643.78357
2518.7,19643.78357
2518.8,19584.65576
2518.9,18947.60132
2519,18886.56616
2519.1,18856.04858
2519.2,18856.04858
2519.3,18917.08374
2519.4,19643.78357
2519.5,19554.13818
2519.6,19523.62061
2519.7,19584.65576
2519.8,19643.78357
2519.9,18856.04858
2520,18764.49585
2520.1,18856.04858
2520.2,18733.97827
2520.3,18917.08374
2520.4,19523.62061
2520.5,19584.65576
2520.6,19493.10303
2520.7,19493.10303
2520.8,19643.78357
2520.9,18795.01343
2521,18978.1189
2521.1,18764.49585
2521.2,18825.53101
2521.3,18764.49585
2521.4,19643.78357
2521.5,19523.62061
2521.6,19643.78357
2521.7,19674.30115
2521.8,19643.78357
2521.9,18917.08374
2522,18917.08374
2522.1,18856.04858
2522.2,18856.04858
2522.3,18856.04858
2522.4,19554.13818
2522.5,19643.78357
2522.6,19554.13818
2522.7,19643.78357
2522.8,19674.30115
2522.9,18917.08374
2523,18886.56616
2523.1,18978.1189
2523.2,18825.53101
2523.3,18856.04858
2523.4,19796.37146
2523.5,19643.78357
2523.6,19735.3363
2523.7,19643.78357
2523.8,18856.04858
2523.9,18917.08374
2524,18978.1189
2524.1,18917.08374
2524.2,18917.08374
2524.3,18856.04858
2524.4,19584.65576
2524.5,19584.65576
2524.6,19615.17334
2524.7,19643.78357
2524.8,18703.46069
2524.9,19037.2467
2525,18856.04858
2525.1,18978.1189
2525.2,18856.04858
2525.3,21070.48035
2525.4,19584.65576
2525.5,19704.81873
2525.6,19704.81873
2525.7,19704.81873
2525.8,18764.49585
2525.9,18978.1189
2526,18978.1189
2526.1,18917.08374
2526.2,18886.56616
2526.3,21070.48035
2526.4,19704.81873
2526.5,19704.81873
2526.6,19765.85388
2526.7,19674.30115
2526.8,18856.04858
2526.9,18917.08374
2527,18917.08374
2527.1,19037.2467
2527.2,19098.28186
2527.3,21162.03308
2527.4,19704.81873
2527.5,19704.81873
2527.6,19735.3363
2527.7,19765.85388
2527.8,18978.1189
2527.9,18978.1189
2528,19067.76428
2528.1,18947.60132
2528.2,19006.72913
2528.3,21192.55066
2528.4,19735.3363
2528.5,19674.30115
2528.6,19857.40662
2528.7,19704.81873
2528.8,18825.53101
2528.9,19067.76428
2529,18947.60132
2529.1,19098.28186
2529.2,19006.72913
2529.3,21192.55066
2529.4,19735.3363
2529.5,19796.37146
2529.6,19674.30115
2529.7,19765.85388
2529.8,18917.08374
2529.9,19006.72913
2530,18947.60132
2530.1,19067.76428
2530.2,19037.2467
2530.3,21009.44519
2530.4,19796.37146
2530.5,19765.85388
2530.6,19796.37146
2530.7,19826.88904
2530.8,18978.1189
2530.9,19128.79944
2531,19006.72913
2531.1,19067.76428
2531.2,19037.2467
2531.3,20858.76465
2531.4,19948.95935
2531.5,19887.92419
2531.6,19796.37146
2531.7,19796.37146
2531.8,19067.76428
2531.9,19037.2467
2532,19159.31702
2532.1,19006.72913
2532.2,19067.76428
2532.3,20797.72949
2532.4,19826.88904
2532.5,19948.95935
2532.6,19857.40662
2532.7,19826.88904
2532.8,19067.76428
2532.9,18978.1189
2533,18978.1189
2533.1,19006.72913
2533.2,19098.28186
2533.3,20797.72949
2533.4,19857.40662
2533.5,19826.88904
2533.6,19887.92419
2533.7,19857.40662
2533.8,19159.31702
2533.9,19098.28186
2534,19067.76428
2534.1,19037.2467
2534.2,19128.79944
2534.3,20706.17676
2534.4,19857.40662
2534.5,19826.88904
2534.6,19826.88904
2534.7,19796.37146
2534.8,19159.31702
2534.9,19128.79944
2535,19159.31702
2535.1,19067.76428
2535.2,19067.76428
2535.3,20675.65918
2535.4,19796.37146
2535.5,19826.88904
2535.6,19977.56958
2535.7,19948.95935
2535.8,19037.2467
2535.9,19159.31702
2536,19128.79944
2536.1,19067.76428
2536.2,19037.2467
2536.3,20614.62402
2536.4,20008.08716
2536.5,19857.40662
2536.6,19826.88904
2536.7,19796.37146
2536.8,19128.79944
2536.9,19006.72913
2537,18978.1189
2537.1,19037.2467
2537.2,19098.28186
2537.3,20524.97864
2537.4,19948.95935
2537.5,19796.37146
2537.6,19826.88904
2537.7,19887.92419
2537.8,19067.76428
2537.9,19128.79944
2538,19067.76428
2538.1,19006.72913
2538.2,19037.2467
2538.3,20372.39075
2538.4,19977.56958
2538.5,19826.88904
2538.6,19796.37146
2538.7,19826.88904
2538.8,19220.35217
2538.9,19159.31702
2539,19098.28186
2539.1,19159.31702
2539.2,19098.28186
2539.3,20433.4259
2539.4,20069.12231
2539.5,19948.95935
2539.6,19948.95935
2539.7,19826.88904
2539.8,19189.83459
2539.9,19159.31702
2540,19098.28186
2540.1,19189.83459
2540.2,19128.79944
2540.3,20463.94348
2540.4,19977.56958
2540.5,20038.60474
2540.6,19887.92419
2540.7,20038.60474
2540.8,19220.35217
2540.9,19220.35217
2541,19067.76428
2541.1,19159.31702
2541.2,19189.83459
2541.3,20280.83801
2541.4,19977.56958
2541.5,20038.60474
2541.6,19826.88904
2541.7,19977.56958
2541.8,19220.35217
2541.9,19189.83459
2542,19250.86975
2542.1,19128.79944
2542.2,19220.35217
2542.3,20311.35559
2542.4,20069.12231
2542.5,20008.08716
2542.6,19948.95935
2542.7,19977.56958
2542.8,19128.79944
2542.9,19159.31702
2543,19067.76428
2543.1,19189.83459
2543.2,19098.28186
2543.3,20280.83801
2543.4,19857.40662
2543.5,19948.95935
2543.6,20008.08716
2543.7,20069.12231
2543.8,19220.35217
2543.9,19098.28186
2544,19067.76428
2544.1,19159.31702
2544.2,19220.35217
2544.3,20311.35559
2544.4,20038.60474
2544.5,20038.60474
2544.6,20069.12231
2544.7,20069.12231
2544.8,19189.83459
2544.9,19250.86975
2545,19159.31702
2545.1,19189.83459
2545.2,19189.83459
2545.3,20372.39075
2545.4,19918.44177
2545.5,19857.40662
2545.6,19977.56958
2545.7,19887.92419
2545.8,19189.83459
2545.9,19189.83459
2546,19189.83459
2546.1,19220.35217
2546.2,19159.31702
2546.3,20160.67505
2546.4,19918.44177
2546.5,19977.56958
2546.6,19918.44177
2546.7,19887.92419
2546.8,19220.35217
2546.9,19189.83459
2547,19189.83459
2547.1,19220.35217
2547.2,19309.99756
2547.3,20191.19263
2547.4,20130.15747
2547.5,20069.12231
2547.6,19918.44177
2547.7,20099.63989
2547.8,19250.86975
2547.9,19220.35217
2548,19281.38733
2548.1,19189.83459
2548.2,19281.38733
2548.3,20311.35559
2548.4,20038.60474
2548.5,20130.15747
2548.6,20130.15747
2548.7,20069.12231
2548.8,19281.38733
2548.9,19189.83459
2549,19340.51514
2549.1,19250.86975
2549.2,19281.38733
2549.3,20221.71021
2549.4,20160.67505
2549.5,20160.67505
2549.6,20099.63989
2549.7,20038.60474
2549.8,19220.35217
2549.9,19250.86975
2550,19281.38733
2550.1,19189.83459
2550.2,19159.31702
2550.3,20311.35559
2550.4,20038.60474
2550.5,20069.12231
2550.6,20130.15747
2550.7,19887.92419
2550.8,19189.83459
2550.9,19220.35217
2551,19189.83459
2551.1,19281.38733
2551.2,19159.31702
2551.3,20221.71021
2551.4,20069.12231
2551.5,20069.12231
2551.6,19918.44177
2551.7,20038.60474
2551.8,19401.55029
2551.9,19371.03271
2552,19309.99756
2552.1,19189.83459
2552.2,19220.35217
2552.3,20191.19263
2552.4,20099.63989
2552.5,20038.60474
2552.6,20008.08716
2552.7,20069.12231
2552.8,19189.83459
2552.9,19309.99756
2553,19340.51514
2553.1,19281.38733
2553.2,19309.99756
2553.3,20341.87317
2553.4,20130.15747
2553.5,20160.67505
2553.6,20130.15747
2553.7,20038.60474
2553.8,19250.86975
2553.9,19432.06787
2554,19189.83459
2554.1,19281.38733
2554.2,19250.86975
2554.3,20311.35559
2554.4,20038.60474
2554.5,20069.12231
2554.6,20099.63989
2554.7,20221.71021
2554.8,19250.86975
2554.9,19281.38733
2555,19401.55029
2555.1,19340.51514
2555.2,19340.51514
2555.3,20160.67505
2555.4,20130.15747
2555.5,20160.67505
2555.6,20130.15747
2555.7,20160.67505
2555.8,19340.51514
2555.9,19220.35217
2556,19340.51514
2556.1,19281.38733
2556.2,19340.51514
2556.3,20311.35559
2556.4,20191.19263
2556.5,20130.15747
2556.6,20130.15747
2556.7,20130.15747
2556.8,19281.38733
2556.9,19371.03271
2557,19371.03271
2557.1,19340.51514
2557.2,19340.51514
2557.3,20191.19263
2557.4,20069.12231
2557.5,20069.12231
2557.6,20191.19263
2557.7,20221.71021
2557.8,19309.99756
2557.9,19309.99756
2558,19401.55029
2558.1,19250.86975
2558.2,19309.99756
2558.3,20252.22778
2558.4,20160.67505
2558.5,20221.71021
2558.6,20252.22778
2558.7,20160.67505
2558.8,19281.38733
2558.9,19340.51514
2559,19371.03271
2559.1,19462.58545
2559.2,19432.06787
2559.3,20280.83801
2559.4,20160.67505
2559.5,20160.67505
2559.6,20221.71021
2559.7,20191.19263
2559.8,19340.51514
2559.9,19281.38733
2560,19340.51514
2560.1,19371.03271
2560.2,19340.51514
2560.3,20311.35559
2560.4,20160.67505
2560.5,20160.67505
2560.6,20191.19263
2560.7,20160.67505
2560.8,19462.58545
2560.9,19340.51514
2561,19462.58545
2561.1,19340.51514
2561.2,19281.38733
2561.3,20311.35559
2561.4,20221.71021
2561.5,20252.22778
2561.6,20221.71021
2561.7,20221.71021
2561.8,19309.99756
2561.9,19309.99756
2562,19401.55029
2562.1,19432.06787
2562.2,19432.06787
2562.3,20280.83801
2562.4,20160.67505
2562.5,20280.83801
2562.6,20221.71021
2562.7,20221.71021
2562.8,19340.51514
2562.9,19340.51514
2563,19462.58545
2563.1,19340.51514
2563.2,19401.55029
2563.3,20280.83801
2563.4,20221.71021
2563.5,20130.15747
2563.6,20160.67505
2563.7,20130.15747
2563.8,19340.51514
2563.9,19432.06787
2564,19462.58545
2564.1,19493.10303
2564.2,19371.03271
2564.3,20311.35559
2564.4,20191.19263
2564.5,20252.22778
2564.6,20191.19263
2564.7,20130.15747
2564.8,19462.58545
2564.9,19340.51514
2565,19340.51514
2565.1,19432.06787
2565.2,19340.51514
2565.3,20252.22778
2565.4,20280.83801
2565.5,20221.71021
2565.6,20252.22778
2565.7,20160.67505
2565.8,19401.55029
2565.9,19432.06787
2566,19462.58545
2566.1,19462.58545
2566.2,19340.51514
2566.3,20221.71021
2566.4,20221.71021
2566.5,20221.71021
2566.6,20280.83801
2566.7,20252.22778
2566.8,19462.58545
2566.9,19401.55029
2567,19523.62061
2567.1,19493.10303
2567.2,19462.58545
2567.3,20311.35559
2567.4,20252.22778
2567.5,20160.67505
2567.6,20372.39075
2567.7,20221.71021
2567.8,19462.58545
2567.9,19432.06787
2568,19371.03271
2568.1,19432.06787
2568.2,19371.03271
2568.3,20280.83801
2568.4,20311.35559
2568.5,20160.67505
2568.6,20160.67505
2568.7,20221.71021
2568.8,19432.06787
2568.9,19401.55029
2569,19462.58545
2569.1,19493.10303
2569.2,19401.55029
2569.3,20221.71021
2569.4,20160.67505
2569.5,20280.83801
2569.6,20252.22778
2569.7,20252.22778
2569.8,19462.58545
2569.9,19401.55029
2570,19462.58545
2570.1,19401.55029
2570.2,19371.03271
2570.3,20433.4259
2570.4,20280.83801
2570.5,20252.22778
2570.6,20160.67505
2570.7,20160.67505
2570.8,19554.13818
2570.9,19432.06787
2571,19371.03271
2571.1,19462.58545
2571.2,19584.65576
2571.3,20280.83801
2571.4,20252.22778
2571.5,20221.71021
2571.6,20280.83801
2571.7,20341.87317
2571.8,19462.58545
2571.9,19462.58545
2572,19432.06787
2572.1,19432.06787
2572.2,19462.58545
2572.3,20221.71021
2572.4,20252.22778
2572.5,20311.35559
2572.6,20280.83801
2572.7,20191.19263
2572.8,19584.65576
2572.9,19462.58545
2573,19523.62061
2573.1,19432.06787
2573.2,19432.06787
2573.3,20372.39075
2573.4,20372.39075
2573.5,20311.35559
2573.6,20341.87317
2573.7,20191.19263
2573.8,19493.10303
2573.9,19493.10303
2574,19401.55029
2574.1,19432.06787
2574.2,19554.13818
2574.3,20341.87317
2574.4,20311.35559
2574.5,20221.71021
2574.6,20372.39075
2574.7,20402.90833
2574.8,19584.65576
2574.9,19432.06787
2575,19432.06787
2575.1,19493.10303
2575.2,19432.06787
2575.3,20221.71021
2575.4,20311.35559
2575.5,20221.71021
2575.6,20372.39075
2575.7,20341.87317
2575.8,19462.58545
2575.9,19584.65576
2576,19493.10303
2576.1,19554.13818
2576.2,19615.17334
2576.3,20372.39075
2576.4,20311.35559
2576.5,20311.35559
2576.6,20252.22778
2576.7,20341.87317
2576.8,19554.13818
2576.9,19432.06787
2577,19432.06787
2577.1,19462.58545
2577.2,19584.65576
2577.3,20372.39075
2577.4,20280.83801
2577.5,20311.35559
2577.6,20311.35559
2577.7,20191.19263
2577.8,19523.62061
2577.9,19493.10303
2578,19432.06787
2578.1,19554.13818
2578.2,19554.13818
2578.3,20433.4259
2578.4,20280.83801
2578.5,20311.35559
2578.6,20433.4259
2578.7,20311.35559
2578.8,19493.10303
2578.9,19554.13818
2579,19462.58545
2579.1,19584.65576
2579.2,19554.13818
2579.3,20280.83801
2579.4,20372.39075
2579.5,20341.87317
2579.6,20402.90833
2579.7,20372.39075
2579.8,19615.17334
2579.9,19674.30115
2580,19554.13818
2580.1,19584.65576
2580.2,19584.65576
2580.3,20372.39075
2580.4,20311.35559
2580.5,20280.83801
2580.6,20433.4259
2580.7,20311.35559
2580.8,19615.17334
2580.9,19584.65576
2581,19674.30115
2581.1,19462.58545
2581.2,19493.10303
2581.3,20463.94348
2581.4,20372.39075
2581.5,20433.4259
2581.6,20311.35559
2581.7,20402.90833
2581.8,19554.13818
2581.9,19493.10303
2582,19643.78357
2582.1,19462.58545
2582.2,19462.58545
2582.3,20433.4259
2582.4,20311.35559
2582.5,20372.39075
2582.6,20372.39075
2582.7,20280.83801
2582.8,19584.65576
2582.9,19493.10303
2583,19554.13818
2583.1,19674.30115
2583.2,19643.78357
2583.3,20341.87317
2583.4,20463.94348
2583.5,20341.87317
2583.6,20341.87317
2583.7,20372.39075
2583.8,19523.62061
2583.9,19554.13818
2584,19554.13818
2584.1,19704.81873
2584.2,19615.17334
2584.3,20433.4259
2584.4,20433.4259
2584.5,20463.94348
2584.6,20463.94348
2584.7,20494.46106
2584.8,19643.78357
2584.9,19523.62061
2585,19615.17334
2585.1,19554.13818
2585.2,19493.10303
2585.3,20494.46106
2585.4,20494.46106
2585.5,20402.90833
2585.6,20433.4259
2585.7,20402.90833
2585.8,19554.13818
2585.9,19643.78357
2586,19643.78357
2586.1,19615.17334
2586.2,19554.13818
2586.3,20524.97864
2586.4,20372.39075
2586.5,20372.39075
2586.6,20433.4259
2586.7,20402.90833
2586.8,19615.17334
2586.9,19554.13818
2587,19584.65576
2587.1,19643.78357
2587.2,19643.78357
2587.3,20433.4259
2587.4,20524.97864
2587.5,20433.4259
2587.6,20463.94348
2587.7,20402.90833
2587.8,19643.78357
2587.9,19643.78357
2588,19554.13818
2588.1,19704.81873
2588.2,19643.78357
2588.3,20402.90833
2588.4,20463.94348
2588.5,20524.97864
2588.6,20433.4259
2588.7,20524.97864
2588.8,19765.85388
2588.9,19643.78357
2589,19674.30115
2589.1,19704.81873
2589.2,19584.65576
2589.3,20524.97864
2589.4,20463.94348
2589.5,20402.90833
2589.6,20524.97864
2589.7,20555.49622
2589.8,19704.81873
2589.9,19643.78357
2590,19643.78357
2590.1,19615.17334
2590.2,19674.30115
2590.3,20433.4259
2590.4,20463.94348
2590.5,20524.97864
2590.6,20463.94348
2590.7,20463.94348
2590.8,19735.3363
2590.9,19704.81873
2591,19704.81873
2591.1,19704.81873
2591.2,19704.81873
2591.3,20463.94348
2591.4,20433.4259
2591.5,20402.90833
2591.6,20555.49622
2591.7,20463.94348
2591.8,19584.65576
2591.9,19643.78357
2592,19674.30115
2592.1,19674.30115
2592.2,19704.81873
2592.3,20402.90833
2592.4,20494.46106
2592.5,20494.46106
2592.6,20524.97864
2592.7,20463.94348
2592.8,19643.78357
2592.9,19584.65576
2593,19765.85388
2593.1,19735.3363
2593.2,19674.30115
2593.3,20524.97864
2593.4,20524.97864
2593.5,20494.46106
2593.6,20402.90833
2593.7,20433.4259
2593.8,19615.17334
2593.9,19643.78357
2594,19643.78357
2594.1,19704.81873
2594.2,19704.81873
2594.3,20524.97864
2594.4,20463.94348
2594.5,20463.94348
2594.6,20586.01379
2594.7,20463.94348
2594.8,19704.81873
2594.9,19704.81873
2595,19615.17334
2595.1,19643.78357
2595.2,19735.3363
2595.3,20402.90833
2595.4,20463.94348
2595.5,20463.94348
2595.6,20402.90833
2595.7,20463.94348
2595.8,19704.81873
2595.9,19735.3363
2596,19674.30115
2596.1,19704.81873
2596.2,19704.81873
2596.3,20524.97864
2596.4,20524.97864
2596.5,20555.49622
2596.6,20614.62402
2596.7,20402.90833
2596.8,19826.88904
2596.9,19643.78357
2597,19704.81873
2597.1,19735.3363
2597.2,19704.81873
2597.3,20614.62402
2597.4,20463.94348
2597.5,20555.49622
2597.6,20524.97864
2597.7,20555.49622
2597.8,19857.40662
2597.9,19735.3363
2598,19674.30115
2598.1,19674.30115
2598.2,19826.88904
2598.3,20614.62402
2598.4,20614.62402
2598.5,20614.62402
2598.6,20555.49622
2598.7,20555.49622
2598.8,19796.37146
2598.9,19735.3363
2599,19735.3363
2599.1,19735.3363
2599.2,19735.3363
2599.3,20675.65918
2599.4,20614.62402
2599.5,20586.01379
2599.6,20614.62402
2599.7,20614.62402
2599.8,19674.30115
2599.9,19765.85388
2600,19735.3363
2600.1,19765.85388
2600.2,19704.81873
2600.3,20555.49622
2600.4,20614.62402
2600.5,20494.46106
2600.6,20524.97864
2600.7,20555.49622
2600.8,19735.3363
2600.9,19765.85388
2601,19887.92419
2601.1,19735.3363
2601.2,19704.81873
2601.3,20675.65918
2601.4,20524.97864
2601.5,20555.49622
2601.6,20524.97864
2601.7,20555.49622
2601.8,19826.88904
2601.9,19796.37146
2602,19826.88904
2602.1,19735.3363
2602.2,19826.88904
2602.3,20614.62402
2602.4,20614.62402
2602.5,20645.1416
2602.6,20614.62402
2602.7,20524.97864
2602.8,19674.30115
2602.9,19765.85388
2603,19735.3363
2603.1,19704.81873
2603.2,19826.88904
2603.3,20614.62402
2603.4,20524.97864
2603.5,20524.97864
2603.6,20586.01379
2603.7,20614.62402
2603.8,19826.88904
2603.9,19796.37146
2604,19704.81873
2604.1,19948.95935
2604.2,19704.81873
2604.3,20614.62402
2604.4,20586.01379
2604.5,20524.97864
2604.6,20524.97864
2604.7,20614.62402
2604.8,19948.95935
2604.9,19765.85388
2605,19857.40662
2605.1,19704.81873
2605.2,19765.85388
2605.3,20524.97864
2605.4,20614.62402
2605.5,20555.49622
2605.6,20614.62402
2605.7,19674.30115
2605.8,19826.88904
2605.9,19887.92419
2606,19704.81873
2606.1,19735.3363
2606.2,22041.3208
2606.3,20614.62402
2606.4,20675.65918
2606.5,20645.1416
2606.6,20614.62402
2606.7,19674.30115
2606.8,19857.40662
2606.9,20008.08716
2607,19826.88904
2607.1,19796.37146
2607.2,22010.80322
2607.3,20736.69434
2607.4,20645.1416
2607.5,20614.62402
2607.6,20706.17676
2607.7,19704.81873
2607.8,19977.56958
2607.9,19948.95935
2608,19977.56958
2608.1,19977.56958
2608.2,22010.80322
2608.3,20706.17676
2608.4,20675.65918
2608.5,20797.72949
2608.6,20614.62402
2608.7,19674.30115
2608.8,19796.37146
2608.9,19796.37146
2609,19826.88904
2609.1,19857.40662
2609.2,21980.28564
2609.3,20797.72949
2609.4,20767.21191
2609.5,20675.65918
2609.6,20706.17676
2609.7,19735.3363
2609.8,19857.40662
2609.9,19857.40662
2610,19948.95935
2610.1,20038.60474
2610.2,22010.80322
2610.3,20645.1416
2610.4,20614.62402
2610.5,20706.17676
2610.6,20706.17676
2610.7,19735.3363
2610.8,19826.88904
2610.9,19857.40662
2611,19887.92419
2611.1,19796.37146
2611.2,22010.80322
2611.3,20645.1416
2611.4,20767.21191
2611.5,20767.21191
2611.6,20706.17676
2611.7,19796.37146
2611.8,19826.88904
2611.9,20008.08716
2612,20038.60474
2612.1,19857.40662
2612.2,21829.6051
2612.3,20858.76465
2612.4,20645.1416
2612.5,20797.72949
2612.6,20797.72949
2612.7,19857.40662
2612.8,19977.56958
2612.9,19977.56958
2613,20069.12231
2613.1,19977.56958
2613.2,21646.49963
2613.3,20858.76465
2613.4,20736.69434
2613.5,20706.17676
2613.6,20706.17676
2613.7,19918.44177
2613.8,19948.95935
2613.9,19948.95935
2614,19826.88904
2614.1,19826.88904
2614.2,21707.53479
2614.3,20736.69434
2614.4,20645.1416
2614.5,20736.69434
2614.6,20767.21191
2614.7,19977.56958
2614.8,19977.56958
2614.9,19857.40662
2615,19857.40662
2615.1,19887.92419
2615.2,21615.98206
2615.3,20797.72949
2615.4,20767.21191
2615.5,20675.65918
2615.6,20828.24707
2615.7,20008.08716
2615.8,19887.92419
2615.9,19826.88904
2616,20008.08716
2616.1,19887.92419
2616.2,21404.26636
2616.3,20736.69434
2616.4,20706.17676
2616.5,20767.21191
2616.6,20645.1416
2616.7,19857.40662
2616.8,19826.88904
2616.9,20038.60474
2617,19948.95935
2617.1,20099.63989
2617.2,21373.74878
2617.3,20858.76465
2617.4,20767.21191
2617.5,20675.65918
2617.6,20675.65918
2617.7,20099.63989
2617.8,20038.60474
2617.9,20130.15747
2618,20099.63989
2618.1,20038.60474
2618.2,21404.26636
2618.3,20706.17676
2618.4,20706.17676
2618.5,20736.69434
2618.6,20797.72949
2618.7,19918.44177
2618.8,19918.44177
2618.9,20038.60474
2619,19918.44177
2619.1,19887.92419
2619.2,21434.78394
2619.3,20889.28223
2619.4,20858.76465
2619.5,20889.28223
2619.6,20858.76465
2619.7,19977.56958
2619.8,20038.60474
2619.9,20069.12231
2620,20069.12231
2620.1,20008.08716
2620.2,21343.2312
2620.3,20919.7998
2620.4,20858.76465
2620.5,20919.7998
2620.6,20919.7998
2620.7,20099.63989
2620.8,20008.08716
2620.9,20191.19263
2621,20038.60474
2621.1,20069.12231
2621.2,21373.74878
2621.3,20858.76465
2621.4,20858.76465
2621.5,20889.28223
2621.6,20858.76465
2621.7,20130.15747
2621.8,20038.60474
2621.9,20069.12231
2622,20069.12231
2622.1,20160.67505
2622.2,21373.74878
2622.3,20858.76465
2622.4,20797.72949
2622.5,20889.28223
2622.6,20858.76465
2622.7,20191.19263
2622.8,20038.60474
2622.9,20038.60474
2623,20130.15747
2623.1,20038.60474
2623.2,21251.67847
2623.3,20889.28223
2623.4,20858.76465
2623.5,20828.24707
2623.6,20919.7998
2623.7,20160.67505
2623.8,20069.12231
2623.9,20130.15747
2624,20160.67505
2624.1,20160.67505
2624.2,21251.67847
2624.3,20948.41003
2624.4,20919.7998
2624.5,20948.41003
2624.6,20978.92761
2624.7,20160.67505
2624.8,20069.12231
2624.9,20160.67505
2625,20221.71021
2625.1,20069.12231
2625.2,21312.71362
2625.3,20889.28223
2625.4,20889.28223
2625.5,20919.7998
2625.6,20948.41003
2625.7,20280.83801
2625.8,20130.15747
2625.9,20130.15747
2626,20160.67505
2626.1,20191.19263
2626.2,21282.19604
2626.3,20948.41003
2626.4,20889.28223
2626.5,21009.44519
2626.6,20978.92761
2626.7,20160.67505
2626.8,20191.19263
2626.9,20130.15747
2627,20099.63989
2627.1,20280.83801
2627.2,21162.03308
2627.3,20889.28223
2627.4,20858.76465
2627.5,20948.41003
2627.6,21039.96277
2627.7,20221.71021
2627.8,20221.71021
2627.9,20280.83801
2628,20221.71021
2628.1,20191.19263
2628.2,21251.67847
2628.3,20948.41003
2628.4,21009.44519
2628.5,21009.44519
2628.6,20889.28223
2628.7,20160.67505
2628.8,20221.71021
2628.9,20280.83801
2629,20099.63989
2629.1,20160.67505
2629.2,21131.5155
2629.3,21009.44519
2629.4,20948.41003
2629.5,21039.96277
2629.6,20978.92761
2629.7,20280.83801
2629.8,20221.71021
2629.9,20221.71021
2630,20191.19263
2630.1,20252.22778
2630.2,21131.5155
2630.3,21009.44519
2630.4,21009.44519
2630.5,21009.44519
2630.6,20919.7998
2630.7,20160.67505
2630.8,20221.71021
2630.9,20280.83801
2631,20221.71021
2631.1,20160.67505
2631.2,21223.06824
2631.3,21100.99792
2631.4,21039.96277
2631.5,21009.44519
2631.6,21100.99792
2631.7,20221.71021
2631.8,20280.83801
2631.9,20341.87317
2632,20280.83801
2632.1,20252.22778
2632.2,21251.67847
2632.3,21009.44519
2632.4,20948.41003
2632.5,21009.44519
2632.6,21100.99792
2632.7,20280.83801
2632.8,20221.71021
2632.9,20311.35559
2633,20191.19263
2633.1,20280.83801
2633.2,21162.03308
2633.3,21131.5155
2633.4,21100.99792
2633.5,21131.5155
2633.6,21100.99792
2633.7,20280.83801
2633.8,20341.87317
2633.9,20252.22778
2634,20311.35559
2634.1,20191.19263
2634.2,21251.67847
2634.3,20978.92761
2634.4,21009.44519
2634.5,21162.03308
2634.6,21070.48035
2634.7,20341.87317
2634.8,20252.22778
2634.9,20341.87317
2635,20311.35559
2635.1,20341.87317
2635.2,21131.5155
2635.3,21009.44519
2635.4,21162.03308
2635.5,21131.5155
2635.6,20978.92761
2635.7,20372.39075
2635.8,20311.35559
2635.9,20221.71021
2636,20221.71021
2636.1,20341.87317
2636.2,21192.55066
2636.3,21100.99792
2636.4,21009.44519
2636.5,21009.44519
2636.6,20948.41003
2636.7,20280.83801
2636.8,20252.22778
2636.9,20252.22778
2637,20341.87317
2637.1,20311.35559
2637.2,21312.71362
2637.3,20978.92761
2637.4,21039.96277
2637.5,21070.48035
2637.6,21009.44519
2637.7,20252.22778
2637.8,20372.39075
2637.9,20221.71021
2638,20280.83801
2638.1,20372.39075
2638.2,21131.5155
2638.3,21131.5155
2638.4,21009.44519
2638.5,21039.96277
2638.6,21009.44519
2638.7,20280.83801
2638.8,20372.39075
2638.9,20402.90833
2639,20402.90833
2639.1,20341.87317
2639.2,21131.5155
2639.3,21009.44519
2639.4,21131.5155
2639.5,21100.99792
2639.6,21070.48035
2639.7,20372.39075
2639.8,20311.35559
2639.9,20341.87317
2640,20433.4259
2640.1,20280.83801
2640.2,21131.5155
2640.3,21100.99792
2640.4,21100.99792
2640.5,21131.5155
2640.6,21009.44519
2640.7,20402.90833
2640.8,20463.94348
2640.9,20372.39075
2641,20402.90833
2641.1,20372.39075
2641.2,21282.19604
2641.3,21131.5155
2641.4,21251.67847
2641.5,21192.55066
2641.6,21131.5155
2641.7,20433.4259
2641.8,20372.39075
2641.9,20341.87317
2642,20311.35559
2642.1,20433.4259
2642.2,21251.67847
2642.3,21131.5155
2642.4,21251.67847
2642.5,21162.03308
2642.6,21251.67847
2642.7,20494.46106
2642.8,20372.39075
2642.9,20494.46106
2643,20402.90833
2643.1,20341.87317
2643.2,21282.19604
2643.3,21192.55066
2643.4,21131.5155
2643.5,21162.03308
2643.6,21223.06824
2643.7,20433.4259
2643.8,20433.4259
2643.9,20341.87317
2644,20433.4259
2644.1,20433.4259
2644.2,21223.06824
2644.3,21131.5155
2644.4,21192.55066
2644.5,21223.06824
2644.6,21223.06824
2644.7,20555.49622
2644.8,20433.4259
2644.9,20372.39075
2645,20372.39075
2645.1,20463.94348
2645.2,21282.19604
2645.3,21251.67847
2645.4,21282.19604
2645.5,21131.5155
2645.6,21131.5155
2645.7,20402.90833
2645.8,20372.39075
2645.9,20402.90833
2646,20372.39075
2646.1,20402.90833
2646.2,21282.19604
2646.3,21251.67847
2646.4,21282.19604
2646.5,21223.06824
2646.6,21131.5155
2646.7,20402.90833
2646.8,20372.39075
2646.9,20463.94348
2647,20555.49622
2647.1,20433.4259
2647.2,21312.71362
2647.3,21282.19604
2647.4,21282.19604
2647.5,21223.06824
2647.6,21312.71362
2647.7,20463.94348
2647.8,20463.94348
2647.9,20402.90833
2648,20372.39075
2648.1,20402.90833
2648.2,21343.2312
2648.3,21251.67847
2648.4,21131.5155
2648.5,21251.67847
2648.6,21251.67847
2648.7,20402.90833
2648.8,20524.97864
2648.9,20524.97864
2649,20524.97864
2649.1,20402.90833
2649.2,21282.19604
2649.3,21343.2312
2649.4,21251.67847
2649.5,21192.55066
2649.6,21282.19604
2649.7,20494.46106
2649.8,20524.97864
2649.9,20433.4259
2650,20555.49622
2650.1,20614.62402
2650.2,21282.19604
2650.3,21162.03308
2650.4,21282.19604
2650.5,21223.06824
2650.6,21312.71362
2650.7,20494.46106
2650.8,20524.97864
2650.9,20614.62402
2651,20494.46106
2651.1,20645.1416
2651.2,21404.26636
2651.3,21251.67847
2651.4,21404.26636
2651.5,21223.06824
2651.6,21404.26636
2651.7,20524.97864
2651.8,20433.4259
2651.9,20524.97864
2652,20433.4259
2652.1,20402.90833
2652.2,21282.19604
2652.3,21282.19604
2652.4,21343.2312
2652.5,21251.67847
2652.6,21251.67847
2652.7,20524.97864
2652.8,20555.49622
2652.9,20555.49622
2653,20433.4259
2653.1,20524.97864
2653.2,21373.74878
2653.3,21251.67847
2653.4,21343.2312
2653.5,21282.19604
2653.6,21404.26636
2653.7,20463.94348
2653.8,20586.01379
2653.9,20555.49622
2654,20494.46106
2654.1,20614.62402
2654.2,21282.19604
2654.3,21343.2312
2654.4,21312.71362
2654.5,21343.2312
2654.6,21282.19604
2654.7,20555.49622
2654.8,20524.97864
2654.9,20555.49622
2655,20614.62402
2655.1,20494.46106
2655.2,21343.2312
2655.3,21251.67847
2655.4,21251.67847
2655.5,21312.71362
2655.6,21223.06824
2655.7,20555.49622
2655.8,20614.62402
2655.9,20494.46106
2656,20586.01379
2656.1,20645.1416
2656.2,21465.30151
2656.3,21404.26636
2656.4,21404.26636
2656.5,21373.74878
2656.6,21251.67847
2656.7,20645.1416
2656.8,20675.65918
2656.9,20494.46106
2657,20524.97864
2657.1,20675.65918
2657.2,21343.2312
2657.3,21343.2312
2657.4,21312.71362
2657.5,21282.19604
2657.6,21373.74878
2657.7,20555.49622
2657.8,20586.01379
2657.9,20524.97864
2658,20675.65918
2658.1,20675.65918
2658.2,21465.30151
2658.3,21343.2312
2658.4,21404.26636
2658.5,21404.26636
2658.6,21312.71362
2658.7,20524.97864
2658.8,20555.49622
2658.9,20555.49622
2659,20524.97864
2659.1,20555.49622
2659.2,21404.26636
2659.3,21343.2312
2659.4,21373.74878
2659.5,21404.26636
2659.6,21373.74878
2659.7,20555.49622
2659.8,20767.21191
2659.9,20645.1416
2660,20706.17676
2660.1,20586.01379
2660.2,21434.78394
2660.3,21465.30151
2660.4,21526.33667
2660.5,21373.74878
2660.6,21373.74878
2660.7,20736.69434
2660.8,20675.65918
2660.9,20645.1416
2661,20645.1416
2661.1,20675.65918
2661.2,21404.26636
2661.3,21343.2312
2661.4,21526.33667
2661.5,21465.30151
2661.6,21373.74878
2661.7,20736.69434
2661.8,20614.62402
2661.9,20675.65918
2662,20706.17676
2662.1,20645.1416
2662.2,21495.81909
2662.3,21585.46448
2662.4,21434.78394
2662.5,21434.78394
2662.6,21495.81909
2662.7,20645.1416
2662.8,20767.21191
2662.9,20675.65918
2663,20645.1416
2663.1,20614.62402
2663.2,21526.33667
2663.3,21434.78394
2663.4,21465.30151
2663.5,21343.2312
2663.6,21526.33667
2663.7,20614.62402
2663.8,20706.17676
2663.9,20645.1416
2664,20797.72949
2664.1,20736.69434
2664.2,21404.26636
2664.3,21404.26636
2664.4,21526.33667
2664.5,21526.33667
2664.6,21526.33667
2664.7,20645.1416
2664.8,20586.01379
2664.9,20614.62402
2665,20645.1416
2665.1,20675.65918
2665.2,21404.26636
2665.3,21465.30151
2665.4,21404.26636
2665.5,21373.74878
2665.6,21495.81909
2665.7,20706.17676
2665.8,20828.24707
2665.9,20797.72949
2666,20736.69434
2666.1,20675.65918
2666.2,21465.30151
2666.3,21495.81909
2666.4,21465.30151
2666.5,21585.46448
2666.6,21495.81909
2666.7,20767.21191
2666.8,20797.72949
2666.9,20706.17676
2667,20767.21191
2667.1,20797.72949
2667.2,21556.85425
2667.3,21646.49963
2667.4,21526.33667
2667.5,21495.81909
2667.6,21646.49963
2667.7,20767.21191
2667.8,20706.17676
2667.9,20889.28223
2668,20706.17676
2668.1,20797.72949
2668.2,21677.01721
2668.3,21465.30151
2668.4,21465.30151
2668.5,21495.81909
2668.6,21556.85425
2668.7,20828.24707
2668.8,20919.7998
2668.9,20767.21191
2669,20919.7998
2669.1,20828.24707
2669.2,21646.49963
2669.3,21585.46448
2669.4,21585.46448
2669.5,21585.46448
2669.6,21646.49963
2669.7,20767.21191
2669.8,20767.21191
2669.9,20736.69434
2670,20767.21191
2670.1,20858.76465
2670.2,21615.98206
2670.3,21556.85425
2670.4,21615.98206
2670.5,21465.30151
2670.6,21495.81909
2670.7,20706.17676
2670.8,20797.72949
2670.9,20736.69434
2671,20736.69434
2671.1,20797.72949
2671.2,21646.49963
2671.3,21585.46448
2671.4,21495.81909
2671.5,21585.46448
2671.6,21646.49963
2671.7,20858.76465
2671.8,20889.28223
2671.9,20828.24707
2672,20797.72949
2672.1,20919.7998
2672.2,21615.98206
2672.3,21556.85425
2672.4,21495.81909
2672.5,21495.81909
2672.6,21585.46448
2672.7,20889.28223
2672.8,20828.24707
2672.9,20948.41003
2673,20828.24707
2673.1,20767.21191
2673.2,21585.46448
2673.3,21526.33667
2673.4,21526.33667
2673.5,21677.01721
2673.6,21526.33667
2673.7,20858.76465
2673.8,20858.76465
2673.9,20919.7998
2674,20919.7998
2674.1,20889.28223
2674.2,21585.46448
2674.3,21677.01721
2674.4,21615.98206
2674.5,21615.98206
2674.6,21585.46448
2674.7,20948.41003
2674.8,20889.28223
2674.9,20858.76465
2675,20889.28223
2675.1,20919.7998
2675.2,21738.05237
2675.3,21677.01721
2675.4,21738.05237
2675.5,21677.01721
2675.6,21646.49963
2675.7,20889.28223
2675.8,20889.28223
2675.9,20919.7998
2676,20858.76465
2676.1,20889.28223
2676.2,21768.56995
2676.3,21646.49963
2676.4,21738.05237
2676.5,21646.49963
2676.6,21768.56995
2676.7,21009.44519
2676.8,21009.44519
2676.9,21009.44519
2677,21100.99792
2677.1,20889.28223
2677.2,21738.05237
2677.3,21707.53479
2677.4,21677.01721
2677.5,21768.56995
2677.6,21615.98206
2677.7,20948.41003
2677.8,21009.44519
2677.9,21009.44519
2678,21009.44519
2678.1,20978.92761
2678.2,21738.05237
2678.3,21646.49963
2678.4,21738.05237
2678.5,21768.56995
2678.6,21768.56995
2678.7,20919.7998
2678.8,20919.7998
2678.9,20948.41003
2679,21039.96277
2679.1,20948.41003
2679.2,21860.12268
2679.3,21890.64026
2679.4,21646.49963
2679.5,21738.05237
2679.6,21707.53479
2679.7,20889.28223
2679.8,20978.92761
2679.9,20919.7998
2680,21009.44519
2680.1,21100.99792
2680.2,21829.6051
2680.3,21768.56995
2680.4,21799.08752
2680.5,21768.56995
2680.6,21768.56995
2680.7,21009.44519
2680.8,21039.96277
2680.9,21070.48035
2681,21039.96277
2681.1,21009.44519
2681.2,21738.05237
2681.3,21768.56995
2681.4,21738.05237
2681.5,21677.01721
2681.6,21768.56995
2681.7,21039.96277
2681.8,21009.44519
2681.9,20948.41003
2682,21039.96277
2682.1,21009.44519
2682.2,21829.6051
2682.3,21768.56995
2682.4,21768.56995
2682.5,21799.08752
2682.6,21768.56995
2682.7,21009.44519
2682.8,20948.41003
2682.9,20889.28223
2683,21070.48035
2683.1,20889.28223
2683.2,21890.64026
2683.3,21707.53479
2683.4,21829.6051
2683.5,21707.53479
2683.6,21860.12268
2683.7,20948.41003
2683.8,21009.44519
2683.9,21009.44519
2684,21009.44519
2684.1,21100.99792
2684.2,21768.56995
2684.3,21919.25049
2684.4,21799.08752
2684.5,21799.08752
2684.6,21890.64026
2684.7,21100.99792
2684.8,21131.5155
2684.9,21131.5155
2685,20978.92761
2685.1,21039.96277
2685.2,21829.6051
2685.3,21799.08752
2685.4,21829.6051
2685.5,21738.05237
2685.6,21799.08752
2685.7,21039.96277
2685.8,21070.48035
2685.9,21070.48035
2686,21039.96277
2686.1,21100.99792
2686.2,21919.25049
2686.3,21890.64026
2686.4,21829.6051
2686.5,21890.64026
2686.6,21890.64026
2686.7,21100.99792
2686.8,21131.5155
2686.9,21131.5155
2687,21162.03308
2687.1,21131.5155
2687.2,21919.25049
2687.3,21860.12268
2687.4,21919.25049
2687.5,21890.64026
2687.6,21009.44519
2687.7,21100.99792
2687.8,21009.44519
2687.9,21070.48035
2688,21100.99792
2688.1,23284.91211
2688.2,21860.12268
2688.3,21860.12268
2688.4,21919.25049
2688.5,21768.56995
2688.6,20948.41003
2688.7,21131.5155
2688.8,21070.48035
2688.9,21100.99792
2689,21009.44519
2689.1,23345.94727
2689.2,21829.6051
2689.3,21829.6051
2689.4,21768.56995
2689.5,21799.08752
2689.6,20948.41003
2689.7,21039.96277
2689.8,21162.03308
2689.9,21131.5155
2690,21039.96277
2690.1,23284.91211
2690.2,21890.64026
2690.3,21890.64026
2690.4,21919.25049
2690.5,21919.25049
2690.6,20978.92761
2690.7,21131.5155
2690.8,21131.5155
2690.9,21100.99792
2691,21131.5155
2691.1,23254.39453
2691.2,21919.25049
2691.3,21980.28564
2691.4,21919.25049
2691.5,21919.25049
2691.6,20948.41003
2691.7,21039.96277
2691.8,21039.96277
2691.9,21192.55066
2692,21192.55066
2692.1,23254.39453
2692.2,21980.28564
2692.3,21860.12268
2692.4,21890.64026
2692.5,21860.12268
2692.6,20978.92761
2692.7,21100.99792
2692.8,21070.48035
2692.9,21192.55066
2693,21192.55066
2693.1,23223.87695
2693.2,21890.64026
2693.3,22010.80322
2693.4,21980.28564
2693.5,21919.25049
2693.6,21131.5155
2693.7,21131.5155
2693.8,21251.67847
2693.9,21192.55066
2694,21251.67847
2694.1,23042.67883
2694.2,21860.12268
2694.3,21919.25049
2694.4,21860.12268
2694.5,21919.25049
2694.6,21162.03308
2694.7,21192.55066
2694.8,21131.5155
2694.9,21223.06824
2695,21131.5155
2695.1,22951.1261
2695.2,21890.64026
2695.3,22010.80322
2695.4,21980.28564
2695.5,21949.76807
2695.6,21282.19604
2695.7,21131.5155
2695.8,21162.03308
2695.9,21100.99792
2696,21070.48035
2696.1,22861.48071
2696.2,22010.80322
2696.3,21980.28564
2696.4,21949.76807
2696.5,22010.80322
2696.6,21192.55066
2696.7,21223.06824
2696.8,21282.19604
2696.9,21251.67847
2697,21282.19604
2697.1,22800.44556
2697.2,21980.28564
2697.3,21949.76807
2697.4,21890.64026
2697.5,21980.28564
2697.6,21312.71362
2697.7,21192.55066
2697.8,21251.67847
2697.9,21282.19604
2698,21251.67847
2698.1,22739.4104
2698.2,21919.25049
2698.3,22071.83838
2698.4,21980.28564
2698.5,22071.83838
2698.6,21282.19604
2698.7,21373.74878
2698.8,21282.19604
2698.9,21251.67847
2699,21282.19604
2699.1,22586.82251
2699.2,21949.76807
2699.3,22102.35596
2699.4,22071.83838
2699.5,22041.3208
2699.6,21282.19604
2699.7,21251.67847
2699.8,21251.67847
2699.9,21282.19604
2700,21282.19604
2700.1,22739.4104
2700.2,22041.3208
2700.3,21949.76807
2700.4,22132.87354
2700.5,22071.83838
2700.6,21343.2312
2700.7,21312.71362
2700.8,21282.19604
2700.9,21404.26636
2701,21282.19604
2701.1,22647.85767
2701.2,22071.83838
2701.3,22132.87354
2701.4,22010.80322
2701.5,22132.87354
2701.6,21251.67847
2701.7,21251.67847
2701.8,21282.19604
2701.9,21192.55066
2702,21223.06824
2702.1,22556.30493
2702.2,21980.28564
2702.3,22102.35596
2702.4,22132.87354
2702.5,22132.87354
2702.6,21343.2312
2702.7,21192.55066
2702.8,21282.19604
2702.9,21251.67847
2703,21223.06824
2703.1,22436.14197
2703.2,22010.80322
2703.3,22010.80322
2703.4,22071.83838
2703.5,22132.87354
2703.6,21404.26636
2703.7,21282.19604
2703.8,21312.71362
2703.9,21404.26636
2704,21404.26636
2704.1,22466.65955
2704.2,22163.39111
2704.3,22163.39111
2704.4,22071.83838
2704.5,22102.35596
2704.6,21251.67847
2704.7,21373.74878
2704.8,21343.2312
2704.9,21251.67847
2705,21465.30151
2705.1,22556.30493
2705.2,22132.87354
2705.3,22102.35596
2705.4,22163.39111
2705.5,22102.35596
2705.6,21282.19604
2705.7,21373.74878
2705.8,21312.71362
2705.9,21312.71362
2706,21312.71362
2706.1,22405.62439
2706.2,22253.0365
2706.3,22163.39111
2706.4,22132.87354
2706.5,22071.83838
2706.6,21404.26636
2706.7,21343.2312
2706.8,21373.74878
2706.9,21434.78394
2707,21312.71362
2707.1,22405.62439
2707.2,22132.87354
2707.3,22102.35596
2707.4,22102.35596
2707.5,22222.51892
2707.6,21373.74878
2707.7,21404.26636
2707.8,21404.26636
2707.9,21404.26636
2708,21404.26636
2708.1,22405.62439
2708.2,22132.87354
2708.3,22102.35596
2708.4,22253.0365
2708.5,22071.83838
2708.6,21526.33667
2708.7,21465.30151
2708.8,21434.78394
2708.9,21495.81909
2709,21465.30151
2709.1,22497.17712
2709.2,22102.35596
2709.3,22163.39111
2709.4,22222.51892
2709.5,22102.35596
2709.6,21404.26636
2709.7,21373.74878
2709.8,21373.74878
2709.9,21373.74878
2710,21495.81909
2710.1,22436.14197
2710.2,22253.0365
2710.3,22253.0365
2710.4,22102.35596
2710.5,22163.39111
2710.6,21343.2312
2710.7,21404.26636
2710.8,21312.71362
2710.9,21495.81909
2711,21434.78394
2711.1,22375.10681
2711.2,22193.90869
2711.3,22102.35596
2711.4,22163.39111
2711.5,22102.35596
2711.6,21465.30151
2711.7,21343.2312
2711.8,21312.71362
2711.9,21404.26636
2712,21434.78394
2712.1,22405.62439
2712.2,22222.51892
2712.3,22102.35596
2712.4,22071.83838
2712.5,22222.51892
2712.6,21373.74878
2712.7,21495.81909
2712.8,21404.26636
2712.9,21495.81909
2713,21465.30151
2713.1,22344.58923
2713.2,22314.07166
2713.3,22314.07166
2713.4,22314.07166
2713.5,22193.90869
2713.6,21373.74878
2713.7,21373.74878
2713.8,21404.26636
2713.9,21404.26636
2714,21465.30151
2714.1,22344.58923
2714.2,22253.0365
2714.3,22314.07166
2714.4,22222.51892
2714.5,22253.0365
2714.6,21465.30151
2714.7,21495.81909
2714.8,21404.26636
2714.9,21404.26636
2715,21343.2312
2715.1,22253.0365
2715.2,22071.83838
2715.3,22193.90869
2715.4,22253.0365
2715.5,22253.0365
2715.6,21495.81909
2715.7,21404.26636
2715.8,21526.33667
2715.9,21556.85425
2716,21434.78394
2716.1,22405.62439
2716.2,22222.51892
2716.3,22132.87354
2716.4,22193.90869
2716.5,22314.07166
2716.6,21495.81909
2716.7,21434.78394
2716.8,21526.33667
2716.9,21556.85425
2717,21465.30151
2717.1,22314.07166
2717.2,22283.55408
2717.3,22253.0365
2717.4,22314.07166
2717.5,22132.87354
2717.6,21526.33667
2717.7,21556.85425
2717.8,21646.49963
2717.9,21556.85425
2718,21526.33667
2718.1,22344.58923
2718.2,22253.0365
2718.3,22375.10681
2718.4,22375.10681
2718.5,22222.51892
2718.6,21434.78394
2718.7,21495.81909
2718.8,21434.78394
2718.9,21495.81909
2719,21495.81909
2719.1,22405.62439
2719.2,22314.07166
2719.3,22375.10681
2719.4,22344.58923
2719.5,22375.10681
2719.6,21434.78394
2719.7,21404.26636
2719.8,21526.33667
2719.9,21404.26636
2720,21526.33667
2720.1,22405.62439
2720.2,22222.51892
2720.3,22253.0365
2720.4,22222.51892
2720.5,22283.55408
2720.6,21495.81909
2720.7,21495.81909
2720.8,21615.98206
2720.9,21434.78394
2721,21495.81909
2721.1,22436.14197
2721.2,22314.07166
2721.3,22344.58923
2721.4,22344.58923
2721.5,22222.51892
2721.6,21404.26636
2721.7,21373.74878
2721.8,21373.74878
2721.9,21373.74878
2722,21434.78394
2722.1,22253.0365
2722.2,22222.51892
2722.3,22163.39111
2722.4,22102.35596
2722.5,22253.0365
2722.6,21434.78394
2722.7,21404.26636
2722.8,21465.30151
2722.9,21495.81909
2723,21434.78394
2723.1,22375.10681
2723.2,22222.51892
2723.3,22253.0365
2723.4,22132.87354
2723.5,22314.07166
2723.6,21526.33667
2723.7,21556.85425
2723.8,21526.33667
2723.9,21404.26636
2724,21404.26636
2724.1,22132.87354
2724.2,22041.3208
2724.3,22102.35596
2724.4,22041.3208
2724.5,22010.80322
2724.6,21495.81909
2724.7,21585.46448
2724.8,21465.30151
2724.9,21556.85425
2725,21556.85425
2725.1,22222.51892
2725.2,22041.3208
2725.3,22102.35596
2725.4,22041.3208
2725.5,22102.35596
2725.6,21526.33667
2725.7,21646.49963
2725.8,21465.30151
2725.9,21556.85425
2726,21495.81909
2726.1,22163.39111
2726.2,22102.35596
2726.3,22132.87354
2726.4,22102.35596
2726.5,22102.35596
2726.6,21465.30151
2726.7,21465.30151
2726.8,21556.85425
2726.9,21526.33667
2727,21434.78394
2727.1,22102.35596
2727.2,22010.80322
2727.3,22132.87354
2727.4,22132.87354
2727.5,21980.28564
2727.6,21465.30151
2727.7,21434.78394
2727.8,21434.78394
2727.9,21556.85425
2728,21585.46448
2728.1,22041.3208
2728.2,22102.35596
2728.3,21980.28564
2728.4,22132.87354
2728.5,22071.83838
2728.6,21434.78394
2728.7,21495.81909
2728.8,21434.78394
2728.9,21434.78394
2729,21526.33667
2729.1,22132.87354
2729.2,22163.39111
2729.3,22132.87354
2729.4,22163.39111
2729.5,22102.35596
2729.6,21646.49963
2729.7,21526.33667
2729.8,21556.85425
2729.9,21526.33667
2730,21556.85425
2730.1,22222.51892
2730.2,22071.83838
2730.3,22193.90869
2730.4,22102.35596
2730.5,22132.87354
2730.6,21526.33667
2730.7,21556.85425
2730.8,21646.49963
2730.9,21556.85425
2731,21615.98206
2731.1,22253.0365
2731.2,22163.39111
2731.3,22102.35596
2731.4,22163.39111
2731.5,22102.35596
2731.6,21615.98206
2731.7,21615.98206
2731.8,21526.33667
2731.9,21495.81909
2732,21556.85425
2732.1,22193.90869
2732.2,22222.51892
2732.3,22253.0365
2732.4,22163.39111
2732.5,22193.90869
2732.6,21615.98206
2732.7,21556.85425
2732.8,21526.33667
2732.9,21585.46448
2733,21526.33667
2733.1,22253.0365
2733.2,22193.90869
2733.3,22132.87354
2733.4,22222.51892
2733.5,22163.39111
2733.6,21495.81909
2733.7,21646.49963
2733.8,21556.85425
2733.9,21495.81909
2734,21585.46448
2734.1,22102.35596
2734.2,22010.80322
2734.3,22193.90869
2734.4,22132.87354
2734.5,22102.35596
2734.6,21495.81909
2734.7,21495.81909
2734.8,21495.81909
2734.9,21495.81909
2735,21556.85425
2735.1,22132.87354
2735.2,22071.83838
2735.3,22102.35596
2735.4,22010.80322
2735.5,22132.87354
2735.6,21646.49963
2735.7,21526.33667
2735.8,21585.46448
2735.9,21707.53479
2736,21556.85425
2736.1,22132.87354
2736.2,22102.35596
2736.3,22222.51892
2736.4,22193.90869
2736.5,22163.39111
2736.6,21495.81909
2736.7,21526.33667
2736.8,21615.98206
2736.9,21646.49963
2737,21526.33667
2737.1,22132.87354
2737.2,22102.35596
2737.3,22193.90869
2737.4,22071.83838
2737.5,22132.87354
2737.6,21615.98206
2737.7,21495.81909
2737.8,21646.49963
2737.9,21585.46448
2738,21677.01721
2738.1,22163.39111
2738.2,22132.87354
2738.3,22193.90869
2738.4,22193.90869
2738.5,22132.87354
2738.6,21677.01721
2738.7,21585.46448
2738.8,21615.98206
2738.9,21738.05237
2739,21677.01721
2739.1,22253.0365
2739.2,22193.90869
2739.3,22222.51892
2739.4,22314.07166
2739.5,22163.39111
2739.6,21646.49963
2739.7,21646.49963
2739.8,21677.01721
2739.9,21646.49963
2740,21615.98206
2740.1,22253.0365
2740.2,22163.39111
2740.3,22253.0365
2740.4,22222.51892
2740.5,22253.0365
2740.6,21738.05237
2740.7,21615.98206
2740.8,21707.53479
2740.9,21615.98206
2741,21646.49963
2741.1,22314.07166
2741.2,22314.07166
2741.3,22253.0365
2741.4,22314.07166
2741.5,22253.0365
2741.6,21615.98206
2741.7,21738.05237
2741.8,21738.05237
2741.9,21738.05237
2742,21677.01721
2742.1,22253.0365
2742.2,22222.51892
2742.3,22193.90869
2742.4,22163.39111
2742.5,22314.07166
2742.6,21768.56995
2742.7,21768.56995
2742.8,21738.05237
2742.9,21615.98206
2743,21615.98206
2743.1,22314.07166
2743.2,22222.51892
2743.3,22375.10681
2743.4,22253.0365
2743.5,22314.07166
2743.6,21615.98206
2743.7,21677.01721
2743.8,21585.46448
2743.9,21768.56995
2744,21707.53479
2744.1,22253.0365
2744.2,22132.87354
2744.3,22253.0365
2744.4,22253.0365
2744.5,22102.35596
2744.6,21829.6051
2744.7,21768.56995
2744.8,21707.53479
2744.9,21738.05237
2745,21738.05237
2745.1,22283.55408
2745.2,22405.62439
2745.3,22375.10681
2745.4,22253.0365
2745.5,22375.10681
2745.6,21677.01721
2745.7,21585.46448
2745.8,21646.49963
2745.9,21585.46448
2746,21707.53479
2746.1,22283.55408
2746.2,22193.90869
2746.3,22222.51892
2746.4,22102.35596
2746.5,22102.35596
2746.6,21829.6051
2746.7,21768.56995
2746.8,21768.56995
2746.9,21768.56995
2747,21890.64026
2747.1,22405.62439
2747.2,22314.07166
2747.3,22253.0365
2747.4,22253.0365
2747.5,22375.10681
2747.6,21890.64026
2747.7,21738.05237
2747.8,21860.12268
2747.9,21860.12268
2748,21799.08752
2748.1,22314.07166
2748.2,22283.55408
2748.3,22283.55408
2748.4,22314.07166
2748.5,22436.14197
2748.6,21829.6051
2748.7,21738.05237
2748.8,21768.56995
2748.9,21890.64026
2749,21799.08752
2749.1,22344.58923
2749.2,22314.07166
2749.3,22405.62439
2749.4,22375.10681
2749.5,22436.14197
2749.6,21768.56995
2749.7,21919.25049
2749.8,21829.6051
2749.9,21738.05237
2750,21919.25049
2750.1,22466.65955
2750.2,22436.14197
2750.3,22375.10681
2750.4,22436.14197
2750.5,22314.07166
2750.6,21677.01721
2750.7,21768.56995
2750.8,21677.01721
2750.9,21677.01721
2751,21677.01721
2751.1,22283.55408
2751.2,22283.55408
2751.3,22314.07166
2751.4,22163.39111
2751.5,22375.10681
2751.6,21738.05237
2751.7,21677.01721
2751.8,21707.53479
2751.9,21738.05237
2752,21677.01721
2752.1,22283.55408
2752.2,22283.55408
2752.3,22253.0365
2752.4,22253.0365
2752.5,22193.90869
2752.6,21738.05237
2752.7,21707.53479
2752.8,21615.98206
2752.9,21646.49963
2753,21738.05237
2753.1,22283.55408
2753.2,22314.07166
2753.3,22283.55408
2753.4,22163.39111
2753.5,22344.58923
2753.6,21890.64026
2753.7,21768.56995
2753.8,21890.64026
2753.9,21768.56995
2754,21768.56995
2754.1,22405.62439
2754.2,22497.17712
2754.3,22375.10681
2754.4,22405.62439
2754.5,22466.65955
2754.6,21768.56995
2754.7,21738.05237
2754.8,21890.64026
2754.9,21707.53479
2755,21738.05237
2755.1,22314.07166
2755.2,22344.58923
2755.3,22222.51892
2755.4,22283.55408
2755.5,22283.55408
2755.6,21890.64026
2755.7,21799.08752
2755.8,21738.05237
2755.9,21890.64026
2756,21799.08752
2756.1,22405.62439
2756.2,22466.65955
2756.3,22375.10681
2756.4,22375.10681
2756.5,22466.65955
2756.6,21949.76807
2756.7,21799.08752
2756.8,21829.6051
2756.9,21768.56995
2757,21738.05237
2757.1,22344.58923
2757.2,22375.10681
2757.3,22314.07166
2757.4,22283.55408
2757.5,22436.14197
2757.6,21799.08752
2757.7,21860.12268
2757.8,21829.6051
2757.9,21829.6051
2758,21860.12268
2758.1,22556.30493
2758.2,22405.62439
2758.3,22436.14197
2758.4,22466.65955
2758.5,22344.58923
2758.6,21860.12268
2758.7,21829.6051
2758.8,21799.08752
2758.9,21829.6051
2759,21919.25049
2759.1,22466.65955
2759.2,22375.10681
2759.3,22375.10681
2759.4,22466.65955
2759.5,22497.17712
2759.6,21890.64026
2759.7,21829.6051
2759.8,21890.64026
2759.9,21890.64026
2760,21890.64026
2760.1,22556.30493
2760.2,22405.62439
2760.3,22405.62439
2760.4,22436.14197
2760.5,22466.65955
2760.6,21919.25049
2760.7,21829.6051
2760.8,21919.25049
2760.9,21919.25049
2761,21919.25049
2761.1,22466.65955
2761.2,22466.65955
2761.3,22436.14197
2761.4,22466.65955
2761.5,22405.62439
2761.6,21799.08752
2761.7,21799.08752
2761.8,21949.76807
2761.9,21890.64026
2762,21890.64026
2762.1,22405.62439
2762.2,22344.58923
2762.3,22405.62439
2762.4,22344.58923
2762.5,22314.07166
2762.6,21829.6051
2762.7,21860.12268
2762.8,21829.6051
2762.9,21860.12268
2763,21829.6051
2763.1,22344.58923
2763.2,22375.10681
2763.3,22436.14197
2763.4,22497.17712
2763.5,22314.07166
2763.6,21980.28564
2763.7,21829.6051
2763.8,21860.12268
2763.9,21980.28564
2764,21980.28564
2764.1,22375.10681
2764.2,22556.30493
2764.3,22466.65955
2764.4,22405.62439
2764.5,22556.30493
2764.6,21919.25049
2764.7,21829.6051
2764.8,21890.64026
2764.9,21980.28564
2765,21980.28564
2765.1,22466.65955
2765.2,22466.65955
2765.3,22436.14197
2765.4,22497.17712
2765.5,22466.65955
2765.6,21890.64026
2765.7,21919.25049
2765.8,21860.12268
2765.9,21919.25049
2766,21829.6051
2766.1,22375.10681
2766.2,22466.65955
2766.3,22466.65955
2766.4,22436.14197
2766.5,22497.17712
2766.6,22010.80322
2766.7,22010.80322
2766.8,21860.12268
2766.9,21949.76807
2767,22010.80322
2767.1,22617.34009
2767.2,22527.6947
2767.3,22466.65955
2767.4,22556.30493
2767.5,22586.82251
2767.6,21980.28564
2767.7,21980.28564
2767.8,21919.25049
2767.9,21919.25049
2768,22010.80322
2768.1,22497.17712
2768.2,22466.65955
2768.3,22617.34009
2768.4,22556.30493
2768.5,22617.34009
2768.6,22071.83838
2768.7,21890.64026
2768.8,21949.76807
2768.9,21980.28564
2769,21980.28564
2769.1,22497.17712
2769.2,22497.17712
2769.3,22497.17712
2769.4,22527.6947
2769.5,21860.12268
2769.6,21919.25049
2769.7,21919.25049
2769.8,21980.28564
2769.9,21890.64026
2770,23376.46484
2770.1,22497.17712
2770.2,22466.65955
2770.3,22466.65955
2770.4,22556.30493
2770.5,21829.6051
2770.6,21980.28564
2770.7,21980.28564
2770.8,21890.64026
2770.9,21919.25049
2771,23588.18054
2771.1,22466.65955
2771.2,22586.82251
2771.3,22617.34009
2771.4,22617.34009
2771.5,21768.56995
2771.6,22010.80322
2771.7,21949.76807
2771.8,21919.25049
2771.9,21890.64026
2772,23527.14539
2772.1,22466.65955
2772.2,22556.30493
2772.3,22617.34009
2772.4,22586.82251
2772.5,21860.12268
2772.6,21980.28564
2772.7,22071.83838
2772.8,22102.35596
2772.9,22041.3208
2773,23618.69812
2773.1,22617.34009
2773.2,22647.85767
2773.3,22647.85767
2773.4,22556.30493
2773.5,21949.76807
2773.6,22102.35596
2773.7,22071.83838
2773.8,21949.76807
2773.9,22041.3208
2774,23679.73328
2774.1,22708.89282
2774.2,22556.30493
2774.3,22586.82251
2774.4,22647.85767
2774.5,21949.76807
2774.6,22102.35596
2774.7,22102.35596
2774.8,22041.3208
2774.9,22102.35596
2775,23588.18054
2775.1,22586.82251
2775.2,22678.37524
2775.3,22617.34009
2775.4,22586.82251
2775.5,21860.12268
2775.6,22071.83838
2775.7,22132.87354
2775.8,22071.83838
2775.9,21980.28564
2776,23527.14539
2776.1,22586.82251
2776.2,22497.17712
2776.3,22556.30493
2776.4,22617.34009
2776.5,21860.12268
2776.6,22010.80322
2776.7,21890.64026
2776.8,22010.80322
2776.9,21919.25049
2777,23284.91211
2777.1,22617.34009
2777.2,22527.6947
2777.3,22617.34009
2777.4,22556.30493
2777.5,21980.28564
2777.6,22010.80322
2777.7,22071.83838
2777.8,21890.64026
2777.9,21919.25049
2778,23134.23157
2778.1,22527.6947
2778.2,22466.65955
2778.3,22527.6947
2778.4,22527.6947
2778.5,21919.25049
2778.6,21980.28564
2778.7,21980.28564
2778.8,21890.64026
2778.9,21890.64026
2779,23073.19641
2779.1,22586.82251
2779.2,22617.34009
2779.3,22556.30493
2779.4,22617.34009
2779.5,21919.25049
2779.6,22071.83838
2779.7,22071.83838
2779.8,22102.35596
2779.9,22102.35596
2780,23164.74915
2780.1,22617.34009
2780.2,22708.89282
2780.3,22586.82251
2780.4,22586.82251
2780.5,22102.35596
2780.6,22010.80322
2780.7,22010.80322
2780.8,22102.35596
2780.9,22041.3208
2781,23073.19641
2781.1,22586.82251
2781.2,22617.34009
2781.3,22617.34009
2781.4,22678.37524
2781.5,22102.35596
2781.6,22010.80322
2781.7,22041.3208
2781.8,22010.80322
2781.9,22041.3208
2782,23073.19641
2782.1,22497.17712
2782.2,22586.82251
2782.3,22497.17712
2782.4,22647.85767
2782.5,22010.80322
2782.6,22132.87354
2782.7,22132.87354
2782.8,22163.39111
2782.9,22132.87354
2783,22981.64368
2783.1,22617.34009
2783.2,22617.34009
2783.3,22739.4104
2783.4,22739.4104
2783.5,22102.35596
2783.6,22071.83838
2783.7,22041.3208
2783.8,22102.35596
2783.9,22102.35596
2784,23042.67883
2784.1,22678.37524
2784.2,22617.34009
2784.3,22617.34009
2784.4,22617.34009
2784.5,22163.39111
2784.6,22132.87354
2784.7,22163.39111
2784.8,22071.83838
2784.9,22193.90869
2785,22951.1261
2785.1,22708.89282
2785.2,22739.4104
2785.3,22617.34009
2785.4,22617.34009
2785.5,22132.87354
2785.6,22222.51892
2785.7,22102.35596
2785.8,22071.83838
2785.9,22102.35596
2786,22981.64368
2786.1,22617.34009
2786.2,22708.89282
2786.3,22739.4104
2786.4,22708.89282
2786.5,22102.35596
2786.6,22132.87354
2786.7,22041.3208
2786.8,22010.80322
2786.9,22132.87354
2787,22981.64368
2787.1,22678.37524
2787.2,22647.85767
2787.3,22647.85767
2787.4,22708.89282
2787.5,22163.39111
2787.6,22010.80322
2787.7,22010.80322
2787.8,22010.80322
2787.9,22102.35596
2788,22830.96313
2788.1,22739.4104
2788.2,22647.85767
2788.3,22647.85767
2788.4,22708.89282
2788.5,22193.90869
2788.6,22222.51892
2788.7,22253.0365
2788.8,22193.90869
2788.9,22102.35596
2789,22981.64368
2789.1,22647.85767
2789.2,22800.44556
2789.3,22739.4104
2789.4,22769.92798
2789.5,22163.39111
2789.6,22193.90869
2789.7,22163.39111
2789.8,22163.39111
2789.9,22193.90869
2790,22981.64368
2790.1,22830.96313
2790.2,22861.48071
2790.3,22830.96313
2790.4,22769.92798
2790.5,22253.0365
2790.6,22222.51892
2790.7,22102.35596
2790.8,22283.55408
2790.9,22193.90869
2791,22951.1261
2791.1,22739.4104
2791.2,22739.4104
2791.3,22800.44556
2791.4,22830.96313
2791.5,22253.0365
2791.6,22193.90869
2791.7,22314.07166
2791.8,22253.0365
2791.9,22253.0365
2792,23103.71399
2792.1,22861.48071
2792.2,22769.92798
2792.3,22739.4104
2792.4,22739.4104
2792.5,22163.39111
2792.6,22283.55408
2792.7,22314.07166
2792.8,22283.55408
2792.9,22222.51892
2793,23042.67883
2793.1,22739.4104
2793.2,22739.4104
2793.3,22861.48071
2793.4,22739.4104
2793.5,22253.0365
2793.6,22253.0365
2793.7,22314.07166
2793.8,22222.51892
2793.9,22193.90869
2794,22920.60852
2794.1,22769.92798
2794.2,22861.48071
2794.3,22739.4104
2794.4,22769.92798
2794.5,22222.51892
2794.6,22314.07166
2794.7,22344.58923
2794.8,22314.07166
2794.9,22283.55408
2795,22890.09094
2795.1,22920.60852
2795.2,22951.1261
2795.3,22800.44556
2795.4,22890.09094
2795.5,22314.07166
2795.6,22375.10681
2795.7,22253.0365
2795.8,22283.55408
2795.9,22314.07166
2796,23042.67883
2796.1,22861.48071
2796.2,22830.96313
2796.3,22861.48071
2796.4,22830.96313
2796.5,22253.0365
2796.6,22283.55408
2796.7,22344.58923
2796.8,22253.0365
2796.9,22253.0365
2797,22920.60852
2797.1,22861.48071
2797.2,22708.89282
2797.3,22830.96313
2797.4,22800.44556
2797.5,22163.39111
2797.6,22163.39111
2797.7,22222.51892
2797.8,22314.07166
2797.9,22314.07166
2798,22920.60852
2798.1,22861.48071
2798.2,22800.44556
2798.3,22861.48071
2798.4,22739.4104
2798.5,22163.39111
2798.6,22222.51892
2798.7,22222.51892
2798.8,22283.55408
2798.9,22253.0365
2799,22920.60852
2799.1,22800.44556
2799.2,22769.92798
2799.3,22800.44556
2799.4,22769.92798
2799.5,22253.0365
2799.6,22193.90869
2799.7,22193.90869
2799.8,22132.87354
2799.9,22253.0365
2800,22830.96313
2800.1,22739.4104
2800.2,22769.92798
2800.3,22861.48071
2800.4,22830.96313
2800.5,22132.87354
2800.6,22193.90869
2800.7,22222.51892
2800.8,22253.0365
2800.9,22132.87354
2801,22890.09094
2801.1,22861.48071
2801.2,22830.96313
2801.3,22861.48071
2801.4,22708.89282
2801.5,22253.0365
2801.6,22344.58923
2801.7,22283.55408
2801.8,22314.07166
2801.9,22193.90869
2802,22951.1261
2802.1,22861.48071
2802.2,22861.48071
2802.3,22951.1261
2802.4,22920.60852
2802.5,22375.10681
2802.6,22405.62439
2802.7,22283.55408
2802.8,22253.0365
2802.9,22466.65955
2803,23042.67883
2803.1,22890.09094
2803.2,23012.16125
2803.3,23012.16125
2803.4,22890.09094
2803.5,22283.55408
2803.6,22375.10681
2803.7,22314.07166
2803.8,22344.58923
2803.9,22344.58923
2804,23042.67883
2804.1,22830.96313
2804.2,22830.96313
2804.3,22830.96313
2804.4,22890.09094
2804.5,22405.62439
2804.6,22283.55408
2804.7,22375.10681
2804.8,22405.62439
2804.9,22283.55408
2805,22920.60852
2805.1,22769.92798
2805.2,22861.48071
2805.3,22861.48071
2805.4,22890.09094
2805.5,22344.58923
2805.6,22375.10681
2805.7,22375.10681
2805.8,22253.0365
2805.9,22344.58923
2806,22861.48071
2806.1,22800.44556
2806.2,22920.60852
2806.3,22890.09094
2806.4,22830.96313
2806.5,22314.07166
2806.6,22314.07166
2806.7,22283.55408
2806.8,22405.62439
2806.9,22314.07166
2807,22981.64368
2807.1,22981.64368
2807.2,23042.67883
2807.3,22890.09094
2807.4,23042.67883
2807.5,22253.0365
2807.6,22344.58923
2807.7,22314.07166
2807.8,22344.58923
2807.9,22314.07166
2808,22830.96313
2808.1,22830.96313
2808.2,22861.48071
2808.3,22890.09094
2808.4,22890.09094
2808.5,22405.62439
2808.6,22436.14197
2808.7,22314.07166
2808.8,22344.58923
2808.9,22375.10681
2809,22951.1261
2809.1,22951.1261
2809.2,23012.16125
2809.3,22951.1261
2809.4,22920.60852
2809.5,22466.65955
2809.6,22405.62439
2809.7,22283.55408
2809.8,22375.10681
2809.9,22375.10681
2810,22951.1261
2810.1,22981.64368
2810.2,22981.64368
2810.3,22981.64368
2810.4,22890.09094
2810.5,22344.58923
2810.6,22344.58923
2810.7,22405.62439
2810.8,22314.07166
2810.9,22375.10681
2811,22981.64368
2811.1,22890.09094
2811.2,22830.96313
2811.3,22920.60852
2811.4,22830.96313
2811.5,22466.65955
2811.6,22375.10681
2811.7,22466.65955
2811.8,22314.07166
2811.9,22344.58923
2812,22981.64368
2812.1,22951.1261
2812.2,22890.09094
2812.3,22861.48071
2812.4,22890.09094
2812.5,22375.10681
2812.6,22466.65955
2812.7,22375.10681
2812.8,22436.14197
2812.9,22375.10681
2813,23042.67883
2813.1,22951.1261
2813.2,23012.16125
2813.3,23012.16125
2813.4,22951.1261
2813.5,22344.58923
2813.6,22405.62439
2813.7,22466.65955
2813.8,22405.62439
2813.9,22405.62439
2814,23073.19641
2814.1,22920.60852
2814.2,22890.09094
2814.3,22981.64368
2814.4,22981.64368
2814.5,22405.62439
2814.6,22314.07166
2814.7,22436.14197
2814.8,22375.10681
2814.9,22344.58923
2815,22981.64368
2815.1,23042.67883
2815.2,23042.67883
2815.3,22861.48071
2815.4,22951.1261
2815.5,22497.17712
2815.6,22466.65955
2815.7,22405.62439
2815.8,22466.65955
2815.9,22344.58923
2816,22920.60852
2816.1,22890.09094
2816.2,22951.1261
2816.3,23042.67883
2816.4,22951.1261
2816.5,22466.65955
2816.6,22436.14197
2816.7,22436.14197
2816.8,22556.30493
2816.9,22556.30493
2817,23103.71399
2817.1,22951.1261
2817.2,22981.64368
2817.3,23103.71399
2817.4,23103.71399
2817.5,22556.30493
2817.6,22556.30493
2817.7,22436.14197
2817.8,22497.17712
2817.9,22497.17712
2818,23012.16125
2818.1,23134.23157
2818.2,23164.74915
2818.3,23042.67883
2818.4,23134.23157
2818.5,22466.65955
2818.6,22497.17712
2818.7,22436.14197
2818.8,22466.65955
2818.9,22375.10681
2819,23042.67883
2819.1,22981.64368
2819.2,23042.67883
2819.3,22951.1261
2819.4,23012.16125
2819.5,22497.17712
2819.6,22466.65955
2819.7,22436.14197
2819.8,22466.65955
2819.9,22466.65955
2820,23042.67883
2820.1,23042.67883
2820.2,23042.67883
2820.3,23103.71399
2820.4,23042.67883
2820.5,22466.65955
2820.6,22497.17712
2820.7,22375.10681
2820.8,22405.62439
2820.9,22405.62439
2821,22981.64368
2821.1,23073.19641
2821.2,23073.19641
2821.3,22951.1261
2821.4,23042.67883
2821.5,22497.17712
2821.6,22527.6947
2821.7,22556.30493
2821.8,22617.34009
2821.9,22466.65955
2822,23223.87695
2822.1,23134.23157
2822.2,23042.67883
2822.3,22981.64368
2822.4,23073.19641
2822.5,22556.30493
2822.6,22527.6947
2822.7,22497.17712
2822.8,22556.30493
2822.9,22527.6947
2823,23164.74915
2823.1,22981.64368
2823.2,23193.35938
2823.3,23103.71399
2823.4,23134.23157
2823.5,22466.65955
2823.6,22497.17712
2823.7,22405.62439
2823.8,22497.17712
2823.9,22436.14197
2824,23042.67883
2824.1,23103.71399
2824.2,23073.19641
2824.3,23042.67883
2824.4,23073.19641
2824.5,22405.62439
2824.6,22466.65955
2824.7,22497.17712
2824.8,22405.62439
2824.9,22466.65955
2825,23073.19641
2825.1,22981.64368
2825.2,22920.60852
2825.3,22951.1261
2825.4,23012.16125
2825.5,22466.65955
2825.6,22617.34009
2825.7,22556.30493
2825.8,22497.17712
2825.9,22556.30493
2826,23073.19641
2826.1,23193.35938
2826.2,23134.23157
2826.3,23103.71399
2826.4,23012.16125
2826.5,22556.30493
2826.6,22466.65955
2826.7,22466.65955
2826.8,22466.65955
2826.9,22556.30493
2827,23012.16125
2827.1,23073.19641
2827.2,23134.23157
2827.3,23164.74915
2827.4,23103.71399
2827.5,22527.6947
2827.6,22556.30493
2827.7,22586.82251
2827.8,22617.34009
2827.9,22678.37524
2828,23073.19641
2828.1,23134.23157
2828.2,23164.74915
2828.3,23073.19641
2828.4,23073.19641
2828.5,22617.34009
2828.6,22617.34009
2828.7,22556.30493
2828.8,22586.82251
2828.9,22678.37524
2829,23193.35938
2829.1,23073.19641
2829.2,23073.19641
2829.3,23164.74915
2829.4,23164.74915
2829.5,22466.65955
2829.6,22617.34009
2829.7,22586.82251
2829.8,22527.6947
2829.9,22497.17712
2830,23073.19641
2830.1,23103.71399
2830.2,23164.74915
2830.3,23073.19641
2830.4,23164.74915
2830.5,22556.30493
2830.6,22586.82251
2830.7,22497.17712
2830.8,22586.82251
2830.9,22527.6947
2831,23134.23157
2831.1,23103.71399
2831.2,23103.71399
2831.3,23073.19641
2831.4,23164.74915
2831.5,22586.82251
2831.6,22617.34009
2831.7,22556.30493
2831.8,22527.6947
2831.9,22617.34009
2832,23223.87695
2832.1,23193.35938
2832.2,23193.35938
2832.3,23073.19641
2832.4,23103.71399
2832.5,22647.85767
2832.6,22556.30493
2832.7,22617.34009
2832.8,22556.30493
2832.9,22617.34009
2833,23223.87695
2833.1,23134.23157
2833.2,23164.74915
2833.3,23073.19641
2833.4,23223.87695
2833.5,22527.6947
2833.6,22527.6947
2833.7,22617.34009
2833.8,22647.85767
2833.9,22556.30493
2834,23223.87695
2834.1,23073.19641
2834.2,23193.35938
2834.3,23193.35938
2834.4,23073.19641
2834.5,22678.37524
2834.6,22556.30493
2834.7,22617.34009
2834.8,22556.30493
2834.9,22617.34009
2835,23284.91211
2835.1,23223.87695
2835.2,23193.35938
2835.3,23254.39453
2835.4,23073.19641
2835.5,22586.82251
2835.6,22617.34009
2835.7,22556.30493
2835.8,22586.82251
2835.9,22527.6947
2836,23164.74915
2836.1,23042.67883
2836.2,23042.67883
2836.3,23073.19641
2836.4,23134.23157
2836.5,22497.17712
2836.6,22497.17712
2836.7,22586.82251
2836.8,22466.65955
2836.9,22527.6947
2837,23134.23157
2837.1,23223.87695
2837.2,23193.35938
2837.3,23134.23157
2837.4,23042.67883
2837.5,22617.34009
2837.6,22617.34009
2837.7,22617.34009
2837.8,22617.34009
2837.9,22556.30493
2838,23134.23157
2838.1,23134.23157
2838.2,23073.19641
2838.3,23193.35938
2838.4,23073.19641
2838.5,22678.37524
2838.6,22586.82251
2838.7,22586.82251
2838.8,22586.82251
2838.9,22739.4104
2839,23254.39453
2839.1,23193.35938
2839.2,23254.39453
2839.3,23284.91211
2839.4,23345.94727
2839.5,22708.89282
2839.6,22769.92798
2839.7,22647.85767
2839.8,22647.85767
2839.9,22861.48071
2840,23406.98242
2840.1,23315.42969
2840.2,23315.42969
2840.3,23315.42969
2840.4,23254.39453
2840.5,22678.37524
2840.6,22861.48071
2840.7,22678.37524
2840.8,22708.89282
2840.9,22769.92798
2841,23345.94727
2841.1,23254.39453
2841.2,23284.91211
2841.3,23345.94727
2841.4,23376.46484
2841.5,22800.44556
2841.6,22739.4104
2841.7,22739.4104
2841.8,22800.44556
2841.9,22769.92798
2842,23345.94727
2842.1,23406.98242
2842.2,23223.87695
2842.3,23315.42969
2842.4,23345.94727
2842.5,22617.34009
2842.6,22739.4104
2842.7,22708.89282
2842.8,22739.4104
2842.9,22708.89282
2843,23223.87695
2843.1,23345.94727
2843.2,23254.39453
2843.3,23284.91211
2843.4,23193.35938
2843.5,22739.4104
2843.6,22708.89282
2843.7,22739.4104
2843.8,22739.4104
2843.9,22647.85767
2844,23345.94727
2844.1,23193.35938
2844.2,23193.35938
2844.3,23284.91211
2844.4,23223.87695
2844.5,22800.44556
2844.6,22739.4104
2844.7,22800.44556
2844.8,22890.09094
2844.9,22708.89282
2845,23376.46484
2845.1,23345.94727
2845.2,23254.39453
2845.3,23315.42969
2845.4,23254.39453
2845.5,22830.96313
2845.6,22708.89282
2845.7,22800.44556
2845.8,22739.4104
2845.9,22769.92798
2846,23345.94727
2846.1,23284.91211
2846.2,23315.42969
2846.3,23223.87695
2846.4,23315.42969
2846.5,22800.44556
2846.6,22708.89282
2846.7,22617.34009
2846.8,22739.4104
2846.9,22800.44556
2847,23223.87695
2847.1,23223.87695
2847.2,23223.87695
2847.3,23223.87695
2847.4,23284.91211
2847.5,22617.34009
2847.6,22647.85767
2847.7,22647.85767
2847.8,22739.4104
2847.9,22739.4104
2848,23254.39453
2848.1,23193.35938
2848.2,23315.42969
2848.3,23315.42969
2848.4,23284.91211
2848.5,22769.92798
2848.6,22647.85767
2848.7,22617.34009
2848.8,22708.89282
2848.9,22708.89282
2849,23284.91211
2849.1,23193.35938
2849.2,23223.87695
2849.3,23345.94727
2849.4,23223.87695
2849.5,22800.44556
2849.6,22617.34009
2849.7,22617.34009
2849.8,22739.4104
2849.9,22800.44556
2850,23345.94727
2850.1,23223.87695
2850.2,23345.94727
2850.3,23223.87695
2850.4,23284.91211
2850.5,22739.4104
2850.6,22708.89282
2850.7,22647.85767
2850.8,22647.85767
2850.9,22647.85767
2851,23223.87695
2851.1,23284.91211
2851.2,23193.35938
2851.3,23376.46484
2851.4,22647.85767
2851.5,22647.85767
2851.6,22739.4104
2851.7,22647.85767
2851.8,22678.37524
2851.9,24347.3053
2852,23345.94727
2852.1,23164.74915
2852.2,23193.35938
2852.3,23315.42969
2852.4,22617.34009
2852.5,22800.44556
2852.6,22739.4104
2852.7,22739.4104
2852.8,22708.89282
2852.9,24438.85803
2853,23223.87695
2853.1,23284.91211
2853.2,23193.35938
2853.3,23284.91211
2853.4,22617.34009
2853.5,22708.89282
2853.6,22800.44556
2853.7,22739.4104
2853.8,22708.89282
2853.9,24438.85803
2854,23254.39453
2854.1,23437.5
2854.2,23345.94727
2854.3,23345.94727
2854.4,22739.4104
2854.5,22800.44556
2854.6,22678.37524
2854.7,22739.4104
2854.8,22739.4104
2854.9,24286.27014
2855,23345.94727
2855.1,23223.87695
2855.2,23315.42969
2855.3,23406.98242
2855.4,22617.34009
2855.5,22739.4104
2855.6,22800.44556
2855.7,22769.92798
2855.8,22678.37524
2855.9,24408.34045
2856,23254.39453
2856.1,23345.94727
2856.2,23315.42969
2856.3,23376.46484
2856.4,22708.89282
2856.5,22739.4104
2856.6,22800.44556
2856.7,22769.92798
2856.8,22861.48071
2856.9,24347.3053
2857,23315.42969
2857.1,23315.42969
2857.2,23345.94727
2857.3,23345.94727
2857.4,22708.89282
2857.5,22830.96313
2857.6,22830.96313
2857.7,22800.44556
2857.8,22890.09094
2857.9,24316.78772
2858,23345.94727
2858.1,23406.98242
2858.2,23468.01758
2858.3,23315.42969
2858.4,22678.37524
2858.5,22890.09094
2858.6,22861.48071
2858.7,22830.96313
2858.8,22951.1261
2858.9,24347.3053
2859,23557.66296
2859.1,23468.01758
2859.2,23437.5
2859.3,23468.01758
2859.4,22830.96313
2859.5,22951.1261
2859.6,22890.09094
2859.7,22861.48071
2859.8,22890.09094
2859.9,24135.5896
2860,23406.98242
2860.1,23406.98242
2860.2,23406.98242
2860.3,23437.5
2860.4,22800.44556
2860.5,22981.64368
2860.6,22890.09094
2860.7,22951.1261
2860.8,22861.48071
2860.9,24013.51929
2861,23437.5
2861.1,23376.46484
2861.2,23468.01758
2861.3,23527.14539
2861.4,22800.44556
2861.5,22951.1261
2861.6,22861.48071
2861.7,22890.09094
2861.8,22920.60852
2861.9,24013.51929
2862,23437.5
2862.1,23498.53516
2862.2,23498.53516
2862.3,23468.01758
2862.4,22861.48071
2862.5,22951.1261
2862.6,22861.48071
2862.7,22981.64368
2862.8,22861.48071
2862.9,24013.51929
2863,23468.01758
2863.1,23406.98242
2863.2,23468.01758
2863.3,23588.18054
2863.4,22920.60852
2863.5,22800.44556
2863.6,22861.48071
2863.7,22861.48071
2863.8,22920.60852
2863.9,23921.96655
2864,23468.01758
2864.1,23468.01758
2864.2,23437.5
2864.3,23376.46484
2864.4,22800.44556
2864.5,22800.44556
2864.6,22800.44556
2864.7,22830.96313
2864.8,22920.60852
2864.9,23710.25085
2865,23468.01758
2865.1,23315.42969
2865.2,23315.42969
2865.3,23345.94727
2865.4,22769.92798
2865.5,22830.96313
2865.6,22739.4104
2865.7,22800.44556
2865.8,22861.48071
2865.9,23860.9314
2866,23437.5
2866.1,23406.98242
2866.2,23406.98242
2866.3,23406.98242
2866.4,22981.64368
2866.5,22920.60852
2866.6,22890.09094
2866.7,22981.64368
2866.8,22981.64368
2866.9,23740.76843
2867,23468.01758
2867.1,23527.14539
2867.2,23437.5
2867.3,23527.14539
2867.4,22830.96313
2867.5,22890.09094
2867.6,22861.48071
2867.7,22951.1261
2867.8,22830.96313
2867.9,23891.44897
2868,23376.46484
2868.1,23527.14539
2868.2,23437.5
2868.3,23498.53516
2868.4,22920.60852
2868.5,22830.96313
2868.6,22920.60852
2868.7,22861.48071
2868.8,22861.48071
2868.9,23860.9314
2869,23498.53516
2869.1,23468.01758
2869.2,23468.01758
2869.3,23498.53516
2869.4,22830.96313
2869.5,22830.96313
2869.6,22890.09094
2869.7,22890.09094
2869.8,22920.60852
2869.9,23832.32117
2870,23468.01758
2870.1,23437.5
2870.2,23527.14539
2870.3,23345.94727
2870.4,22981.64368
2870.5,23073.19641
2870.6,22951.1261
2870.7,23042.67883
2870.8,23012.16125
2870.9,23921.96655
2871,23588.18054
2871.1,23588.18054
2871.2,23649.2157
2871.3,23649.2157
2871.4,22830.96313
2871.5,22890.09094
2871.6,22951.1261
2871.7,22890.09094
2871.8,22920.60852
2871.9,23832.32117
2872,23468.01758
2872.1,23345.94727
2872.2,23527.14539
2872.3,23376.46484
2872.4,22830.96313
2872.5,22920.60852
2872.6,22981.64368
2872.7,22951.1261
2872.8,22951.1261
2872.9,23679.73328
2873,23376.46484
2873.1,23376.46484
2873.2,23468.01758
2873.3,23345.94727
2873.4,22830.96313
2873.5,22861.48071
2873.6,22830.96313
2873.7,22861.48071
2873.8,22861.48071
2873.9,23710.25085
2874,23437.5
2874.1,23468.01758
2874.2,23437.5
2874.3,23527.14539
2874.4,22890.09094
2874.5,23042.67883
2874.6,23042.67883
2874.7,22890.09094
2874.8,22981.64368
2874.9,23832.32117
2875,23498.53516
2875.1,23437.5
2875.2,23498.53516
2875.3,23498.53516
2875.4,22951.1261
2875.5,22951.1261
2875.6,23073.19641
2875.7,23042.67883
2875.8,23073.19641
2875.9,23891.44897
2876,23588.18054
2876.1,23618.69812
2876.2,23618.69812
2876.3,23588.18054
2876.4,22951.1261
2876.5,22920.60852
2876.6,22951.1261
2876.7,22920.60852
2876.8,22981.64368
2876.9,23649.2157
2877,23468.01758
2877.1,23557.66296
2877.2,23527.14539
2877.3,23468.01758
2877.4,22951.1261
2877.5,22951.1261
2877.6,22981.64368
2877.7,22951.1261
2877.8,22920.60852
2877.9,23679.73328
2878,23557.66296
2878.1,23468.01758
2878.2,23527.14539
2878.3,23468.01758
2878.4,23073.19641
2878.5,23134.23157
2878.6,23164.74915
2878.7,23103.71399
2878.8,23073.19641
2878.9,23832.32117
2879,23649.2157
2879.1,23710.25085
2879.2,23679.73328
2879.3,23832.32117
2879.4,23073.19641
2879.5,22981.64368
2879.6,23073.19641
2879.7,23012.16125
2879.8,22981.64368
2879.9,23710.25085
2880,23588.18054
2880.1,23557.66296
2880.2,23557.66296
2880.3,23437.5
2880.4,23134.23157
2880.5,23012.16125
2880.6,23073.19641
2880.7,23103.71399
2880.8,23103.71399
2880.9,23832.32117
2881,23679.73328
2881.1,23832.32117
2881.2,23618.69812
2881.3,23679.73328
2881.4,23042.67883
2881.5,23042.67883
2881.6,23073.19641
2881.7,23073.19641
2881.8,23012.16125
2881.9,23710.25085
2882,23649.2157
2882.1,23557.66296
2882.2,23588.18054
2882.3,23618.69812
2882.4,22981.64368
2882.5,22981.64368
2882.6,23042.67883
2882.7,23103.71399
2882.8,22981.64368
2882.9,23832.32117
2883,23588.18054
2883.1,23498.53516
2883.2,23527.14539
2883.3,23557.66296
2883.4,23073.19641
2883.5,23042.67883
2883.6,22981.64368
2883.7,23042.67883
2883.8,23012.16125
2883.9,23649.2157
2884,23649.2157
2884.1,23618.69812
2884.2,23588.18054
2884.3,23588.18054
2884.4,22981.64368
2884.5,23073.19641
2884.6,23042.67883
2884.7,23103.71399
2884.8,23042.67883
2884.9,23679.73328
2885,23618.69812
2885.1,23527.14539
2885.2,23588.18054
2885.3,23527.14539
2885.4,23103.71399
2885.5,23073.19641
2885.6,23134.23157
2885.7,23073.19641
2885.8,23164.74915
2885.9,23860.9314
2886,23832.32117
2886.1,23832.32117
2886.2,23710.25085
2886.3,23649.2157
2886.4,23223.87695
2886.5,23134.23157
2886.6,23042.67883
2886.7,23103.71399
2886.8,23073.19641
2886.9,23860.9314
2887,23832.32117
2887.1,23710.25085
2887.2,23679.73328
2887.3,23710.25085
2887.4,23073.19641
2887.5,23073.19641
2887.6,23134.23157
2887.7,23073.19641
2887.8,23134.23157
2887.9,23679.73328
2888,23618.69812
2888.1,23832.32117
2888.2,23832.32117
2888.3,23832.32117
2888.4,23073.19641
2888.5,23073.19641
2888.6,23223.87695
2888.7,23042.67883
2888.8,23073.19641
2888.9,23891.44897
2889,23710.25085
2889.1,23618.69812
2889.2,23710.25085
2889.3,23588.18054
2889.4,23103.71399
2889.5,23103.71399
2889.6,23164.74915
2889.7,23164.74915
2889.8,23134.23157
2889.9,23832.32117
2890,23832.32117
2890.1,23832.32117
2890.2,23679.73328
2890.3,23679.73328
2890.4,23193.35938
2890.5,23134.23157
2890.6,23073.19641
2890.7,23134.23157
2890.8,23134.23157
2890.9,23710.25085
2891,23832.32117
2891.1,23710.25085
2891.2,23679.73328
2891.3,23832.32117
2891.4,23164.74915
2891.5,23254.39453
2891.6,23164.74915
2891.7,23223.87695
2891.8,23254.39453
2891.9,23771.28601
2892,23710.25085
2892.1,23740.76843
2892.2,23891.44897
2892.3,23740.76843
2892.4,23223.87695
2892.5,23254.39453
2892.6,23223.87695
2892.7,23223.87695
2892.8,23134.23157
2892.9,23983.00171
2893,23891.44897
2893.1,23832.32117
2893.2,23710.25085
2893.3,23921.96655
2893.4,23345.94727
2893.5,23284.91211
2893.6,23223.87695
2893.7,23345.94727
2893.8,23223.87695
2893.9,23952.48413
2894,23860.9314
2894.1,23832.32117
2894.2,23832.32117
2894.3,23710.25085
2894.4,23134.23157
2894.5,23193.35938
2894.6,23223.87695
2894.7,23073.19641
2894.8,23284.91211
2894.9,23860.9314
2895,23891.44897
2895.1,23740.76843
2895.2,23740.76843
2895.3,23832.32117
2895.4,23164.74915
2895.5,23134.23157
2895.6,23223.87695
2895.7,23223.87695
2895.8,23193.35938
2895.9,23832.32117
2896,23832.32117
2896.1,23740.76843
2896.2,23832.32117
2896.3,23771.28601
2896.4,23193.35938
2896.5,23103.71399
2896.6,23134.23157
2896.7,23134.23157
2896.8,23223.87695
2896.9,23710.25085
2897,23649.2157
2897.1,23860.9314
2897.2,23710.25085
2897.3,23740.76843
2897.4,23193.35938
2897.5,23345.94727
2897.6,23164.74915
2897.7,23254.39453
2897.8,23193.35938
2897.9,23832.32117
2898,23679.73328
2898.1,23832.32117
2898.2,23860.9314
2898.3,23832.32117
2898.4,23223.87695
2898.5,23223.87695
2898.6,23284.91211
2898.7,23164.74915
2898.8,23223.87695
2898.9,23952.48413
2899,23832.32117
2899.1,23679.73328
2899.2,23832.32117
2899.3,23710.25085
2899.4,23223.87695
2899.5,23193.35938
2899.6,23193.35938
2899.7,23254.39453
2899.8,23193.35938
2899.9,23740.76843
2900,23771.28601
2900.1,23832.32117
2900.2,23832.32117
2900.3,23740.76843
2900.4,23345.94727
2900.5,23345.94727
2900.6,23284.91211
2900.7,23376.46484
2900.8,23254.39453
2900.9,23952.48413
2901,23983.00171
2901.1,23801.80359
2901.2,23983.00171
2901.3,23921.96655
2901.4,23284.91211
2901.5,23284.91211
2901.6,23254.39453
2901.7,23193.35938
2901.8,23254.39453
2901.9,23891.44897
2902,23832.32117
2902.1,23921.96655
2902.2,23710.25085
2902.3,23771.28601
2902.4,23193.35938
2902.5,23345.94727
2902.6,23284.91211
2902.7,23284.91211
2902.8,23193.35938
2902.9,24013.51929
2903,23921.96655
2903.1,23801.80359